Day,Road_Name,Road_Type,Rush_Hour,Vehicle_Count,Average_Speed,Weather,Temperature,Humidity,Visibility,Holiday,Event,Accident_Nearby,Traffic_Level,Future_Traffic
1,5,1,0,297,57,0,27,94,1022,0,3,0,2,0
6,5,1,0,168,70,1,25,68,1503,0,3,0,2,2
0,0,2,1,484,45,2,26,95,1744,0,3,0,3,3
0,0,2,1,539,42,0,20,51,1183,1,2,0,3,3
3,3,0,0,292,63,2,34,47,1196,0,3,0,2,0
4,4,0,0,198,71,2,38,43,1065,0,1,0,2,2
0,5,1,0,207,72,3,21,69,1665,0,3,0,2,2
1,7,1,0,269,69,1,20,71,882,0,3,0,2,0
0,3,0,0,132,78,3,33,95,667,0,3,1,2,2
3,3,0,0,146,74,0,32,86,1272,0,3,0,1,2
5,6,2,0,107,85,2,24,47,1699,0,3,0,1,1
3,0,2,0,127,74,3,31,55,1321,0,3,0,1,1
3,4,0,0,115,75,0,31,61,1727,0,3,0,1,1
5,0,2,0,97,81,2,40,41,694,0,3,0,1,1
2,6,2,1,694,26,0,25,90,1230,0,3,0,3,3
4,7,1,1,633,31,1,28,54,545,0,0,0,3,3
6,4,0,0,295,58,3,39,54,705,0,3,0,2,1
4,0,2,0,121,82,0,35,62,854,0,3,0,1,1
4,7,1,0,282,60,2,28,53,417,0,3,1,0,3
1,0,2,0,212,64,0,20,94,978,0,0,0,2,2
6,2,0,0,283,58,0,40,64,1270,0,3,0,2,2
4,0,2,0,319,61,2,40,49,1077,0,3,1,0,0
6,4,0,1,406,50,1,22,40,325,0,3,0,3,3
1,3,0,0,272,61,2,25,83,1698,1,3,0,2,0
6,4,0,0,273,60,1,27,93,1050,0,3,0,2,2
4,4,0,0,198,76,3,23,71,743,0,3,1,2,2
4,0,2,0,190,69,3,38,64,546,1,3,0,1,2
0,4,0,1,407,50,1,34,92,985,0,3,0,3,3
0,6,2,1,698,18,2,32,73,1730,0,1,0,3,3
2,0,2,1,373,49,1,30,78,1456,1,0,1,3,3
6,0,2,0,293,61,2,36,65,762,1,2,0,0,0
6,2,0,0,341,56,2,34,77,410,0,3,0,0,2
0,1,1,0,232,66,2,37,77,1534,0,3,0,2,2
0,1,1,0,229,67,1,21,85,327,0,3,0,2,2
1,0,2,1,544,39,1,37,95,1129,1,3,0,3,3
2,3,0,0,67,86,3,38,87,1397,0,3,0,1,1
1,7,1,1,660,26,0,38,93,813,1,3,0,3,3
4,2,0,0,137,81,0,23,45,1307,0,3,0,1,2
6,7,1,0,238,64,2,26,94,1079,0,3,0,2,2
5,7,1,0,114,77,2,27,89,1466,1,3,0,2,2
6,0,2,0,322,55,0,39,52,1223,0,1,0,2,2
2,7,1,1,559,30,0,21,51,1387,0,3,0,3,3
5,0,2,0,151,79,2,37,93,1785,0,0,1,0,0
4,7,1,0,274,65,1,27,94,1344,0,3,0,2,0
3,4,0,0,141,79,0,30,83,747,0,2,0,2,2
3,1,1,1,542,35,3,30,56,1247,0,0,0,3,3
5,3,0,0,336,53,0,38,44,1729,0,3,0,2,2
3,5,1,1,516,44,0,40,69,741,0,3,0,3,3
4,1,1,0,219,64,3,40,66,1772,0,0,0,2,2
6,0,2,1,394,50,0,20,60,1304,0,3,0,0,0
3,5,1,0,118,78,2,28,79,1021,0,3,0,2,2
2,5,1,0,100,78,2,39,79,1402,0,3,0,2,2
3,5,1,0,176,74,2,23,92,859,0,3,0,2,2
5,2,0,0,155,71,1,38,74,1648,0,1,0,2,2
3,4,0,1,448,48,3,25,60,1285,0,2,0,3,3
6,2,0,0,192,71,3,21,60,1427,0,3,0,1,1
0,4,0,0,311,64,3,30,47,1332,0,3,0,2,2
5,7,1,0,332,56,0,31,44,1137,0,3,0,2,2
3,6,2,0,114,78,2,38,93,1567,0,3,0,1,1
0,1,1,0,289,64,1,26,83,1096,0,3,1,0,0
2,2,0,0,74,79,1,26,40,912,1,3,0,2,1
4,1,1,0,122,79,2,32,54,466,0,3,0,2,2
2,3,0,0,207,72,2,20,70,815,0,3,0,2,2
4,1,1,1,379,55,3,25,64,1752,0,3,0,0,0
0,5,1,0,218,66,1,27,74,1569,1,3,1,0,0
4,7,1,1,372,51,2,28,40,914,0,0,0,3,3
2,4,0,0,288,62,3,25,59,1488,0,3,0,2,2
3,5,1,0,249,68,0,33,60,1376,0,1,0,2,0
4,3,0,0,186,68,3,33,55,830,0,2,0,2,2
6,5,1,0,334,61,3,33,82,990,0,3,1,0,0
0,5,1,0,266,63,1,36,67,302,0,1,0,0,0
0,5,1,0,303,65,2,34,67,838,0,3,0,0,2
0,2,0,0,343,54,1,32,54,1139,1,3,0,0,0
2,3,0,0,67,79,3,28,50,1673,1,3,0,1,1
4,6,2,0,279,65,3,32,83,1785,0,3,1,2,2
5,7,1,0,333,53,1,26,89,1761,0,1,0,0,0
6,2,0,1,618,26,3,21,51,1552,1,3,0,3,3
3,6,2,0,233,68,0,24,68,1253,1,3,0,2,2
6,7,1,1,516,37,2,39,45,911,0,3,0,3,3
2,0,2,0,275,58,0,35,52,1627,0,1,0,2,2
4,4,0,1,371,56,3,39,85,1171,0,1,0,0,3
0,2,0,0,169,73,2,30,53,1127,0,3,0,2,2
1,5,1,0,75,83,2,21,62,650,0,3,0,2,1
1,7,1,0,277,60,0,29,56,1627,0,0,0,0,0
3,7,1,0,243,70,3,23,68,1065,1,3,0,2,2
5,2,0,0,204,68,3,26,85,818,0,3,0,1,1
0,7,1,0,168,72,0,21,47,1026,0,3,0,2,2
4,4,0,0,310,61,2,29,91,1446,1,3,0,0,2
2,0,2,1,488,45,3,40,56,1439,1,3,0,0,0
0,6,2,0,122,83,3,24,60,516,0,3,0,1,1
0,3,0,0,267,69,2,24,84,471,0,3,0,2,2
0,2,0,0,314,62,2,30,40,958,1,3,0,0,0
5,6,2,1,505,40,2,23,68,353,0,3,1,3,3
1,3,0,0,57,81,3,28,61,648,0,3,0,1,1
0,1,1,0,202,68,0,35,45,1115,0,3,0,2,2
0,5,1,0,251,70,1,38,95,846,0,2,0,0,0
0,1,1,0,240,67,2,29,81,1281,1,1,1,3,3
4,5,1,0,281,63,2,37,95,721,0,3,0,2,0
3,0,2,1,480,40,3,21,57,1234,0,3,0,0,0
4,4,0,1,487,43,2,34,53,1320,0,3,1,3,3
0,4,0,0,292,62,1,40,69,535,0,2,0,0,0
0,2,0,0,106,83,3,25,53,1514,0,3,0,1,1
1,5,1,0,190,68,2,39,79,1082,0,3,0,2,2
2,3,0,0,76,80,1,36,42,1071,0,3,0,1,1
5,2,0,0,184,77,1,25,72,927,0,3,1,0,0
4,3,0,0,263,68,3,22,82,555,0,3,0,2,2
5,0,2,0,108,77,0,30,61,1390,0,3,0,1,1
0,3,0,0,205,74,0,26,79,1238,0,3,0,2,2
3,3,0,0,62,86,2,32,62,1610,0,3,0,1,1
3,1,1,0,154,70,0,27,64,404,0,3,0,2,1
4,3,0,0,270,60,1,33,62,316,0,3,0,2,2
5,5,1,0,320,58,3,26,95,575,1,1,0,0,0
0,0,2,0,188,67,2,27,71,933,1,3,0,2,2
4,7,1,0,139,81,1,23,79,1095,0,3,0,2,2
2,6,2,0,320,61,3,40,48,791,0,3,0,2,2
1,1,1,0,191,75,1,38,40,595,1,3,0,2,2
3,5,1,0,220,72,3,37,41,1550,1,3,0,2,2
2,6,2,1,389,48,1,30,77,1333,1,0,0,3,3
1,7,1,0,280,62,3,37,49,1114,0,1,0,2,2
4,2,0,0,330,59,1,32,82,1763,0,3,0,2,0
3,5,1,0,229,69,3,40,79,1536,0,3,0,2,1
2,0,2,1,389,49,3,25,72,578,0,3,0,0,2
3,0,2,0,75,84,0,24,71,1475,1,0,0,2,2
4,7,1,0,217,73,2,22,93,967,0,3,0,2,2
2,2,0,0,259,65,3,32,63,760,0,3,0,2,2
3,3,0,0,255,68,0,29,81,1447,0,3,0,2,2
3,3,0,0,187,77,2,36,62,668,0,3,0,2,2
5,0,2,0,231,70,2,27,41,640,0,3,0,2,2
1,4,0,0,82,81,2,24,57,314,0,3,0,1,2
2,4,0,0,275,64,3,26,49,1422,0,3,0,2,2
5,4,0,0,261,59,3,27,69,1633,1,3,0,2,2
0,7,1,1,534,38,0,37,65,1591,0,3,0,3,3
4,3,0,0,118,78,3,21,46,1572,0,3,0,1,1
0,6,2,0,309,56,0,22,67,1683,0,3,0,2,2
3,1,1,1,638,29,2,39,49,1749,1,3,0,3,3
5,2,0,0,131,79,3,21,46,555,0,3,0,1,1
6,1,1,0,204,67,2,20,42,441,0,3,0,2,2
3,6,2,0,273,68,2,27,86,591,1,3,0,2,2
6,5,1,1,644,25,1,39,83,867,0,3,0,3,3
2,7,1,0,266,61,0,30,79,896,0,0,0,0,0
0,6,2,0,236,65,0,21,90,893,0,3,0,2,2
4,4,0,0,147,76,1,27,93,989,0,3,0,2,2
2,4,0,1,584,28,3,39,40,1759,0,3,0,3,3
4,6,2,0,283,67,1,34,68,769,0,3,0,2,2
3,0,2,1,378,56,2,26,58,348,1,3,0,0,0
1,5,1,1,567,35,2,37,48,1386,0,0,0,3,3
5,5,1,0,68,82,2,23,87,1728,0,3,1,2,2
1,2,0,0,127,79,2,30,87,851,0,3,0,2,1
4,0,2,0,195,75,0,37,47,1619,0,3,0,1,2
4,7,1,1,669,28,2,21,71,1099,0,3,0,3,3
1,6,2,0,114,78,1,37,62,1281,0,3,0,1,1
2,3,0,0,167,79,2,40,85,1384,1,2,0,2,2
6,0,2,0,131,78,2,36,69,1662,1,3,0,2,2
2,6,2,1,547,35,1,34,43,1527,1,3,0,3,3
4,7,1,0,108,83,3,39,90,408,0,3,0,1,1
2,5,1,1,681,25,0,37,95,554,0,3,0,3,3
5,3,0,0,158,70,1,23,59,597,0,3,0,2,2
6,0,2,0,345,60,2,20,87,1668,0,3,0,2,0
4,7,1,0,91,79,1,23,76,1048,0,3,0,2,2
3,0,2,0,139,80,3,40,64,1212,0,3,1,2,2
1,7,1,0,215,73,1,40,62,848,0,0,0,0,2
5,4,0,0,279,60,2,24,45,1104,0,3,0,2,2
5,6,2,0,214,68,3,35,65,339,0,0,0,2,2
4,2,0,0,141,72,2,25,88,1458,1,3,1,0,2
6,2,0,0,112,79,3,27,51,607,0,3,0,1,1
2,2,0,0,94,78,0,36,65,1337,0,3,0,1,1
1,6,2,0,68,81,2,28,45,1062,0,3,0,1,1
5,1,1,0,119,80,0,32,43,1147,0,3,0,2,2
1,1,1,0,85,77,3,25,69,891,0,3,0,1,1
6,4,0,0,114,81,1,36,46,350,0,3,0,2,2
2,3,0,0,288,60,0,23,83,532,0,3,0,2,2
4,2,0,1,419,47,0,26,71,772,0,3,1,3,3
3,5,1,0,229,64,3,33,89,1082,1,1,0,2,0
4,4,0,0,95,80,2,23,82,693,0,3,0,2,2
1,3,0,0,172,72,0,26,63,505,0,3,0,2,2
1,5,1,1,381,55,2,31,51,1031,0,3,0,3,3
2,5,1,0,349,51,0,31,77,1776,0,3,0,2,2
6,1,1,0,290,66,0,28,41,998,0,0,0,0,0
2,4,0,1,654,23,0,29,67,832,0,3,1,3,3
0,7,1,1,526,39,3,30,46,1305,0,3,0,3,3
5,7,1,0,73,86,3,26,63,1434,0,3,0,1,1
0,7,1,1,561,29,1,22,66,524,0,3,0,3,3
5,5,1,0,245,65,2,21,70,573,0,3,0,2,2
2,7,1,0,60,88,1,24,92,1572,0,3,0,2,1
4,2,0,0,282,57,1,38,89,849,0,3,0,2,2
3,4,0,0,127,73,1,36,68,1648,0,3,0,2,2
2,2,0,0,211,65,2,22,75,1412,0,3,0,2,2
5,2,0,0,60,83,3,32,43,514,0,3,0,1,1
0,7,1,0,124,81,3,20,91,871,0,0,0,2,2
1,6,2,0,153,71,2,36,77,1101,0,0,0,2,2
3,4,0,0,221,64,1,23,40,457,1,3,0,2,2
1,0,2,1,511,36,2,29,68,1227,0,3,0,3,3
0,6,2,0,50,80,0,37,63,1243,0,0,0,1,1
2,7,1,0,289,66,0,30,49,830,0,1,0,0,0
4,2,0,0,53,87,3,20,44,1559,1,3,0,1,1
5,6,2,1,479,38,1,28,40,532,0,3,0,3,3
5,6,2,1,367,57,1,26,58,535,0,3,0,0,0
0,7,1,1,442,44,3,39,64,375,0,3,0,0,0
4,2,0,0,346,60,2,20,72,1624,0,3,0,0,0
0,2,0,0,54,83,2,36,90,380,0,3,0,1,1
5,5,1,0,149,77,2,35,45,1644,0,3,0,2,2
3,6,2,0,162,69,0,31,61,466,0,3,0,1,1
2,2,0,0,177,78,2,36,45,348,0,3,0,2,2
6,4,0,0,128,78,0,20,47,1641,0,3,0,1,1
5,0,2,0,123,80,3,34,71,1659,0,0,0,1,1
0,1,1,0,241,63,3,34,90,1705,0,3,0,2,2
0,5,1,1,700,20,3,36,48,470,1,3,0,3,3
2,0,2,1,369,56,3,33,44,1717,0,3,0,0,0
1,1,1,0,166,75,1,22,67,375,0,3,0,2,2
1,0,2,1,602,29,0,24,53,981,0,3,1,3,3
3,3,0,0,142,71,1,30,69,1138,1,3,0,2,1
3,6,2,0,85,80,2,32,58,1208,0,0,0,2,2
6,4,0,1,400,54,1,26,40,1112,0,2,0,3,3
3,3,0,0,115,79,3,35,89,536,0,3,0,1,1
6,5,1,0,287,62,3,21,68,386,0,3,0,2,2
3,2,0,0,136,80,3,32,68,847,1,3,0,1,2
1,7,1,0,106,83,3,39,47,1022,0,3,0,1,2
2,3,0,1,356,57,1,38,69,1342,0,3,0,0,0
3,7,1,1,636,31,3,31,61,474,1,2,0,3,3
5,1,1,0,254,65,2,30,46,1784,0,0,0,0,0
0,4,0,0,138,81,0,36,47,1423,0,0,0,2,2
1,4,0,0,294,58,1,39,85,684,0,3,0,2,0
5,4,0,0,114,84,0,21,58,1312,0,3,1,2,2
4,3,0,0,153,80,3,20,43,777,0,0,0,2,1
2,3,0,1,511,42,3,20,77,1070,0,3,0,3,0
2,6,2,0,330,55,1,38,47,1670,0,3,0,2,2
4,7,1,0,342,56,0,37,49,1716,0,3,0,2,2
4,3,0,0,276,62,1,23,73,1186,0,3,0,2,2
2,7,1,0,199,74,1,40,82,924,0,3,0,2,2
2,3,0,0,120,83,3,39,53,1228,0,3,0,1,1
1,1,1,0,51,85,0,21,88,1200,0,3,0,1,1
0,0,2,0,256,65,0,33,78,445,1,3,1,0,0
3,4,0,1,495,36,2,37,81,1168,0,3,0,3,3
4,3,0,1,587,33,1,20,55,774,0,3,0,3,3
1,5,1,0,261,66,3,33,79,1428,0,3,0,2,2
3,4,0,1,380,50,1,20,82,308,1,0,0,3,3
2,3,0,0,304,60,2,35,82,1140,0,3,0,2,2
3,7,1,0,262,68,3,21,49,1104,0,3,1,0,0
2,2,0,0,103,79,0,36,65,822,0,3,0,1,1
1,2,0,0,183,75,1,31,94,1096,1,3,0,2,2
5,4,0,0,64,86,1,21,53,924,0,2,0,2,1
0,4,0,1,582,31,2,32,80,824,0,3,0,3,3
1,0,2,0,307,64,0,33,82,926,0,2,0,2,2
4,5,1,0,173,68,3,29,92,1258,0,3,0,2,2
2,5,1,0,316,64,2,33,92,921,0,3,0,0,0
5,7,1,0,233,72,2,23,85,331,0,3,0,2,2
0,2,0,0,83,84,3,36,79,692,0,3,0,1,1
4,2,0,0,125,79,3,32,74,1183,0,3,0,1,1
5,5,1,0,190,72,2,34,64,700,0,3,0,2,2
3,7,1,0,197,76,0,21,45,509,0,3,0,2,2
1,5,1,0,344,52,2,23,89,1018,0,3,0,0,0
3,1,1,1,383,53,1,31,83,829,1,0,0,3,3
5,0,2,0,93,81,1,30,61,1347,1,3,1,2,2
3,6,2,0,313,58,3,21,95,934,0,3,0,2,2
2,0,2,0,88,87,3,38,41,1395,0,3,0,1,1
4,4,0,1,541,34,0,23,42,461,0,3,0,3,3
4,1,1,0,345,51,3,29,64,1778,0,3,0,2,2
6,1,1,0,247,61,0,20,90,1408,0,3,0,2,2
1,6,2,1,526,35,3,31,65,1689,0,3,0,0,0
2,4,0,1,560,29,1,32,58,1193,0,3,0,3,3
5,4,0,0,94,85,2,30,44,621,0,0,0,2,2
4,3,0,0,286,67,0,37,70,1343,0,3,0,2,2
3,2,0,0,143,81,3,21,63,1303,0,3,0,1,1
0,1,1,0,169,77,2,30,41,1457,1,2,0,0,0
0,0,2,0,291,63,0,33,62,1591,0,3,0,2,2
4,1,1,0,295,64,0,29,92,1027,0,3,0,2,2
2,5,1,0,283,61,2,26,40,469,0,3,0,2,2
1,0,2,0,163,74,2,26,50,1030,0,3,0,2,2
4,3,0,0,279,64,3,23,76,327,0,1,0,2,2
4,4,0,0,74,88,2,35,81,344,0,2,0,2,2
5,3,0,0,140,81,2,35,57,1488,0,3,0,2,2
1,3,0,1,355,50,3,37,50,898,0,3,0,0,0
5,1,1,1,453,47,0,38,83,963,0,3,0,3,0
1,3,0,0,158,79,2,21,46,1212,0,3,0,2,2
5,5,1,0,206,68,2,33,64,529,0,3,0,2,2
5,6,2,1,622,23,1,36,69,1320,0,3,0,3,3
0,2,0,0,282,64,1,20,66,992,1,3,0,2,2
3,5,1,0,59,87,0,23,94,731,0,3,1,2,2
3,3,0,0,167,78,0,31,46,1551,0,3,0,2,1
0,0,2,1,633,26,2,35,62,453,0,3,0,3,3
1,7,1,0,275,62,0,27,60,1344,0,3,1,0,0
5,2,0,0,50,80,3,21,70,1093,0,3,0,1,1
0,6,2,0,200,73,1,36,86,749,0,3,0,2,2
0,1,1,1,392,55,0,38,73,580,0,3,0,0,0
0,5,1,0,225,71,1,27,73,1785,0,3,0,2,2
3,3,0,0,328,54,0,28,79,315,0,3,0,2,2
6,7,1,0,161,77,3,22,92,1087,0,3,0,2,2
3,7,1,0,154,70,3,21,63,1139,0,3,0,1,2
5,0,2,0,197,66,2,25,69,785,0,3,1,2,2
2,6,2,0,124,77,1,23,51,1732,1,3,0,2,2
0,3,0,0,290,64,0,28,62,1358,0,3,0,2,2
1,4,0,0,243,67,2,37,52,805,0,3,0,2,2
0,7,1,0,228,67,0,40,58,440,0,3,0,2,2
0,1,1,0,235,64,3,32,63,335,0,2,0,2,2
2,6,2,1,482,44,0,24,60,1390,0,3,0,0,0
4,6,2,1,595,32,3,32,73,872,0,3,1,3,3
5,4,0,0,185,75,3,23,88,948,0,3,0,1,1
4,7,1,0,204,65,0,21,75,1432,0,3,0,2,2
4,7,1,1,572,34,0,28,88,357,0,3,0,3,3
2,0,2,0,77,88,0,29,47,1535,1,3,0,1,1
6,1,1,0,79,86,1,38,87,1115,0,3,0,2,2
3,4,0,0,51,80,0,26,75,755,0,3,0,1,1
4,0,2,1,567,36,1,21,87,595,1,3,0,3,3
5,3,0,0,267,64,1,34,45,486,0,2,0,0,2
0,1,1,1,594,28,0,20,56,658,0,3,0,3,3
6,6,2,0,270,58,2,20,72,695,0,3,0,2,2
6,6,2,0,218,64,2,21,43,824,0,3,0,2,2
3,0,2,0,251,69,0,22,53,1113,0,3,0,2,2
5,4,0,1,432,45,0,38,82,757,0,3,0,0,0
2,2,0,0,161,69,0,38,71,1004,0,3,0,2,1
3,6,2,0,273,66,3,22,87,410,0,2,0,2,2
1,1,1,0,301,61,2,39,88,612,1,3,0,0,0
2,5,1,1,439,48,3,23,71,416,0,3,0,0,0
4,2,0,0,136,82,0,37,77,1719,0,3,0,1,2
6,5,1,0,265,62,0,33,93,1205,1,0,0,0,0
1,4,0,1,466,46,1,39,48,652,0,3,0,3,3
2,5,1,0,262,65,3,27,85,603,0,3,0,2,2
5,3,0,0,226,68,1,20,43,667,1,1,0,0,0
1,2,0,0,201,71,0,28,58,661,1,3,0,2,2
1,6,2,0,306,57,3,21,93,1472,1,3,0,2,2
6,5,1,0,311,64,3,38,62,1652,0,3,0,2,2
4,3,0,0,98,80,1,20,73,1381,1,3,0,2,2
2,3,0,0,215,71,3,39,88,1151,0,3,0,2,1
0,5,1,0,225,72,2,20,50,1209,0,3,0,2,2
2,0,2,0,90,81,3,23,59,1224,0,3,0,1,1
0,1,1,0,301,57,3,25,77,1140,1,3,0,2,0
6,4,0,1,594,27,3,29,58,1419,0,1,0,3,3
0,0,2,0,323,61,3,38,80,1202,0,3,0,2,2
4,2,0,0,108,85,0,26,40,1473,1,0,0,2,2
2,7,1,0,350,60,2,28,80,601,0,3,0,0,0
6,5,1,0,226,65,1,34,83,1184,1,3,0,2,2
0,1,1,0,238,68,3,35,84,774,1,3,0,2,2
4,6,2,0,186,72,0,29,46,1193,1,3,0,2,2
6,2,0,0,159,76,1,40,70,1538,0,3,0,2,2
5,5,1,1,579,37,1,24,73,953,0,3,0,3,3
6,3,0,0,147,72,1,37,58,991,0,3,0,2,2
5,6,2,0,251,61,2,40,73,334,0,3,0,2,2
6,0,2,1,558,37,1,33,61,1781,0,1,0,3,3
2,5,1,0,236,67,2,40,84,695,1,3,0,0,0
1,4,0,1,474,40,1,27,95,1087,1,3,0,3,3
4,0,2,0,332,53,2,21,88,407,0,3,0,2,2
0,1,1,0,261,60,0,39,89,965,1,0,1,0,0
0,4,0,0,199,71,0,25,84,485,0,3,0,2,2
5,5,1,0,157,71,1,28,41,1244,1,3,0,2,2
6,7,1,0,66,88,0,33,79,1601,0,3,0,1,1
4,4,0,0,110,76,3,32,59,1616,0,3,0,1,1
2,1,1,0,60,80,1,37,55,1309,0,1,0,2,2
1,3,0,0,179,72,1,40,42,699,0,3,0,2,2
2,5,1,0,117,78,3,25,56,915,0,3,0,1,1
5,3,0,0,114,76,0,21,82,1116,0,3,0,1,2
2,1,1,0,56,81,3,21,56,804,0,3,0,1,1
3,6,2,1,506,41,0,30,70,1596,0,3,0,3,0
5,5,1,0,65,80,0,35,57,811,0,3,0,1,1
1,6,2,0,245,71,1,30,66,1560,0,3,0,2,2
4,3,0,0,72,83,1,40,79,1104,0,3,0,1,2
4,6,2,0,263,66,2,37,67,864,0,3,0,2,2
5,6,2,0,145,77,3,33,77,484,0,3,0,1,1
3,6,2,0,279,66,3,39,75,1682,0,3,0,2,2
5,7,1,1,674,25,1,35,68,664,1,2,0,3,3
4,0,2,0,220,69,1,25,53,346,0,1,0,2,2
5,4,0,0,232,69,3,38,85,1741,0,3,0,2,2
5,3,0,0,87,87,2,36,72,1397,1,3,0,2,1
2,6,2,0,310,63,2,24,72,1278,1,3,0,2,0
3,1,1,0,149,81,3,39,78,1274,0,2,0,2,2
5,7,1,0,229,68,0,30,48,1272,0,3,0,2,2
1,5,1,1,585,28,3,27,83,415,0,1,0,3,3
1,7,1,0,350,59,3,31,45,971,0,3,0,2,2
0,5,1,0,184,74,3,28,93,1012,0,3,0,2,1
5,6,2,1,647,24,1,34,59,1123,0,1,0,3,3
0,6,2,0,138,79,3,37,67,1001,0,1,0,1,2
6,5,1,0,229,65,2,40,75,653,1,3,0,2,2
6,7,1,0,280,64,2,26,87,317,1,0,0,0,0
6,6,2,1,660,27,3,24,50,1530,0,3,0,3,3
3,2,0,0,274,68,3,28,61,369,0,3,0,2,1
3,5,1,0,330,56,2,39,48,1508,0,3,0,0,2
5,2,0,1,405,51,1,23,64,1219,0,3,0,3,3
1,4,0,0,215,64,1,29,85,1401,0,3,1,0,0
1,5,1,0,55,83,2,23,77,1309,0,3,0,2,2
4,2,0,1,570,35,1,21,80,772,0,3,0,3,3
3,7,1,0,347,56,0,35,45,645,0,3,0,2,0
1,2,0,1,577,29,3,20,79,1275,0,3,0,3,3
6,2,0,0,250,68,0,37,58,851,1,3,0,2,2
1,5,1,0,76,81,0,28,41,1544,0,1,0,2,2
0,2,0,0,167,77,2,34,75,1593,0,3,0,2,2
2,3,0,0,201,75,3,32,89,1601,0,3,0,1,2
3,1,1,1,545,41,3,39,62,465,0,3,0,3,3
4,6,2,0,244,68,0,27,91,790,1,3,1,0,2
3,1,1,0,274,67,1,27,55,959,0,3,0,2,2
5,6,2,1,425,48,3,28,50,1747,1,0,0,3,3
3,2,0,0,306,62,3,31,43,909,0,1,0,2,2
4,4,0,0,169,70,3,34,89,793,0,3,0,1,1
0,2,0,1,377,51,3,26,64,371,1,3,0,0,0
2,5,1,0,134,79,1,29,80,1527,0,2,0,2,2
3,6,2,0,188,76,1,37,79,1468,1,3,0,2,2
6,6,2,0,148,76,0,31,66,1706,0,3,0,1,1
1,3,0,0,196,67,0,25,73,559,0,1,0,2,2
0,1,1,0,151,73,1,23,94,387,0,3,0,2,2
2,3,0,1,519,40,3,21,43,1756,1,3,0,3,3
3,6,2,1,435,43,3,29,94,544,0,3,0,0,0
6,5,1,1,487,42,0,36,69,633,0,1,1,3,3
0,1,1,0,125,79,2,30,78,1694,0,1,0,2,2
5,6,2,0,168,73,1,34,94,514,1,3,1,2,2
0,5,1,0,63,87,3,35,78,1753,0,1,0,2,2
4,0,2,0,291,56,0,25,76,851,0,3,0,2,1
3,6,2,0,311,56,3,24,70,834,0,1,0,2,2
3,2,0,0,92,84,3,22,76,1798,0,3,0,1,1
1,6,2,0,217,69,3,28,40,1219,0,3,0,1,1
6,3,0,0,170,69,2,23,72,541,1,3,1,0,0
2,2,0,1,366,56,0,36,82,1528,0,3,0,0,0
3,7,1,0,91,86,1,29,76,958,0,2,0,2,2
2,2,0,0,332,59,3,23,73,368,0,3,0,2,2
0,3,0,0,152,71,1,24,88,1043,0,3,0,2,2
0,2,0,0,244,61,1,23,91,356,0,1,0,2,0
3,0,2,0,303,57,1,22,92,597,0,3,0,2,2
0,3,0,0,347,53,3,33,55,1745,0,3,0,2,2
2,0,2,0,98,82,3,24,90,873,0,3,0,1,1
4,2,0,1,452,48,1,25,50,1343,0,3,0,3,3
5,7,1,0,207,71,3,22,92,363,0,3,0,2,2
3,7,1,0,322,62,3,20,41,1230,0,3,0,2,2
1,7,1,0,349,55,0,29,95,410,0,3,0,2,0
6,5,1,0,74,87,3,30,82,1587,0,3,0,1,1
5,6,2,1,635,22,2,31,59,745,0,1,0,3,3
6,5,1,0,322,55,0,38,46,1366,0,3,0,2,2
0,0,2,0,270,68,0,22,57,338,1,1,0,2,0
4,2,0,0,181,70,0,32,86,1402,1,3,0,2,1
2,4,0,0,301,57,0,26,52,735,0,3,0,2,2
0,7,1,1,435,48,3,35,89,1198,0,3,0,0,0
3,2,0,1,536,36,0,27,79,1530,1,3,0,3,3
3,1,1,0,139,82,0,22,52,380,0,3,0,2,1
4,3,0,0,109,78,0,29,64,1346,0,3,0,1,1
4,6,2,0,302,65,2,38,45,1321,0,3,1,0,0
1,1,1,0,93,83,0,40,57,640,0,2,0,2,2
2,4,0,0,63,79,0,30,88,1378,1,3,0,1,1
0,0,2,1,535,39,2,22,75,737,0,3,0,3,3
4,7,1,0,228,68,0,36,43,1752,1,3,0,2,2
5,3,0,0,107,75,3,27,85,1680,0,3,0,1,1
1,1,1,0,120,79,0,40,72,576,0,1,1,0,0
6,6,2,1,391,53,3,28,61,615,0,3,0,0,0
0,5,1,0,60,81,1,23,42,1200,0,3,0,2,1
6,3,0,0,188,73,1,25,61,770,1,3,0,2,2
0,6,2,0,324,54,2,26,88,889,0,3,0,2,2
4,6,2,0,68,81,1,35,64,606,0,3,0,1,1
6,0,2,0,203,66,1,20,85,330,0,3,0,2,2
4,5,1,1,483,41,3,22,54,1553,1,0,0,3,3
3,7,1,0,235,69,3,37,90,1295,0,3,0,2,2
6,5,1,1,667,20,3,21,86,1344,0,3,0,3,3
6,4,0,0,103,85,0,28,95,879,0,3,1,2,2
6,1,1,0,286,58,3,32,52,1266,0,1,0,2,0
0,3,0,1,583,37,3,40,79,949,0,3,0,3,3
2,1,1,0,169,79,3,27,40,1238,0,3,0,2,2
3,5,1,0,197,69,3,24,66,1334,0,3,0,2,1
3,4,0,0,185,67,1,29,84,874,0,3,0,2,1
6,1,1,0,169,69,1,20,44,1458,0,3,0,2,2
4,7,1,0,211,73,2,31,43,1329,0,1,0,0,2
6,4,0,1,527,42,1,26,87,942,0,3,0,3,3
3,2,0,0,83,82,1,36,68,1529,0,3,0,1,1
4,7,1,0,242,64,0,21,50,857,1,3,0,2,2
5,5,1,0,305,63,2,29,42,791,1,3,0,0,2
5,7,1,0,92,78,3,33,72,1048,0,3,0,1,1
4,1,1,0,295,64,0,27,54,1033,0,3,0,2,2
3,0,2,0,51,80,2,30,49,1188,0,3,1,2,2
3,2,0,1,449,47,1,23,71,931,0,3,0,3,3
3,6,2,0,198,71,3,40,51,1419,0,3,0,1,1
3,0,2,0,126,74,2,30,77,1764,1,3,0,2,2
5,4,0,0,85,79,1,37,40,676,0,3,0,1,2
2,3,0,0,336,56,2,22,87,331,1,3,0,0,0
5,0,2,0,91,83,0,36,60,1704,1,3,0,1,1
1,7,1,0,321,57,3,32,71,413,0,2,0,0,0
0,7,1,0,144,76,3,35,83,888,0,3,1,2,2
4,5,1,0,348,54,0,23,79,546,0,1,0,0,0
3,7,1,0,222,69,0,22,91,1156,1,3,0,2,2
6,3,0,0,330,61,3,20,80,644,0,3,0,2,2
6,7,1,0,172,71,0,24,79,1089,0,3,0,2,1
4,1,1,1,534,41,0,22,67,1707,0,0,0,3,3
2,5,1,0,234,62,1,30,51,1130,0,3,0,2,2
0,0,2,1,393,51,0,20,45,1504,1,3,0,0,0
5,5,1,0,179,74,0,23,80,465,0,3,0,2,2
1,4,0,0,291,59,3,27,88,1609,0,3,0,2,2
6,2,0,0,159,73,1,21,44,1329,0,3,0,2,2
3,4,0,0,338,62,0,26,72,1300,0,3,0,2,0
2,0,2,0,279,60,2,38,44,823,0,3,0,2,2
1,6,2,0,331,62,2,25,64,1699,0,3,0,2,2
0,7,1,1,553,30,3,29,74,481,0,0,0,3,3
4,4,0,0,96,79,1,28,61,893,0,3,0,1,2
0,4,0,1,494,44,1,20,88,701,1,3,0,3,3
6,3,0,0,248,71,0,28,63,667,0,2,0,2,2
3,6,2,0,305,61,1,39,71,1593,0,3,0,2,2
3,1,1,0,134,76,1,37,84,1620,0,3,0,2,2
1,1,1,0,98,84,3,37,64,1317,0,2,0,2,1
3,3,0,0,226,73,0,28,58,921,0,0,0,2,2
4,7,1,0,283,57,2,22,69,1474,0,3,0,2,0
1,2,0,0,122,81,3,20,58,357,0,3,0,1,1
2,2,0,0,179,68,0,34,43,422,0,3,0,2,1
6,3,0,1,610,25,1,36,54,661,0,3,0,3,3
6,2,0,1,611,26,1,23,73,410,0,3,0,3,3
3,0,2,1,609,34,3,29,41,1450,0,3,0,3,3
5,4,0,0,195,66,2,32,48,1429,0,3,0,2,2
6,4,0,0,282,58,1,39,54,1553,0,1,0,0,2
0,0,2,1,419,50,1,20,62,978,0,3,1,3,3
1,4,0,1,660,24,2,35,53,1425,0,3,1,3,3
1,5,1,0,174,74,0,30,55,751,1,1,0,2,2
4,3,0,0,110,76,1,40,49,515,0,3,0,2,2
6,3,0,1,642,23,1,33,58,1188,0,3,0,3,3
5,5,1,1,409,52,2,39,54,1688,0,3,0,3,3
6,1,1,0,141,73,3,29,47,332,0,0,0,2,2
2,5,1,0,296,62,0,24,81,792,1,3,0,2,2
6,7,1,0,71,88,1,32,78,1224,0,3,0,2,1
2,4,0,0,227,72,3,36,95,1797,1,1,0,2,2
3,6,2,0,243,66,0,24,78,1371,0,3,0,2,1
6,6,2,1,630,30,0,38,73,1633,0,3,0,3,3
0,1,1,1,530,42,0,34,58,852,1,3,0,3,3
3,2,0,0,161,79,0,30,91,1249,0,3,0,2,1
6,5,1,0,326,58,2,33,73,1556,0,0,0,0,0
5,3,0,0,332,57,3,33,85,348,0,3,0,2,2
5,7,1,0,157,79,1,40,57,463,0,3,0,2,2
4,1,1,0,201,71,1,39,53,1551,0,2,0,2,0
3,5,1,0,303,64,0,24,80,821,0,3,0,2,2
0,1,1,0,88,80,1,25,83,1278,0,3,0,2,2
2,4,0,0,160,78,2,36,81,450,0,3,0,2,2
0,6,2,0,116,74,1,34,87,617,0,3,0,1,1
6,4,0,0,258,67,0,29,42,1627,0,3,0,2,2
1,6,2,0,112,75,0,27,67,1623,0,3,0,1,1
0,3,0,0,143,72,3,31,46,783,0,3,0,1,1
6,0,2,0,96,77,2,28,44,1601,0,3,0,1,1
5,0,2,1,383,50,2,34,42,680,0,3,1,3,3
1,0,2,0,68,86,0,30,47,805,0,3,0,1,1
3,6,2,0,126,76,0,25,56,907,1,1,0,2,2
0,7,1,0,227,73,0,34,48,821,0,3,0,2,2
6,6,2,0,123,77,2,31,45,828,0,3,0,1,2
5,1,1,0,313,64,2,32,76,1548,0,3,0,0,0
0,0,2,1,612,30,3,24,60,765,0,3,0,3,3
0,1,1,0,120,75,3,22,43,789,0,3,0,1,1
5,1,1,1,372,52,1,34,46,342,0,3,0,3,0
6,2,0,0,57,89,3,38,70,795,1,3,0,1,2
5,3,0,0,152,75,1,38,46,1575,1,3,0,2,2
6,7,1,0,121,75,0,24,73,1371,0,2,0,2,2
3,3,0,0,325,62,3,40,75,1310,0,1,0,2,0
0,5,1,0,205,74,3,27,47,554,1,3,0,2,2
2,3,0,1,698,18,0,23,79,474,0,3,0,3,3
2,1,1,0,192,68,2,24,89,1113,0,3,1,0,0
2,7,1,0,77,78,2,23,68,734,0,3,0,2,2
4,6,2,1,579,34,2,21,73,1778,0,3,0,3,3
6,6,2,1,386,50,2,33,42,1488,0,1,0,3,3
2,0,2,0,277,68,2,39,84,361,0,3,0,2,2
0,0,2,0,118,78,3,24,46,1082,0,3,0,1,1
2,7,1,0,64,83,0,20,76,785,0,3,0,1,1
5,1,1,0,87,79,2,30,56,1200,0,3,0,2,1
2,5,1,0,333,53,0,21,49,418,0,3,0,2,0
2,4,0,0,273,63,1,22,78,593,1,3,0,2,2
5,5,1,0,252,67,0,40,47,640,1,3,0,2,0
2,7,1,0,63,85,0,33,59,1164,0,3,0,1,1
5,2,0,0,181,73,1,38,59,547,0,0,0,2,2
0,5,1,0,341,54,2,24,75,356,0,3,0,0,0
4,5,1,0,60,84,3,27,47,1464,0,1,0,2,2
3,6,2,0,106,83,0,37,83,920,1,3,0,1,2
1,3,0,0,118,74,0,32,82,1174,0,3,0,1,2
4,7,1,0,234,68,0,36,81,918,0,3,0,2,2
0,0,2,0,193,68,0,40,75,347,0,3,0,1,2
3,5,1,0,268,68,3,37,74,1309,0,3,0,2,2
2,2,0,1,537,36,3,38,91,1324,0,3,0,3,0
2,0,2,0,208,71,2,24,51,985,1,2,0,2,0
1,2,0,0,239,68,1,34,56,749,0,3,0,2,2
0,4,0,1,619,29,3,31,77,1389,0,3,0,3,3
3,2,0,0,307,60,2,28,71,1270,0,3,0,2,2
4,1,1,0,323,53,2,36,71,1022,0,3,0,0,2
3,2,0,1,443,45,2,31,92,1479,0,3,0,3,3
1,1,1,0,194,72,1,39,89,1473,0,3,0,2,2
1,3,0,1,605,31,2,25,91,1586,0,3,0,3,3
4,6,2,0,291,56,0,30,54,892,0,2,0,2,2
6,3,0,1,421,52,0,34,75,656,0,3,0,0,0
4,5,1,0,231,64,1,34,93,1743,1,2,0,0,0
1,5,1,0,241,67,1,24,70,515,0,3,0,2,2
5,7,1,0,304,56,0,32,85,311,0,3,0,2,2
2,7,1,0,59,89,0,25,86,1530,0,0,0,2,2
4,6,2,0,226,69,3,27,61,1038,0,3,0,1,2
1,4,0,0,247,62,2,28,43,638,0,3,1,0,0
6,6,2,0,240,66,2,29,55,1620,0,3,0,2,2
0,2,0,0,210,70,1,24,61,946,0,3,0,2,2
0,2,0,0,247,69,2,30,68,1328,0,3,0,2,0
3,7,1,0,278,60,3,36,70,716,0,3,0,2,2
2,1,1,0,227,68,2,26,60,1467,0,0,0,0,0
4,0,2,1,524,41,3,25,46,1128,1,3,0,3,0
5,3,0,0,129,82,0,33,93,354,0,3,0,1,2
6,1,1,1,401,49,3,27,66,1656,1,1,0,3,3
4,7,1,0,142,80,2,31,65,1343,0,3,0,2,2
3,4,0,1,493,38,0,28,85,908,0,3,0,3,0
3,6,2,0,346,52,1,37,68,835,0,3,0,2,2
6,7,1,0,68,86,1,34,60,803,0,3,0,2,1
6,5,1,0,347,55,3,27,88,366,0,3,0,2,2
4,0,2,1,401,54,3,35,93,745,0,3,0,0,0
1,3,0,0,192,69,1,26,62,1474,1,3,0,2,2
4,6,2,0,253,63,2,29,56,1306,0,3,0,2,2
3,5,1,0,136,76,1,21,92,1489,0,3,0,2,1
4,3,0,0,297,64,0,39,89,465,1,3,0,2,2
2,2,0,0,77,83,2,29,90,962,0,3,0,1,1
1,3,0,0,209,72,0,25,81,478,0,3,0,2,2
0,0,2,0,319,58,1,27,94,1715,1,3,0,2,2
6,5,1,1,569,29,0,31,59,619,0,0,0,3,3
4,1,1,0,211,68,3,29,86,1444,0,3,0,2,2
3,5,1,0,151,80,1,25,88,1800,0,3,0,2,2
5,2,0,0,141,77,3,29,60,1672,0,3,1,2,2
5,4,0,1,415,52,3,35,94,725,0,3,0,0,0
1,7,1,1,700,16,2,40,91,696,0,3,0,3,3
0,5,1,0,103,83,2,33,77,1477,0,2,0,2,2
2,1,1,0,129,73,0,22,41,1229,1,3,0,2,2
4,1,1,0,323,58,2,39,58,1240,0,1,0,0,0
0,0,2,0,93,78,2,30,94,652,0,3,0,1,1
6,6,2,0,73,81,2,35,87,893,1,3,0,1,2
2,5,1,1,401,55,3,20,76,1289,1,2,0,3,3
5,6,2,0,73,86,3,26,47,1673,0,3,0,1,1
2,0,2,0,181,72,2,26,90,1704,0,1,0,2,2
4,1,1,0,132,81,2,21,65,1432,0,3,1,0,0
6,5,1,0,163,78,0,26,74,1639,0,3,0,2,2
3,0,2,0,278,59,3,39,41,608,0,3,0,2,2
0,2,0,0,247,62,1,35,48,655,0,3,0,2,2
4,2,0,0,250,60,3,27,44,718,0,3,0,2,2
1,0,2,1,631,30,1,24,53,1247,0,3,0,3,3
3,0,2,0,90,81,0,26,50,1730,0,3,0,1,1
1,6,2,0,239,66,3,33,83,1631,1,3,0,2,2
6,3,0,0,144,77,1,38,91,1622,0,3,0,2,1
5,2,0,0,193,68,0,36,55,969,0,0,0,2,2
6,7,1,0,163,73,1,26,61,604,0,3,0,2,2
2,7,1,0,278,60,1,22,62,1026,0,3,1,0,0
6,0,2,0,89,83,2,21,53,1396,0,3,1,2,2
3,5,1,0,326,53,1,32,64,1334,0,0,0,0,0
4,0,2,1,477,41,1,29,71,518,0,3,0,3,0
4,5,1,0,346,55,2,35,40,1128,0,3,0,0,0
6,6,2,0,155,73,3,28,42,485,0,3,0,1,1
1,5,1,0,345,52,0,20,94,541,1,3,0,0,2
0,0,2,1,654,23,1,25,63,1586,0,3,0,3,3
6,1,1,0,337,60,3,25,86,468,0,3,0,2,2
4,4,0,0,147,76,0,20,85,681,0,3,0,1,2
6,0,2,0,95,80,0,39,83,1556,0,2,0,1,1
2,7,1,0,195,76,2,40,90,1664,0,3,0,2,2
3,1,1,0,203,66,2,20,89,1587,0,3,1,0,0
1,5,1,1,471,47,3,40,80,642,0,1,0,3,3
2,4,0,0,136,74,0,33,54,357,0,3,0,1,1
5,0,2,0,234,69,0,36,88,1604,0,3,0,2,2
6,3,0,0,274,63,3,25,83,635,0,3,0,2,2
1,1,1,0,328,62,3,23,82,1726,0,3,0,2,2
5,0,2,0,60,79,0,23,74,638,0,0,0,1,1
3,1,1,0,70,85,3,34,52,827,0,3,0,1,1
2,6,2,0,317,58,0,24,51,954,0,3,0,2,2
6,5,1,0,76,78,3,40,78,1302,0,3,0,1,1
2,6,2,0,189,70,2,36,45,1362,0,1,0,2,2
3,7,1,0,334,58,0,23,76,1324,1,3,0,0,2
1,4,0,0,139,73,0,36,65,1090,0,3,0,1,1
4,6,2,0,74,88,0,27,81,525,0,3,0,1,1
6,0,2,0,151,75,2,27,49,906,1,1,0,2,2
3,4,0,0,115,82,2,29,56,1750,1,1,0,2,2
0,4,0,0,131,76,2,30,53,1011,0,3,1,2,0
4,1,1,0,112,74,2,36,55,329,0,3,0,2,1
5,2,0,0,320,62,2,27,95,312,0,3,0,2,2
5,2,0,0,335,61,0,31,47,1102,1,3,0,2,2
3,6,2,0,203,72,3,26,78,1214,0,3,0,1,1
3,7,1,0,284,67,0,20,43,1617,0,3,0,2,2
2,0,2,0,327,57,3,30,92,1630,0,3,0,2,1
6,3,0,0,188,72,1,21,84,864,0,3,0,2,2
2,6,2,0,93,79,0,21,67,1392,0,3,0,1,1
3,3,0,0,340,61,1,39,82,1027,0,3,0,2,2
2,5,1,0,156,80,0,39,72,1749,0,3,0,2,2
3,6,2,0,286,64,2,28,57,862,0,3,0,2,2
5,5,1,0,334,59,1,30,43,1473,0,3,0,0,2
1,7,1,0,212,66,2,31,95,977,0,3,0,2,0
0,7,1,0,134,81,1,20,41,816,1,2,0,2,0
6,6,2,1,395,56,1,30,40,552,0,3,0,0,0
3,1,1,0,220,63,2,33,74,1591,0,3,0,2,2
2,1,1,0,298,58,1,34,95,934,0,3,1,0,0
2,4,0,0,145,72,3,32,66,795,0,3,0,1,2
5,1,1,0,306,65,2,29,41,508,0,3,0,0,2
1,6,2,0,84,81,0,38,80,862,0,3,0,1,1
3,3,0,0,344,56,2,26,74,336,0,3,0,0,0
3,6,2,0,211,69,2,35,67,1532,0,3,0,2,1
6,1,1,0,84,82,3,32,74,957,0,3,0,1,1
5,3,0,0,64,83,3,30,41,987,0,3,0,1,1
2,1,1,0,82,77,0,28,41,878,0,3,0,1,1
3,3,0,0,155,80,0,33,64,997,0,3,0,2,2
3,1,1,0,172,75,2,23,79,618,0,3,0,2,2
1,4,0,0,242,64,3,32,60,1140,0,0,0,2,2
0,7,1,1,674,23,3,23,56,661,0,3,0,3,3
2,6,2,0,194,71,1,39,90,507,1,3,0,2,2
5,5,1,0,342,61,3,39,71,1482,0,1,0,0,0
5,5,1,0,140,76,2,35,87,935,0,0,0,2,0
3,3,0,0,264,67,1,25,63,1178,0,3,1,0,0
5,7,1,0,259,70,3,21,44,1776,0,3,0,2,2
4,1,1,0,142,78,2,40,50,399,0,3,0,2,2
2,6,2,0,303,56,1,38,94,1385,0,3,0,2,2
5,2,0,0,122,75,0,34,74,442,0,3,0,1,1
4,4,0,0,195,73,2,26,73,341,0,3,0,2,2
3,0,2,0,74,84,2,28,84,1081,1,0,0,2,1
3,2,0,1,510,44,2,39,60,866,0,1,0,3,3
6,0,2,1,564,34,1,37,69,1201,0,3,0,3,3
2,2,0,0,53,81,2,24,63,504,0,3,0,1,1
6,7,1,0,166,73,3,27,41,1799,0,3,1,2,2
3,3,0,0,60,84,1,33,41,493,0,3,0,1,2
3,3,0,0,275,61,2,32,64,691,1,3,0,2,2
2,2,0,1,607,27,1,36,92,944,0,3,0,3,3
0,4,0,0,61,84,3,29,46,488,0,3,1,2,2
0,6,2,0,79,78,0,21,84,1450,1,2,0,2,2
2,1,1,0,254,62,2,33,86,785,0,3,0,2,2
4,0,2,0,321,54,2,38,80,1112,0,3,0,2,2
4,6,2,0,228,64,1,29,82,1000,1,3,0,2,2
0,6,2,0,337,60,2,27,67,884,0,2,0,0,0
3,5,1,0,312,54,1,37,58,798,0,3,0,0,2
3,7,1,1,394,56,2,32,57,417,0,2,0,3,3
0,0,2,0,227,73,1,27,40,1503,0,3,0,2,2
2,2,0,0,287,57,0,40,87,1413,0,3,1,0,2
2,1,1,0,306,57,2,27,54,481,1,3,0,0,0
0,1,1,0,216,66,1,39,74,1172,0,3,0,2,2
2,6,2,0,260,66,3,28,69,604,0,3,0,2,1
6,4,0,0,165,69,3,32,53,1047,1,3,0,2,1
5,5,1,0,328,54,3,29,51,671,0,3,0,2,2
3,4,0,0,327,53,3,37,77,394,0,3,0,2,2
2,0,2,1,533,34,0,37,44,1441,0,3,0,3,3
1,0,2,0,104,78,2,39,46,654,0,3,0,1,1
5,1,1,0,223,64,1,37,65,774,0,3,0,2,2
1,0,2,0,202,67,2,31,62,1076,1,3,1,0,0
4,6,2,1,386,52,1,30,75,735,0,1,0,3,3
1,6,2,0,324,54,0,35,66,1245,0,3,0,2,2
5,5,1,0,73,86,3,37,61,1453,0,3,0,1,1
4,7,1,0,221,65,3,36,77,1253,0,3,0,2,2
0,2,0,0,178,76,3,26,92,1757,0,3,1,2,2
3,2,0,0,160,74,3,25,82,512,0,0,0,2,2
6,3,0,0,278,61,2,30,58,1107,0,3,0,2,2
2,2,0,0,270,66,0,25,41,776,1,3,0,2,2
5,0,2,1,420,49,1,33,89,545,0,3,0,0,0
5,5,1,0,237,65,2,21,52,1692,0,2,0,0,0
6,3,0,0,308,65,0,22,81,1172,0,3,0,2,2
4,5,1,1,402,48,3,26,72,1701,0,3,0,0,3
1,1,1,0,133,72,3,30,61,846,0,3,0,1,2
5,0,2,0,145,79,1,39,50,1341,0,3,0,1,2
3,7,1,0,316,56,2,36,93,838,1,3,0,0,0
5,1,1,0,301,59,2,28,74,756,0,3,0,0,0
5,4,0,1,624,24,1,27,91,1463,0,3,1,3,3
5,7,1,0,186,74,1,29,43,895,0,3,0,2,2
5,4,0,0,237,62,0,26,92,1196,0,0,0,2,2
1,4,0,0,52,87,0,27,80,1545,0,2,0,1,2
2,6,2,1,513,44,1,34,93,1647,0,3,0,3,3
5,7,1,0,349,56,0,30,87,1314,0,3,0,2,2
1,5,1,0,280,59,0,38,43,1330,0,3,0,2,0
6,6,2,0,179,68,2,33,43,1048,0,3,0,2,2
5,6,2,0,94,86,1,34,69,1663,0,3,0,1,1
0,7,1,0,167,74,0,24,85,1788,0,3,0,2,1
5,4,0,0,141,80,2,27,54,1347,1,3,0,2,2
3,4,0,0,273,66,3,20,55,1372,0,3,0,2,2
5,5,1,1,595,27,1,26,73,504,0,3,0,3,3
2,3,0,0,295,60,2,22,67,878,0,1,0,0,0
4,7,1,0,106,77,3,38,78,1498,0,1,0,2,1
2,3,0,0,129,79,3,27,44,942,0,1,0,2,2
0,2,0,0,195,73,0,31,75,1547,1,3,0,2,2
2,0,2,0,194,73,0,40,75,1269,0,3,0,1,1
1,5,1,0,310,63,1,22,53,756,1,0,0,0,0
0,7,1,0,196,74,0,22,61,526,0,3,0,2,2
0,1,1,1,458,43,1,34,52,1711,0,3,0,3,3
1,4,0,1,665,21,0,29,67,1263,0,3,0,3,3
2,5,1,0,163,76,3,24,53,1485,0,3,0,2,1
6,1,1,0,242,65,0,20,55,1788,0,2,0,2,2
3,0,2,0,63,85,0,38,83,1619,0,3,0,1,1
0,2,0,0,281,62,3,28,78,418,0,3,0,2,2
6,3,0,1,654,24,1,32,55,1347,0,3,0,3,3
6,4,0,1,634,32,2,29,62,1344,0,3,0,3,3
4,5,1,0,278,65,1,21,53,487,0,1,0,0,0
1,4,0,1,454,46,3,36,63,492,0,2,0,3,3
3,2,0,0,280,64,0,37,61,480,0,3,0,2,2
6,2,0,0,262,69,0,34,40,1021,0,3,0,2,2
3,6,2,0,89,83,3,22,44,472,0,3,0,1,1
1,2,0,0,110,75,0,23,75,806,0,0,1,2,0
2,4,0,0,253,63,0,30,69,887,0,3,0,2,2
1,5,1,0,90,78,3,38,61,1054,0,2,0,2,2
3,4,0,0,121,80,1,23,48,604,1,3,0,2,2
3,1,1,0,198,74,2,28,88,643,0,3,0,2,2
6,4,0,0,266,65,3,28,64,1227,0,3,0,2,2
6,3,0,0,184,67,3,33,77,471,0,3,0,1,1
2,7,1,0,219,74,0,34,81,1468,0,3,0,2,2
3,0,2,1,644,27,3,22,44,505,0,3,0,3,3
2,3,0,0,145,77,3,35,76,379,0,3,0,1,1
5,7,1,0,148,80,2,35,82,868,0,1,0,2,2
6,6,2,0,195,67,1,39,69,1419,0,3,0,2,1
5,6,2,0,148,77,1,29,52,1009,0,3,0,1,1
2,1,1,1,425,51,3,22,87,370,0,1,0,3,3
6,1,1,0,200,73,0,27,49,1682,0,1,0,2,0
2,3,0,0,167,74,0,40,52,1348,1,3,0,2,2
6,3,0,1,427,49,1,35,89,1177,1,3,0,3,3
2,3,0,1,687,21,1,23,95,386,1,3,0,3,3
1,1,1,1,472,38,0,35,71,1019,0,3,0,3,3
0,6,2,0,69,87,2,26,64,493,1,3,0,1,2
4,1,1,0,338,53,1,40,66,851,0,3,0,0,0
4,0,2,0,331,61,0,20,59,412,0,3,0,2,2
2,3,0,0,238,67,2,25,89,902,0,1,0,0,0
2,0,2,0,57,88,1,35,81,1495,0,3,1,2,2
6,0,2,0,340,55,2,24,53,925,0,3,0,2,2
4,0,2,0,170,68,1,31,44,1340,0,3,0,2,2
0,1,1,0,117,81,1,33,90,1197,0,3,0,2,1
1,2,0,0,350,54,2,38,89,415,0,1,1,3,0
5,1,1,0,290,56,0,22,46,1481,0,3,0,2,2
0,7,1,0,171,78,0,22,62,1429,0,3,0,2,2
4,0,2,0,207,66,0,29,48,1587,0,2,0,2,2
3,0,2,1,384,51,2,32,62,1442,1,3,0,0,0
4,1,1,0,238,68,1,32,74,1057,0,3,1,0,0
5,7,1,0,93,81,2,20,92,1499,0,1,0,2,2
1,2,0,1,558,38,0,40,53,998,0,1,0,3,3
3,6,2,0,343,58,2,36,48,1408,0,3,0,2,2
0,2,0,0,268,60,3,40,93,347,0,3,0,2,2
5,3,0,0,275,64,2,25,41,1620,0,3,0,2,2
4,7,1,0,225,73,2,21,61,506,1,3,0,2,2
1,7,1,0,302,63,1,22,82,1624,0,3,0,2,0
1,6,2,0,73,79,0,25,93,1431,1,1,0,2,2
6,6,2,0,211,70,3,24,73,571,0,2,0,2,2
6,3,0,0,300,62,3,34,63,1019,0,3,0,2,2
4,5,1,1,644,28,0,21,53,643,0,3,0,3,3
0,6,2,0,231,67,3,39,55,1678,0,1,0,2,1
3,7,1,1,634,31,1,30,50,333,1,3,0,3,3
4,1,1,1,476,41,3,22,66,1699,0,3,0,3,3
2,7,1,0,178,70,1,22,83,620,0,3,0,2,2
3,1,1,0,144,80,0,24,60,1152,0,3,0,2,1
2,1,1,0,229,64,2,25,87,1269,0,3,0,2,2
0,5,1,1,562,33,1,31,44,982,0,3,0,3,3
2,7,1,0,109,83,1,40,80,547,0,2,0,2,2
2,2,0,0,274,63,0,30,53,1056,0,3,0,2,2
6,2,0,0,148,75,0,33,68,517,0,3,0,1,1
2,4,0,0,50,87,3,35,90,991,0,3,0,1,1
4,0,2,1,532,42,0,26,87,1278,0,3,0,3,0
0,6,2,0,225,69,1,26,60,1680,1,3,1,0,0
2,5,1,0,104,77,2,39,56,736,0,3,0,2,2
0,7,1,0,279,64,2,20,82,547,0,3,0,2,0
0,2,0,0,186,71,0,23,40,1003,0,3,0,2,1
2,2,0,0,110,74,0,27,41,1183,0,3,0,1,1
6,6,2,1,416,52,0,21,62,360,0,3,0,0,0
6,4,0,0,88,79,3,31,56,1215,0,3,0,1,1
1,6,2,1,667,19,2,36,91,1044,0,3,0,3,3
1,5,1,0,210,70,3,22,43,856,0,2,0,2,2
2,0,2,1,539,33,1,36,80,853,0,1,0,3,3
0,4,0,0,114,76,2,29,84,1229,0,3,0,2,2
6,6,2,0,310,55,1,34,69,1221,0,3,0,2,2
3,2,0,1,409,52,3,20,48,646,0,3,0,0,0
3,5,1,0,193,68,1,32,41,576,1,3,0,2,0
0,1,1,0,205,73,0,26,85,1123,0,3,0,2,2
3,3,0,0,115,81,2,34,76,1463,0,1,0,2,2
0,2,0,0,349,52,0,22,66,1249,0,3,0,2,2
3,3,0,0,207,68,0,33,59,1074,0,2,0,2,2
5,6,2,0,340,52,0,35,46,559,0,3,0,2,2
4,7,1,0,119,74,2,23,52,583,1,3,0,2,2
3,4,0,0,104,75,0,29,81,948,0,3,0,1,1
1,7,1,0,319,60,3,33,85,1318,0,3,0,2,2
2,1,1,0,72,80,0,23,42,359,0,3,0,1,1
0,5,1,1,565,33,2,27,55,1730,0,3,0,3,3
6,3,0,1,553,35,1,27,83,518,0,3,0,3,3
2,6,2,1,579,36,0,39,87,1566,0,2,0,3,3
0,7,1,1,467,44,2,23,89,1283,0,3,0,3,3
6,4,0,0,256,64,1,30,53,1092,1,3,0,2,2
0,7,1,0,117,81,2,36,59,1796,0,3,0,2,2
1,0,2,0,165,76,1,22,74,1297,0,3,0,2,1
1,6,2,0,280,63,0,22,79,1611,0,3,0,2,2
2,4,0,0,263,67,2,25,42,340,0,3,0,2,2
4,5,1,0,349,52,2,39,92,764,0,3,0,0,2
1,1,1,1,693,22,0,22,66,1372,0,3,0,3,3
6,5,1,1,564,29,0,30,61,397,0,3,0,3,3
6,7,1,0,52,85,0,34,61,1681,0,3,0,1,2
1,1,1,0,83,84,3,39,66,790,0,3,0,1,1
5,3,0,0,255,61,1,37,43,761,0,3,0,2,2
6,0,2,1,354,51,1,21,85,436,0,3,0,0,0
0,2,0,0,225,70,3,20,63,345,0,3,0,2,1
1,7,1,0,51,88,0,29,74,1630,0,3,0,1,1
1,5,1,0,108,85,0,23,53,725,0,3,0,2,1
2,4,0,1,505,38,0,34,75,1357,0,3,0,3,0
0,6,2,0,140,77,1,22,81,1468,0,3,0,1,1
5,4,0,0,305,57,0,36,46,1206,0,3,0,2,2
3,5,1,1,671,20,3,22,77,354,1,3,0,3,3
3,0,2,1,634,24,1,26,47,334,0,3,0,3,3
4,3,0,1,376,53,0,31,84,1800,0,3,0,0,0
2,3,0,0,306,61,3,26,78,1551,0,3,0,2,2
5,2,0,0,296,61,0,37,43,1110,0,3,0,2,2
4,6,2,0,302,62,2,22,70,1201,0,3,0,2,2
5,6,2,0,73,83,3,24,42,1037,1,3,0,1,1
5,5,1,0,62,82,3,23,55,1561,1,1,0,2,2
5,2,0,0,199,69,1,25,88,1318,1,2,0,2,2
2,6,2,0,206,71,3,35,75,1631,0,3,0,1,2
4,1,1,0,149,79,0,28,49,1684,0,3,0,2,2
6,3,0,0,262,65,2,33,60,835,0,2,0,0,0
2,3,0,0,216,68,3,34,91,1501,1,3,0,2,2
6,3,0,0,350,50,2,25,80,1740,0,3,0,0,0
3,5,1,0,346,61,3,32,93,949,1,3,0,2,2
2,7,1,0,314,56,0,37,84,1247,1,3,0,0,2
0,1,1,1,451,46,1,24,87,1475,0,1,0,3,3
4,6,2,1,574,29,0,37,93,772,0,3,0,3,3
5,7,1,0,303,61,0,39,65,1112,1,3,1,0,0
6,0,2,0,285,61,1,40,85,816,0,3,0,2,2
3,5,1,0,271,68,3,38,50,311,0,0,0,2,2
0,4,0,0,199,70,3,21,69,1265,0,3,1,2,0
5,6,2,0,139,78,0,34,85,982,0,0,0,2,2
3,2,0,0,72,86,2,36,57,1493,0,3,0,1,1
3,4,0,1,570,28,2,23,86,885,0,3,0,3,3
3,3,0,0,238,64,3,35,82,578,0,3,1,2,2
3,0,2,0,75,88,3,38,84,582,0,3,0,1,1
6,0,2,0,254,66,1,40,50,1103,0,3,0,2,2
0,5,1,0,324,55,3,27,68,1234,0,3,0,2,2
3,6,2,0,150,71,0,40,56,1167,0,3,0,1,1
3,7,1,0,145,73,2,20,68,529,0,3,0,2,2
2,2,0,0,247,62,1,22,57,439,0,1,0,2,2
3,6,2,0,267,59,0,26,41,1471,0,3,0,2,2
4,7,1,0,332,53,2,22,50,619,1,3,0,0,0
6,2,0,0,302,62,3,33,61,1215,0,3,0,2,1
5,6,2,0,52,81,1,27,41,1232,0,3,0,1,1
5,6,2,0,237,66,1,28,61,1714,0,1,0,2,2
6,7,1,0,320,53,1,22,54,1220,0,3,0,0,0
6,0,2,0,169,74,2,22,95,685,0,3,1,2,2
0,0,2,0,154,72,0,22,82,946,0,1,0,2,2
6,3,0,0,185,70,0,29,95,649,0,3,0,2,2
6,7,1,0,348,56,3,29,63,1681,1,1,0,0,0
5,7,1,0,53,89,3,39,54,1278,0,3,0,1,1
6,1,1,0,251,61,2,35,77,507,0,3,0,2,0
4,1,1,1,380,56,1,30,74,1061,0,3,0,3,0
1,7,1,0,196,74,2,21,79,554,0,1,0,0,2
6,6,2,1,631,31,0,34,48,1591,0,3,0,3,3
4,5,1,0,328,56,2,33,71,472,0,3,0,0,0
0,6,2,1,521,41,2,40,57,684,0,3,0,3,3
1,6,2,1,351,55,3,26,84,778,0,3,0,0,0
0,2,0,0,333,56,1,27,60,926,0,3,0,2,0
6,3,0,1,560,30,3,22,47,1696,0,2,0,3,3
6,7,1,0,137,79,1,38,81,372,0,3,0,2,2
6,7,1,0,137,80,2,31,85,1413,0,2,0,2,2
1,7,1,0,165,70,1,23,94,583,0,2,0,2,2
4,5,1,0,349,53,1,25,59,593,0,3,0,0,0
1,3,0,0,138,81,0,31,54,553,0,3,0,1,2
4,7,1,0,197,68,0,36,52,460,0,3,0,2,2
1,6,2,1,457,41,1,34,52,1227,0,3,0,3,3
4,7,1,1,351,60,2,40,78,330,0,3,0,3,3
5,7,1,1,500,45,1,28,81,785,0,3,0,3,3
4,7,1,0,233,70,2,31,63,337,1,3,0,2,2
6,6,2,0,84,78,0,26,84,1547,0,3,0,1,1
3,1,1,1,376,50,3,24,90,589,0,3,0,0,0
4,4,0,1,627,27,2,32,87,1232,0,3,0,3,3
2,0,2,0,292,62,0,34,75,1071,0,3,0,2,2
4,3,0,1,397,55,1,21,69,1253,0,3,1,3,3
1,1,1,0,71,84,1,31,71,1190,0,0,0,2,2
2,4,0,0,167,72,3,32,85,1193,0,3,0,1,1
5,2,0,0,146,80,1,36,91,1687,0,3,0,2,2
1,0,2,0,234,72,2,24,59,392,0,3,0,2,2
1,7,1,0,124,76,1,24,68,941,0,3,0,2,1
5,6,2,0,85,85,1,39,87,783,0,3,0,1,1
6,7,1,0,317,59,3,28,89,1764,0,3,0,2,2
4,5,1,0,350,55,0,25,75,474,0,0,0,0,0
2,4,0,0,219,71,1,27,84,1092,0,2,0,2,0
4,5,1,1,382,48,0,28,58,1464,0,3,0,0,0
3,7,1,0,76,82,3,35,50,994,0,3,0,1,1
3,2,0,0,223,70,1,36,80,1492,0,3,0,2,2
4,2,0,0,247,62,3,29,53,454,0,3,0,2,1
5,0,2,0,138,81,2,27,52,329,1,3,0,2,2
4,4,0,0,103,85,3,28,53,874,0,3,0,1,1
6,4,0,1,574,35,1,21,76,318,0,0,0,3,3
3,1,1,0,186,69,0,25,58,940,0,0,1,0,0
3,0,2,0,250,68,0,31,49,631,1,1,0,2,2
0,7,1,0,118,81,2,31,45,1480,0,3,0,2,2
5,4,0,0,87,80,2,33,44,1462,0,1,1,0,0
3,6,2,0,289,67,1,21,60,1262,0,3,0,2,2
3,1,1,0,177,70,0,35,55,458,0,3,0,2,2
3,6,2,0,278,64,1,31,58,530,0,3,0,2,2
3,1,1,0,124,75,3,35,81,363,0,3,0,1,1
6,0,2,0,325,60,0,38,43,1757,1,3,0,2,0
3,4,0,0,159,74,0,20,92,1730,0,3,0,2,2
0,5,1,0,266,60,3,25,84,560,0,3,0,2,2
2,4,0,0,79,85,2,36,65,1109,0,3,0,1,1
1,6,2,0,285,61,1,34,40,965,0,3,0,2,2
6,7,1,0,235,63,2,37,53,1045,1,3,0,2,0
4,2,0,1,513,37,3,33,83,866,0,3,0,3,0
5,2,0,0,68,82,0,33,76,967,0,3,0,1,1
0,3,0,0,177,74,2,34,66,1530,0,1,0,2,2
1,6,2,1,475,44,1,30,55,782,0,3,0,3,0
0,7,1,0,285,61,1,40,74,816,0,3,0,2,2
2,7,1,0,136,79,1,27,64,335,0,3,0,2,2
3,6,2,0,213,69,0,25,92,1739,0,3,0,2,2
5,0,2,0,216,65,2,35,44,1410,0,3,0,2,1
0,0,2,0,286,62,0,37,66,777,0,3,0,2,2
5,1,1,0,236,63,0,28,44,1774,0,0,1,0,0
3,3,0,1,374,50,3,26,80,1618,0,3,0,0,0
6,7,1,0,236,69,1,39,66,1199,0,3,0,2,2
0,6,2,1,590,30,2,27,44,1232,0,3,0,3,3
2,0,2,0,267,59,1,20,46,543,0,3,0,2,2
2,5,1,0,289,58,1,34,69,707,1,2,0,0,0
1,6,2,0,195,72,1,22,79,673,0,3,0,2,2
0,1,1,1,611,24,0,34,47,1143,0,3,0,3,3
2,2,0,0,201,69,0,30,64,1071,1,3,0,2,2
5,3,0,0,122,74,3,28,74,1049,0,3,0,1,1
5,3,0,0,272,63,1,23,46,1588,0,3,0,2,2
6,3,0,0,204,70,1,33,81,804,0,1,0,2,2
0,1,1,0,127,83,1,29,66,333,0,0,0,2,2
2,5,1,0,114,75,0,37,40,1073,0,3,0,2,2
6,0,2,0,220,71,3,29,69,1570,0,3,0,1,1
5,7,1,1,690,22,1,28,75,722,0,2,0,3,3
2,7,1,0,303,62,1,38,60,1176,0,3,0,2,0
6,6,2,0,347,60,3,38,88,1349,0,3,0,2,2
3,4,0,0,124,76,3,21,42,1258,0,0,0,2,1
4,4,0,1,483,42,2,27,55,361,1,3,0,3,3
6,5,1,0,325,60,2,29,52,1487,0,3,0,0,0
2,6,2,1,524,34,2,21,81,334,0,3,1,3,3
4,3,0,0,149,79,2,28,82,1333,0,3,0,2,2
2,2,0,0,164,76,3,32,52,357,0,3,0,1,2
3,6,2,0,264,65,0,25,82,1735,0,3,0,2,2
3,1,1,0,249,63,2,20,50,630,0,3,0,2,0
6,5,1,1,594,34,3,35,72,434,0,3,0,3,3
3,0,2,0,294,59,1,21,41,867,1,3,1,0,0
0,7,1,0,205,72,3,32,69,1555,0,3,0,2,1
5,5,1,1,413,49,2,34,93,1504,0,3,0,3,3
0,1,1,0,78,87,3,40,68,918,0,1,0,2,2
1,1,1,0,160,72,2,21,70,1534,0,3,1,0,2
1,1,1,0,300,59,1,24,67,360,0,3,0,2,2
6,0,2,1,682,27,2,37,72,595,0,3,1,3,3
3,6,2,0,220,66,2,20,85,939,0,3,0,2,2
0,7,1,0,146,74,1,25,48,1118,1,3,0,2,2
1,1,1,0,80,85,0,22,86,869,0,3,1,2,2
0,7,1,0,323,58,0,22,54,1657,0,3,0,2,2
1,2,0,0,163,73,0,26,83,777,0,3,0,2,1
4,0,2,0,218,72,1,30,53,1189,0,3,0,2,2
5,2,0,0,281,62,1,40,93,895,0,3,0,2,2
0,7,1,0,321,60,3,33,53,710,0,3,0,2,2
0,7,1,0,103,78,3,35,66,1376,0,3,0,1,1
3,7,1,0,293,56,3,21,81,952,0,3,0,2,2
1,0,2,1,674,28,3,26,93,394,0,3,0,3,3
5,3,0,0,112,79,0,39,72,1242,0,3,0,1,1
1,2,0,0,114,82,0,21,42,1059,0,3,0,1,2
2,4,0,0,171,72,3,34,81,1740,0,3,0,1,1
3,0,2,0,117,78,1,29,74,613,0,2,1,2,2
6,5,1,1,675,25,3,23,71,439,1,2,1,3,3
5,3,0,1,633,28,2,37,56,1139,0,3,0,3,3
4,4,0,0,70,84,3,39,94,577,0,2,0,1,1
1,6,2,0,299,59,1,27,86,651,1,3,1,0,0
4,6,2,0,150,74,0,22,70,1667,0,3,0,1,1
2,1,1,0,205,65,1,36,72,1447,0,3,0,2,2
0,3,0,0,249,69,0,39,88,1014,0,3,0,2,2
6,3,0,0,77,80,1,34,59,950,0,3,0,1,2
6,1,1,1,674,27,3,35,63,1742,0,0,0,3,3
4,2,0,0,92,78,2,37,63,1690,0,3,0,2,2
3,6,2,0,130,73,1,34,42,379,0,3,1,2,2
1,7,1,1,481,46,2,34,67,385,0,3,1,3,3
0,1,1,0,340,52,1,40,53,1518,0,3,0,0,0
0,0,2,1,623,31,2,22,86,416,0,3,0,3,3
0,7,1,0,235,69,3,37,44,1599,0,3,0,2,2
5,6,2,0,143,79,0,30,57,1212,0,3,0,1,2
3,4,0,0,286,58,0,30,49,808,0,3,0,2,2
3,3,0,1,446,45,0,27,55,408,0,3,0,0,0
2,3,0,0,97,84,0,22,73,1351,0,3,0,1,1
5,2,0,0,317,55,1,26,64,1783,0,1,0,0,2
0,1,1,1,634,27,3,31,41,1656,0,3,0,3,3
1,2,0,0,100,77,3,25,82,549,0,3,0,1,1
3,0,2,0,288,64,1,40,51,851,0,3,1,0,2
4,1,1,1,624,28,2,38,58,757,0,3,0,3,3
1,1,1,1,531,34,3,29,79,687,0,3,0,3,3
4,0,2,1,448,45,1,28,70,1502,0,3,0,0,0
0,3,0,0,346,58,2,20,62,476,0,3,0,0,0
0,2,0,0,277,64,2,33,90,328,0,1,0,0,2
0,3,0,1,463,46,1,35,80,1115,1,3,0,3,3
1,4,0,0,300,61,0,25,73,1346,0,3,0,2,2
6,2,0,0,258,61,3,33,78,1385,0,3,0,2,2
0,1,1,0,64,83,0,24,65,601,0,3,0,1,2
2,0,2,0,189,68,2,39,60,753,0,2,0,2,2
1,7,1,1,440,48,0,23,76,1141,0,3,0,3,3
2,7,1,0,308,55,0,39,51,617,0,3,0,2,2
5,0,2,1,675,22,0,27,59,968,0,3,0,3,3
1,6,2,0,156,79,3,29,60,471,1,3,0,1,1
4,7,1,0,104,85,3,23,63,734,0,1,0,2,2
1,3,0,0,286,58,0,21,89,407,0,3,0,2,2
0,6,2,0,299,65,1,36,91,918,0,3,0,2,2
2,1,1,0,139,75,2,39,91,1203,0,3,0,2,2
1,4,0,0,156,74,0,24,54,1667,0,3,0,2,1
3,5,1,1,410,51,2,40,89,1224,0,3,0,3,0
0,0,2,0,166,77,2,35,93,1041,0,3,0,2,2
6,2,0,1,560,36,3,30,48,976,0,1,1,3,3
5,5,1,0,122,78,1,21,74,1595,1,3,0,2,2
2,4,0,0,136,76,0,26,42,669,0,3,0,1,2
3,0,2,0,119,80,3,39,84,644,0,3,0,1,1
1,1,1,0,133,78,2,35,92,810,0,3,0,2,2
5,2,0,0,292,62,0,20,55,1410,0,3,0,2,2
5,1,1,0,301,65,2,36,54,796,0,3,0,0,0
1,4,0,0,100,78,3,25,90,1154,0,3,0,1,1
1,3,0,0,271,60,0,30,64,888,0,1,0,2,2
6,5,1,0,132,79,3,21,85,471,0,3,0,1,1
3,7,1,0,97,76,0,24,57,676,0,3,0,1,2
4,3,0,0,55,82,1,34,72,1594,0,3,0,1,2
2,4,0,1,664,23,1,24,83,664,0,3,0,3,3
1,2,0,0,59,90,3,23,46,929,0,3,0,1,1
3,0,2,1,464,42,2,34,67,1471,1,3,0,3,3
5,1,1,0,57,85,0,26,65,1794,1,3,0,2,2
3,7,1,0,318,59,0,24,59,1641,0,3,0,2,2
3,3,0,0,202,66,3,31,94,1283,0,3,0,1,2
4,3,0,0,257,67,2,20,57,1733,0,3,0,2,2
6,1,1,0,235,72,1,34,77,1708,0,3,0,2,2
1,6,2,0,209,75,0,24,40,311,1,3,0,2,2
1,5,1,0,279,63,0,21,59,1363,0,3,0,2,2
4,7,1,0,110,84,0,39,69,921,0,1,0,2,2
3,5,1,0,71,81,0,28,57,1697,0,2,0,2,1
6,3,0,1,528,43,2,21,57,845,0,3,0,3,3
6,4,0,0,261,67,0,33,48,973,0,3,0,2,2
0,1,1,0,151,75,0,20,47,1042,0,2,0,2,2
1,2,0,1,603,33,1,31,87,481,0,3,0,3,3
3,0,2,0,136,79,1,39,45,1661,0,3,0,1,2
6,7,1,0,187,69,3,32,86,1331,0,3,0,2,2
1,4,0,0,213,71,1,35,67,1764,0,0,0,2,2
3,3,0,0,114,83,3,22,47,597,0,3,0,1,1
1,1,1,1,547,35,2,30,53,1399,0,3,0,3,3
2,2,0,0,238,69,3,22,53,424,1,3,0,2,2
0,5,1,0,305,64,0,28,64,1489,0,3,0,2,2
3,4,0,0,81,86,1,24,82,349,0,0,0,2,2
2,0,2,0,116,78,1,31,86,1483,0,3,0,1,1
4,4,0,0,245,62,0,30,87,1634,1,1,0,2,0
6,4,0,1,484,45,0,27,61,697,1,3,0,3,0
0,1,1,0,222,67,2,27,52,967,0,3,0,2,0
1,4,0,1,621,26,0,28,86,628,0,3,0,3,3
2,2,0,0,108,81,2,37,54,1016,0,3,0,2,2
4,1,1,0,137,74,1,36,75,1057,0,3,0,2,2
4,1,1,0,151,77,3,21,51,1438,1,3,0,2,2
3,5,1,0,335,52,3,34,47,593,0,3,0,2,2
0,3,0,0,226,70,0,38,93,596,0,3,0,2,2
5,2,0,0,95,79,0,33,54,907,0,3,0,1,1
5,5,1,0,278,64,1,39,76,1401,0,3,0,2,2
0,5,1,0,80,81,1,22,82,466,0,0,0,2,2
1,2,0,0,114,79,2,35,54,1361,0,3,0,2,2
0,6,2,1,476,40,3,23,56,1784,0,3,0,0,0
1,5,1,0,286,61,2,30,49,1214,0,3,0,0,0
0,7,1,0,194,74,1,27,42,844,0,3,0,2,2
2,0,2,1,539,38,0,36,77,622,0,3,0,3,3
1,5,1,1,426,44,0,28,61,733,0,3,0,3,3
0,6,2,0,62,86,1,37,52,353,0,3,0,1,1
3,4,0,0,291,57,3,30,54,1578,0,3,0,2,2
2,6,2,0,226,73,3,36,70,1757,0,3,0,1,2
3,1,1,0,52,85,3,34,77,1748,0,2,0,1,2
5,5,1,0,167,77,2,34,84,321,0,3,1,0,2
5,1,1,0,271,59,3,20,49,1253,1,3,0,2,2
5,5,1,0,139,82,3,38,40,1500,0,3,0,1,1
5,5,1,0,308,65,3,39,93,1796,1,3,1,0,0
1,0,2,0,84,85,1,23,80,549,0,3,0,1,1
5,2,0,0,167,76,0,34,72,1367,0,3,1,2,2
1,2,0,0,211,65,0,37,81,1785,0,3,0,2,1
5,2,0,0,300,58,2,37,58,1744,0,3,0,2,2
5,2,0,0,178,77,2,20,74,842,0,1,0,2,2
3,4,0,0,224,68,0,22,56,476,0,0,0,2,2
4,5,1,0,63,89,0,35,44,1092,0,3,0,1,1
4,7,1,1,448,46,0,20,82,463,0,3,0,3,3
2,4,0,0,87,86,1,23,90,793,0,1,0,2,2
4,3,0,1,567,35,0,29,70,1319,1,1,0,3,3
5,0,2,0,90,83,1,31,53,426,0,3,0,1,1
2,7,1,0,63,80,0,35,46,1101,0,3,0,1,1
0,6,2,0,347,52,0,38,76,598,1,3,0,2,2
5,3,0,0,243,63,0,37,40,449,0,3,1,0,2
0,6,2,0,109,77,1,26,66,1237,0,3,0,1,1
3,0,2,0,263,68,0,32,94,890,0,3,0,2,2
4,4,0,0,121,83,3,27,93,1732,0,3,1,2,2
4,0,2,0,324,61,0,32,75,1148,0,3,0,2,2
4,6,2,0,54,88,1,39,43,1606,0,3,0,1,1
3,5,1,0,245,61,3,22,86,535,0,3,0,2,2
4,7,1,1,635,29,2,23,47,349,0,3,0,3,3
3,7,1,0,235,63,3,24,44,673,0,3,0,2,2
4,6,2,0,194,74,2,24,84,1656,0,3,0,2,1
1,3,0,0,79,82,2,29,75,1210,0,3,0,1,1
3,3,0,0,221,66,3,38,95,1767,0,3,0,2,1
5,2,0,0,220,70,1,28,69,1206,0,1,0,2,2
5,0,2,1,512,39,3,39,41,402,0,3,1,3,3
6,4,0,1,545,35,2,34,89,1236,1,1,0,3,3
1,7,1,1,550,32,1,35,44,657,0,3,0,3,3
0,6,2,0,217,66,1,32,42,646,0,3,0,2,2
4,0,2,0,177,70,0,33,52,1497,0,3,0,1,1
2,1,1,0,232,71,1,28,81,301,0,1,0,0,2
0,2,0,0,214,71,3,37,89,1584,0,3,0,2,2
2,2,0,0,129,80,3,32,51,440,0,2,0,2,1
2,1,1,1,636,27,3,37,83,779,0,3,0,3,3
0,2,0,1,593,34,0,21,79,436,0,3,0,3,3
0,3,0,1,508,42,3,30,56,1731,0,3,0,3,3
1,7,1,0,199,74,1,24,94,1602,1,3,0,2,2
3,1,1,0,276,61,2,23,60,448,0,3,0,2,2
6,5,1,1,573,30,2,40,71,1605,0,3,0,3,3
1,0,2,0,78,81,0,31,68,596,0,2,0,1,1
3,5,1,0,166,75,2,40,51,426,0,1,0,2,2
0,1,1,0,306,56,2,30,50,976,1,3,0,0,0
5,7,1,0,128,83,1,34,65,1674,0,3,0,2,1
0,5,1,0,86,85,2,22,95,1209,1,3,0,2,2
1,5,1,1,530,36,2,29,68,1199,0,3,1,3,3
4,5,1,0,344,55,1,40,93,1322,0,3,0,0,0
0,0,2,1,624,33,3,31,67,581,1,3,0,3,3
1,1,1,1,641,29,2,26,84,371,1,3,0,3,3
6,4,0,0,141,81,0,36,74,560,0,3,0,1,2
4,6,2,0,190,73,3,31,64,1669,0,1,0,2,2
6,7,1,0,133,81,0,29,46,468,0,3,0,2,2
3,2,0,0,236,62,3,39,52,1175,0,3,0,2,2
0,3,0,0,63,79,2,25,83,1054,0,0,0,2,1
3,6,2,0,99,77,3,38,59,920,1,3,0,1,1
0,4,0,0,184,69,1,23,88,580,0,3,0,2,2
4,6,2,1,530,38,1,38,48,1655,0,1,0,3,3
1,7,1,0,257,62,1,22,91,1010,0,3,0,2,2
0,1,1,0,104,80,3,36,83,586,0,1,1,2,2
1,0,2,0,200,66,2,31,63,759,0,3,0,2,2
2,5,1,0,247,65,3,26,80,1100,0,3,0,2,2
0,0,2,0,116,82,3,22,40,1168,0,3,0,1,1
5,3,0,0,126,78,1,32,90,1719,0,3,0,2,1
0,1,1,0,297,56,3,40,60,1750,0,3,0,2,2
0,0,2,0,194,66,2,24,46,1182,1,3,1,0,2
4,1,1,0,98,80,0,29,88,1589,0,2,0,2,2
0,4,0,0,93,80,3,24,62,718,0,1,0,1,1
2,5,1,1,554,36,2,36,95,641,1,3,0,3,3
3,7,1,0,71,78,2,28,94,454,0,3,0,2,2
0,7,1,0,152,70,1,32,48,1588,0,3,0,2,2
3,3,0,0,91,77,3,33,79,586,0,0,0,1,1
2,6,2,0,335,61,0,40,42,1339,0,3,0,2,2
4,7,1,1,645,23,1,27,59,592,1,3,0,3,3
1,7,1,0,280,67,0,26,94,1693,0,3,0,2,2
5,5,1,0,245,69,2,20,42,474,0,3,0,2,2
0,4,0,0,67,79,2,39,49,861,0,1,0,2,2
3,6,2,0,303,59,0,36,86,1159,0,3,0,2,2
1,2,0,0,214,64,1,30,50,1764,0,3,0,2,2
1,7,1,1,492,38,2,37,75,988,0,3,0,3,3
5,3,0,1,488,41,3,29,44,577,0,3,0,0,3
4,6,2,1,391,55,3,33,68,728,0,3,0,0,0
4,6,2,0,112,79,0,33,78,434,0,3,0,1,1
2,3,0,0,232,69,2,31,51,1439,0,3,0,2,2
1,5,1,0,210,65,1,24,57,910,0,1,1,0,0
5,6,2,0,77,81,1,33,70,865,1,3,0,1,2
3,6,2,0,256,70,2,30,66,1030,0,3,0,2,2
4,7,1,1,694,20,3,25,54,721,1,3,1,3,3
5,2,0,0,280,65,1,38,47,1514,0,3,0,2,2
1,5,1,0,177,73,0,27,82,1335,0,3,0,2,2
3,0,2,1,376,48,1,29,68,1016,0,3,0,0,0
0,7,1,1,635,25,1,28,60,815,0,3,0,3,3
1,7,1,0,205,67,1,38,93,476,0,0,0,2,2
6,2,0,0,309,63,2,31,40,1520,0,3,0,2,0
5,4,0,0,128,76,3,29,41,716,0,1,0,2,1
2,5,1,0,271,68,3,30,41,1460,0,3,0,2,2
0,5,1,0,165,78,0,35,46,1721,0,3,0,2,2
1,6,2,1,436,42,2,24,79,752,0,3,0,3,0
2,5,1,1,391,53,3,20,69,551,0,1,0,3,3
0,7,1,0,110,76,3,26,60,812,1,3,0,2,2
0,4,0,0,293,64,2,36,75,1490,0,3,0,2,2
0,6,2,1,532,42,2,35,70,1550,0,3,0,3,3
2,4,0,0,150,72,0,20,46,1211,1,3,0,2,1
1,4,0,0,245,67,0,39,89,806,0,3,0,2,2
6,1,1,1,482,46,0,34,60,786,0,1,0,3,3
1,5,1,0,227,65,2,33,51,1267,0,1,0,0,0
4,4,0,0,302,59,0,32,59,308,0,3,0,2,2
3,0,2,0,239,68,1,38,95,705,0,1,0,2,2
1,4,0,0,292,65,1,33,81,1467,0,3,0,2,0
1,3,0,0,128,81,1,21,55,1339,0,3,0,2,2
1,0,2,0,346,52,3,28,47,478,1,3,0,2,2
6,6,2,0,69,86,0,27,95,1030,0,3,0,1,1
5,2,0,0,61,81,0,31,88,1736,0,3,0,1,1
3,2,0,0,189,71,2,23,48,1113,0,2,0,2,2
3,6,2,0,189,69,1,25,89,697,0,3,0,2,2
5,4,0,0,81,82,2,39,56,1403,0,3,0,1,2
3,1,1,0,311,58,0,40,68,1435,0,3,0,2,0
1,7,1,0,137,81,3,20,94,350,0,0,0,2,2
5,1,1,1,391,52,1,35,41,380,0,3,0,3,0
3,0,2,0,69,88,2,32,75,1299,0,3,0,1,1
1,1,1,0,129,73,0,35,88,479,0,3,1,2,0
2,0,2,0,70,88,2,27,91,1234,1,3,0,1,1
2,5,1,0,319,57,1,27,66,1518,0,3,0,0,2
2,5,1,0,190,73,2,31,49,1708,0,3,0,2,2
3,7,1,0,228,70,3,40,67,974,1,3,0,2,2
6,7,1,0,338,52,1,31,61,1484,0,3,0,0,0
0,6,2,0,284,63,1,26,68,1351,0,3,0,2,2
2,4,0,0,289,58,3,20,92,1548,0,0,0,2,2
0,2,0,0,164,73,3,24,50,1097,0,3,0,1,1
6,0,2,0,247,64,3,31,91,1597,0,3,0,1,2
4,4,0,0,212,65,1,20,85,1347,0,3,0,2,2
2,1,1,0,264,62,0,22,85,966,1,3,0,2,2
4,4,0,0,63,80,2,29,53,1007,1,3,0,2,2
6,3,0,0,181,70,2,20,66,578,0,3,0,2,2
1,7,1,0,54,81,1,32,80,1507,1,3,0,2,1
4,4,0,0,271,62,1,33,75,1102,0,3,1,0,0
4,3,0,0,209,67,1,33,56,1220,0,3,0,2,2
2,5,1,1,638,25,2,38,85,655,1,3,0,3,3
5,5,1,0,215,72,0,40,84,671,0,3,0,2,2
0,4,0,0,334,54,2,31,72,1002,0,0,0,0,0
3,1,1,0,298,65,1,30,55,1103,0,3,0,2,0
1,3,0,0,207,67,2,33,57,844,0,3,0,2,2
2,7,1,0,342,56,1,34,78,598,0,3,0,0,2
1,6,2,0,341,58,1,35,52,1597,0,3,0,2,2
0,2,0,0,331,59,0,26,59,977,0,3,0,2,2
5,2,0,0,62,80,2,20,95,839,0,3,0,1,1
4,3,0,0,316,58,1,28,79,1563,0,3,0,2,0
3,1,1,0,180,73,1,21,72,797,0,3,0,2,2
3,2,0,1,669,26,0,33,42,1037,0,3,0,3,3
0,0,2,0,145,71,3,36,82,536,1,3,0,1,1
3,6,2,0,289,60,1,31,83,827,0,3,0,2,2
4,2,0,0,107,82,3,26,44,972,0,1,0,2,1
2,3,0,1,420,52,2,40,68,963,0,3,0,3,3
2,0,2,1,642,27,3,23,77,507,1,0,0,3,3
6,5,1,1,576,36,1,36,84,926,0,0,0,3,3
4,4,0,1,601,33,3,37,55,871,1,1,0,3,3
2,1,1,0,159,75,3,30,89,1790,0,3,0,2,1
2,0,2,0,231,67,3,27,49,672,0,3,0,1,1
4,5,1,0,90,82,0,39,43,413,0,1,0,2,1
4,2,0,0,116,84,3,39,71,410,0,3,0,1,1
3,4,0,1,548,38,1,24,83,834,0,3,0,3,3
2,5,1,1,570,35,1,22,50,1267,0,3,0,3,3
3,4,0,0,144,72,0,40,52,947,0,3,0,1,2
1,1,1,0,289,61,1,24,43,664,0,3,0,2,0
2,0,2,1,639,28,0,35,42,1384,1,3,0,3,3
3,3,0,0,146,80,1,24,76,566,0,3,0,2,2
3,0,2,0,300,65,2,35,82,1671,0,3,0,2,2
1,5,1,0,146,76,2,32,50,752,1,3,1,0,0
0,1,1,1,528,38,3,27,58,1069,0,3,0,3,3
5,5,1,0,243,62,1,24,71,656,0,3,0,2,2
1,5,1,0,153,80,1,22,50,615,0,3,0,2,2
4,7,1,0,126,77,0,40,75,1255,0,3,0,2,1
4,1,1,0,285,66,3,22,52,1335,0,3,0,2,2
6,6,2,0,149,76,2,39,74,1721,0,1,0,2,2
6,2,0,0,214,66,0,40,89,829,0,3,1,2,2
5,5,1,0,305,57,2,29,41,790,0,3,0,0,0
5,5,1,0,209,65,3,39,44,1522,0,3,0,2,2
2,2,0,1,432,49,3,39,58,1451,0,3,0,0,0
6,1,1,1,656,26,3,34,82,847,0,3,0,3,3
2,5,1,0,220,72,3,33,89,491,1,3,0,2,2
2,2,0,0,123,83,3,31,40,1012,0,1,0,2,2
5,3,0,0,50,83,1,33,62,1192,0,0,0,2,2
3,3,0,1,520,33,3,31,73,984,0,3,0,3,0
5,1,1,0,283,58,0,36,81,840,0,3,0,2,2
3,5,1,0,236,62,2,24,41,1221,0,3,0,2,2
3,7,1,0,334,57,0,23,88,1203,0,3,0,2,2
6,5,1,0,310,54,3,23,90,1550,0,3,0,2,2
6,5,1,1,425,52,0,21,89,1421,0,3,0,3,3
6,5,1,1,542,41,0,21,60,462,0,3,0,3,3
2,2,0,0,248,62,2,21,47,1601,0,3,0,2,2
3,4,0,0,122,76,1,32,77,1371,0,3,1,2,2
4,0,2,0,107,82,3,24,66,959,0,1,1,2,2
2,5,1,0,154,78,2,21,61,526,0,3,0,2,2
0,5,1,0,56,87,1,20,71,809,0,3,0,2,2
1,1,1,0,50,81,1,40,70,601,0,3,0,1,1
5,6,2,0,182,74,1,25,72,1744,0,1,0,2,2
0,0,2,1,545,38,1,26,90,968,1,3,0,3,3
5,5,1,0,88,84,3,29,51,1022,0,3,0,1,1
5,5,1,0,161,78,2,26,85,1004,0,3,0,2,2
6,7,1,1,634,25,0,22,90,666,0,3,0,3,3
2,6,2,0,189,71,3,33,41,527,0,3,0,1,1
3,7,1,0,158,71,3,30,85,838,0,3,0,2,2
2,3,0,0,65,85,3,23,65,942,0,3,0,1,1
3,0,2,1,549,31,1,37,81,1125,0,3,0,3,3
0,5,1,0,101,83,2,38,84,1372,0,3,0,2,2
3,2,0,0,126,83,1,30,52,327,0,3,0,2,1
2,4,0,0,283,58,1,29,66,1739,0,3,1,0,0
4,6,2,0,117,77,2,20,43,648,1,3,0,2,2
0,0,2,0,350,55,3,36,53,830,0,3,0,2,2
0,1,1,1,598,31,1,35,59,809,0,1,0,3,3
5,7,1,0,335,61,1,33,71,1463,0,3,1,0,3
0,3,0,1,587,29,2,35,60,966,0,2,0,3,3
4,3,0,0,185,77,1,36,59,556,0,3,1,0,0
2,2,0,0,220,65,0,27,51,1203,0,3,1,2,0
2,2,0,0,80,82,3,40,86,1119,0,3,0,1,1
4,2,0,1,396,54,0,21,84,419,0,3,0,0,0
0,1,1,0,306,65,2,20,50,734,0,3,1,0,0
2,5,1,0,328,59,1,24,80,580,0,3,1,0,3
4,7,1,0,217,69,2,32,72,725,0,3,0,2,2
0,7,1,0,126,73,3,24,84,914,0,3,0,1,2
5,1,1,0,216,74,1,40,95,1157,0,3,0,2,2
2,2,0,0,146,76,3,29,44,1026,0,3,0,1,1
2,1,1,1,385,49,0,28,55,915,0,3,0,0,0
2,4,0,1,648,21,0,35,57,1037,0,1,0,3,3
1,7,1,1,409,52,1,34,56,1298,0,3,0,3,3
0,0,2,0,238,68,1,35,90,1779,0,1,0,2,2
5,6,2,0,211,67,2,28,71,1796,0,3,0,2,2
5,0,2,1,680,23,3,40,73,1525,1,3,0,3,3
1,4,0,0,65,89,3,33,94,342,0,3,0,1,1
0,0,2,0,256,63,0,32,73,324,0,3,0,2,2
4,6,2,1,698,24,2,24,64,1100,0,3,0,3,3
2,2,0,0,326,57,3,34,75,459,0,3,0,2,2
1,1,1,0,59,84,2,29,95,1715,0,3,1,2,2
3,3,0,0,278,65,3,40,70,1408,1,3,1,0,0
2,6,2,0,268,67,2,37,49,1098,0,3,0,2,2
6,2,0,0,194,66,1,30,78,570,0,3,1,0,2
5,7,1,0,231,71,3,34,50,862,0,3,1,0,2
0,4,0,0,52,81,1,30,54,384,1,3,0,1,1
0,1,1,0,257,62,1,39,79,1280,1,2,0,0,0
3,7,1,0,97,83,3,20,91,1375,0,0,1,2,2
0,3,0,0,297,58,3,22,40,1673,0,3,1,0,0
4,2,0,0,275,65,0,26,56,1512,0,3,0,2,2
6,5,1,1,520,39,0,25,71,1517,0,1,0,3,3
6,7,1,0,326,59,0,39,79,1292,1,1,0,0,0
3,7,1,0,56,88,3,31,62,1028,0,3,0,1,2
3,5,1,1,568,38,3,40,73,1652,0,3,0,3,3
4,4,0,0,233,72,0,29,84,352,0,3,0,2,2
0,5,1,1,356,52,3,35,52,740,0,3,0,0,0
6,6,2,0,184,73,2,24,70,531,0,1,0,2,2
3,3,0,0,182,77,3,28,91,1482,0,1,0,2,1
3,0,2,0,96,81,3,28,84,1560,0,2,0,1,1
2,3,0,0,73,84,2,27,79,1335,0,3,0,1,1
3,7,1,0,328,60,1,20,45,620,0,3,0,0,0
2,4,0,0,278,60,2,29,62,867,0,3,0,2,2
1,3,0,0,186,69,0,38,94,593,0,3,0,2,1
5,4,0,0,331,56,3,35,69,817,0,1,0,2,0
0,2,0,0,149,76,0,35,59,1512,0,3,0,1,1
1,1,1,0,297,62,0,23,41,1288,0,3,0,2,2
2,5,1,0,121,79,2,34,55,579,0,2,0,2,2
5,7,1,1,382,57,3,28,51,811,0,3,1,3,3
4,1,1,0,150,79,1,24,92,1773,0,0,0,2,2
2,2,0,0,321,62,2,38,68,466,0,3,1,0,0
0,6,2,0,53,86,2,35,81,1624,0,2,0,2,2
5,4,0,0,216,74,1,31,65,408,0,3,0,2,2
0,2,0,1,607,25,2,36,58,543,0,0,0,3,3
0,1,1,0,134,73,0,23,51,1273,0,3,0,2,1
2,5,1,0,306,55,0,23,42,362,0,3,0,2,2
3,0,2,0,334,60,2,25,93,1483,0,3,0,2,2
4,1,1,1,368,58,3,32,90,989,0,3,0,0,0
6,7,1,0,329,53,0,39,67,1435,0,3,0,2,2
6,5,1,0,154,70,1,39,68,913,0,1,0,2,2
0,2,0,1,356,57,2,27,74,880,1,3,0,3,3
4,7,1,0,224,73,2,20,73,324,0,3,1,0,0
0,1,1,0,244,68,0,31,55,1170,1,3,0,2,0
1,3,0,1,647,21,2,24,93,1714,0,3,1,3,3
4,2,0,0,320,58,2,25,50,1686,1,1,0,0,0
2,2,0,0,164,77,2,27,63,710,0,3,0,2,2
2,3,0,0,249,67,2,22,87,517,1,3,0,2,2
4,6,2,1,571,30,2,34,87,365,0,3,1,3,3
1,0,2,0,192,69,1,39,83,593,0,3,0,2,2
3,4,0,0,200,74,3,30,54,1418,0,3,0,1,2
0,5,1,0,287,65,2,37,52,774,0,3,1,0,0
3,1,1,0,263,66,3,27,91,1749,0,3,0,2,2
6,6,2,0,146,76,3,31,44,395,0,3,1,2,1
0,1,1,1,658,27,2,34,72,1302,0,3,0,3,3
4,1,1,0,291,58,3,24,42,775,0,3,0,2,2
4,6,2,0,76,80,1,30,48,967,0,3,0,1,2
2,7,1,1,650,29,1,29,65,1454,0,3,1,3,3
6,1,1,0,112,84,3,33,56,927,0,3,0,1,1
6,6,2,0,280,63,1,34,59,721,0,3,0,2,2
2,3,0,1,662,28,3,29,61,1136,0,3,0,3,3
6,7,1,0,163,71,0,30,90,634,0,3,0,2,1
1,0,2,0,79,88,0,36,48,1707,1,3,0,1,1
3,2,0,0,51,89,3,24,67,1769,0,3,0,1,1
5,3,0,0,350,52,3,39,83,721,0,3,0,2,2
1,0,2,0,92,78,1,35,74,940,0,3,0,1,2
5,1,1,1,558,31,2,36,43,1169,0,3,0,3,3
3,6,2,0,337,59,1,31,40,966,0,3,0,2,0
1,5,1,0,151,73,0,27,56,591,0,3,0,2,2
1,3,0,1,573,35,1,37,61,848,0,3,0,3,3
5,0,2,0,164,79,0,37,49,1521,0,3,0,1,1
2,6,2,0,233,68,3,28,65,1095,0,3,1,2,2
4,0,2,0,345,57,1,34,42,683,0,3,0,2,2
6,2,0,0,253,65,0,33,91,1440,0,3,0,2,2
4,0,2,0,111,83,1,38,58,976,1,3,0,2,1
4,6,2,0,231,69,0,22,83,1148,0,3,0,2,1
3,3,0,1,434,46,0,33,54,713,1,3,0,3,3
0,2,0,0,164,79,2,30,73,863,0,1,0,2,2
5,0,2,0,241,63,2,40,83,407,1,0,0,0,0
0,4,0,0,204,73,3,40,51,1002,1,0,1,0,2
2,7,1,1,584,33,0,33,93,840,0,3,0,3,3
0,6,2,0,155,73,3,33,87,964,1,3,0,1,2
4,7,1,0,292,59,3,24,74,984,0,3,0,2,2
3,6,2,0,206,74,3,28,41,1707,0,1,0,2,2
5,4,0,0,301,60,1,27,77,1507,0,3,0,2,2
0,4,0,0,240,66,3,32,69,1571,0,3,0,2,1
4,0,2,0,279,66,0,20,59,1119,0,3,0,2,2
0,0,2,0,188,76,2,27,61,1775,0,3,1,2,2
3,0,2,0,70,84,0,26,50,343,1,3,0,1,1
6,5,1,0,132,80,0,37,70,1204,0,2,0,2,2
3,0,2,0,299,57,3,20,47,665,0,3,0,2,2
0,4,0,0,189,68,2,35,76,1089,0,3,0,2,2
0,3,0,0,265,63,1,36,65,328,0,3,0,2,2
1,2,0,0,285,57,2,26,52,1638,0,3,0,2,2
5,5,1,0,80,87,3,31,49,454,0,3,0,1,1
4,3,0,0,164,70,0,22,60,1542,0,3,0,2,1
4,3,0,0,256,67,3,32,91,952,0,3,0,2,1
6,2,0,0,165,74,0,21,52,447,0,0,0,2,2
2,4,0,0,130,76,3,33,40,1509,0,3,0,1,1
4,1,1,0,337,53,3,24,95,1353,0,3,0,2,0
6,2,0,0,130,80,3,36,68,757,0,3,0,1,1
5,5,1,0,60,85,0,22,45,887,0,3,0,1,1
4,5,1,1,659,26,1,37,57,799,1,3,0,3,3
5,5,1,0,116,83,3,36,54,1522,0,3,0,1,2
1,5,1,0,205,75,3,28,60,488,0,3,0,2,2
0,0,2,1,617,32,2,37,85,570,0,2,0,3,3
4,7,1,0,297,61,2,29,46,1503,0,2,0,0,0
2,3,0,0,182,74,1,22,50,782,1,3,0,2,2
6,6,2,0,127,81,0,40,54,1213,0,3,0,1,1
1,4,0,1,354,51,1,37,88,1026,0,3,1,3,3
2,0,2,1,365,49,0,29,54,1258,0,3,0,0,0
6,4,0,0,107,82,0,25,94,613,0,3,0,1,2
6,1,1,0,264,61,1,38,77,1704,1,3,0,0,0
4,4,0,0,288,62,2,30,72,319,0,2,1,0,3
2,6,2,0,178,68,0,34,41,384,0,3,0,1,2
2,1,1,0,252,64,2,38,58,440,1,3,0,0,0
5,3,0,0,219,66,2,24,95,876,1,3,0,2,2
6,0,2,1,506,37,2,38,45,962,0,3,0,3,3
4,3,0,0,254,67,0,24,64,1540,0,2,0,2,2
2,0,2,0,277,62,0,27,67,1024,0,3,0,2,2
4,0,2,1,357,52,1,40,44,304,0,3,0,0,0
6,4,0,0,250,66,3,25,93,913,0,3,0,2,2
5,7,1,1,398,56,0,36,45,1636,0,3,0,0,0
2,3,0,0,240,68,3,30,93,555,0,3,0,2,2
6,4,0,0,138,72,2,27,84,1472,0,3,0,2,1
5,1,1,0,127,77,0,20,95,507,0,3,0,2,2
5,0,2,0,97,81,0,38,61,589,0,3,0,1,1
5,4,0,0,326,59,1,23,62,671,0,3,0,2,2
1,4,0,0,335,57,2,35,68,1118,0,0,0,0,0
3,2,0,0,300,64,1,23,83,410,0,3,0,2,2
3,7,1,0,200,68,3,38,80,1298,0,3,0,2,2
0,2,0,0,265,67,2,31,54,1032,0,3,0,2,2
1,4,0,0,98,84,1,40,60,1076,0,3,0,1,1
2,7,1,0,329,58,1,40,86,1671,0,3,0,0,0
2,7,1,0,84,83,0,39,68,507,0,3,1,2,2
1,1,1,0,260,62,1,21,73,1219,0,3,0,2,0
1,7,1,0,110,76,1,37,49,1109,1,3,0,2,2
1,5,1,1,548,34,2,22,46,557,0,1,0,3,3
2,6,2,0,308,58,0,34,70,1798,0,3,0,2,2
3,4,0,0,136,74,0,39,92,1245,0,3,1,2,2
2,0,2,0,248,64,0,34,40,1129,0,3,0,2,1
5,6,2,0,80,83,0,23,63,1586,0,3,0,1,1
4,4,0,0,343,55,3,22,42,582,0,3,0,2,2
2,2,0,0,135,74,1,40,95,1508,0,3,0,2,2
2,0,2,0,123,77,1,27,84,991,0,0,0,2,2
0,0,2,0,72,79,1,31,58,392,0,1,1,2,2
1,6,2,1,509,43,3,21,65,1118,1,1,0,3,3
1,7,1,0,342,53,0,40,75,710,1,2,0,0,0
6,6,2,0,191,74,0,37,91,772,0,3,0,1,1
5,0,2,1,536,42,2,21,53,1233,0,3,0,3,3
0,6,2,0,233,63,0,29,90,1770,0,3,0,2,2
2,4,0,0,175,71,0,39,83,1194,0,3,0,2,2
1,3,0,0,176,68,0,24,47,1714,0,3,0,2,2
1,6,2,0,331,59,3,40,58,461,1,3,0,2,2
0,1,1,0,259,65,3,30,47,1639,0,3,0,2,2
6,4,0,0,220,70,2,39,60,1589,0,3,0,2,2
0,1,1,0,106,83,2,26,70,545,0,3,1,0,0
3,5,1,0,194,70,3,24,67,871,0,1,0,2,2
1,4,0,0,92,84,3,32,86,1436,0,3,1,2,2
4,2,0,0,337,62,1,35,88,1684,0,3,0,2,2
0,0,2,1,635,25,2,26,42,1452,0,3,0,3,3
6,6,2,0,241,66,2,24,89,1294,0,3,0,2,2
2,5,1,1,531,34,0,31,64,1569,0,2,0,3,3
3,0,2,0,179,77,0,32,65,1691,1,3,0,2,2
4,0,2,0,174,75,2,25,52,1371,0,3,0,2,2
3,7,1,0,56,81,2,20,60,1342,0,3,0,2,2
5,5,1,0,137,80,2,32,54,884,0,3,0,2,2
0,6,2,0,186,72,2,37,41,807,0,0,0,2,2
1,3,0,1,567,31,1,25,88,923,0,3,0,3,3
3,6,2,0,75,78,2,28,55,1346,0,0,1,2,2
6,1,1,1,688,21,2,34,57,1420,1,3,0,3,3
5,5,1,0,83,83,2,38,77,433,0,3,0,2,1
5,0,2,0,70,87,0,37,55,913,0,3,0,1,1
3,1,1,0,140,75,2,38,67,907,0,0,0,2,2
5,5,1,0,280,60,3,21,50,1066,0,3,0,2,2
1,2,0,0,306,63,2,34,94,810,0,3,0,2,2
2,7,1,0,171,68,3,23,89,713,0,0,0,2,2
5,5,1,0,332,54,2,21,63,411,0,3,0,0,0
1,1,1,0,174,72,2,36,66,1056,1,3,0,2,2
1,1,1,0,230,72,1,30,76,651,0,3,0,2,2
3,0,2,0,51,83,0,27,44,431,0,3,0,1,1
3,7,1,0,167,75,1,25,68,598,0,3,0,2,2
6,2,0,0,234,64,0,35,40,818,0,3,0,2,2
3,6,2,0,218,73,0,29,65,591,0,3,0,2,2
3,4,0,0,85,78,1,38,56,1385,0,3,0,1,1
1,5,1,0,67,83,2,32,62,1329,0,3,0,2,1
4,7,1,0,266,67,3,21,89,851,0,3,0,2,2
3,3,0,0,115,83,0,22,94,1211,0,3,0,1,2
4,2,0,0,139,81,1,28,77,720,0,3,0,2,1
4,2,0,0,323,59,2,30,75,1113,0,2,0,0,0
3,4,0,0,63,88,0,31,65,518,0,3,0,1,1
2,7,1,0,70,81,3,29,60,444,0,3,0,1,1
1,5,1,0,174,70,2,26,48,1418,0,3,0,2,2
4,6,2,0,116,76,0,20,64,872,0,3,0,1,1
2,7,1,0,233,67,0,23,44,799,0,3,0,2,2
3,0,2,0,212,74,1,33,57,1019,0,3,0,2,2
0,0,2,0,209,75,0,20,82,600,1,3,0,2,2
4,6,2,0,169,79,2,40,41,1795,0,3,0,2,2
0,6,2,0,236,72,1,21,77,864,0,3,0,2,2
2,7,1,0,282,67,3,36,42,787,0,3,0,2,2
3,3,0,0,233,68,0,25,76,1449,0,0,0,2,2
2,2,0,0,316,54,0,26,89,1788,1,3,0,2,0
4,1,1,0,288,59,2,31,41,809,0,3,0,0,0
1,1,1,0,287,61,2,25,46,1577,1,3,0,0,0
6,5,1,0,160,77,3,39,89,357,0,3,0,2,1
3,2,0,0,326,63,2,31,94,1632,0,3,0,2,0
2,7,1,0,120,74,2,35,87,908,0,3,0,2,2
0,4,0,0,187,72,1,23,95,936,0,3,0,2,2
1,0,2,1,421,45,3,40,90,1097,0,2,0,0,3
4,3,0,0,100,82,1,26,75,1512,0,3,0,1,1
1,3,0,1,527,33,3,38,59,814,0,1,0,3,3
0,6,2,0,208,72,1,31,45,1391,0,2,0,2,2
3,2,0,1,434,52,3,34,79,819,0,3,0,0,0
3,1,1,0,218,65,1,33,72,1014,0,3,0,2,0
3,0,2,0,301,65,2,23,75,539,0,3,0,2,2
1,6,2,0,294,63,0,30,68,449,0,3,0,2,2
4,6,2,0,284,65,2,26,56,671,1,3,0,2,2
5,0,2,1,379,56,1,32,83,470,0,1,0,3,0
6,5,1,0,250,70,3,38,79,1703,0,1,1,0,0
0,2,0,1,676,18,2,29,71,829,0,0,0,3,3
3,3,0,0,227,69,3,40,73,1553,0,3,1,2,0
3,5,1,0,328,62,3,34,51,1569,0,3,0,2,2
6,0,2,0,313,63,3,32,77,1161,0,3,0,2,1
4,3,0,0,92,86,0,29,55,1203,0,3,0,1,1
3,5,1,1,394,49,1,24,95,836,0,3,0,3,3
3,7,1,0,83,83,3,27,50,1680,0,3,0,1,1
5,6,2,0,350,54,1,40,55,1550,0,3,0,2,0
4,3,0,0,267,68,0,33,85,1062,0,3,0,2,2
2,5,1,1,595,36,3,22,67,637,1,2,0,3,3
5,6,2,0,87,83,0,27,75,1074,0,3,0,1,1
4,5,1,0,221,63,0,35,51,887,0,3,0,2,2
2,2,0,0,126,81,1,34,45,845,0,2,0,2,2
3,2,0,0,345,52,2,35,46,1463,1,3,0,0,0
0,6,2,0,75,85,3,20,58,1038,0,0,0,1,1
0,6,2,1,488,38,3,28,87,1773,0,3,0,0,0
4,1,1,1,635,28,2,32,71,621,0,3,0,3,3
5,4,0,0,68,79,2,37,69,826,1,0,0,2,2
2,4,0,0,76,86,1,21,91,386,0,3,0,1,2
3,4,0,1,388,53,2,28,44,1237,0,3,0,3,3
1,2,0,0,170,76,1,21,72,988,0,3,0,2,1
3,3,0,0,242,70,1,23,85,1164,0,3,0,2,2
2,1,1,0,159,80,1,33,75,1784,0,3,0,2,2
6,0,2,0,156,75,3,37,67,1540,1,3,0,1,1
0,0,2,0,321,61,3,28,83,1037,0,3,0,2,2
3,2,0,0,171,70,0,30,87,827,0,3,0,2,2
3,4,0,0,192,69,0,37,73,902,1,3,0,2,2
3,2,0,0,94,81,1,34,81,575,0,3,0,1,2
1,7,1,0,193,75,3,35,83,360,0,3,0,2,2
5,5,1,0,152,72,2,27,53,1378,0,3,1,0,0
6,0,2,1,361,58,2,34,40,1372,0,3,1,3,3
1,4,0,0,97,81,3,37,62,833,0,3,0,1,1
2,4,0,0,216,67,2,35,91,1780,0,3,0,2,2
0,0,2,1,657,27,2,22,78,1346,0,3,0,3,3
0,0,2,0,282,57,1,40,74,1546,1,3,0,2,2
5,1,1,0,125,76,3,23,91,1489,0,3,0,1,1
6,3,0,0,81,82,3,38,64,1203,0,3,0,1,1
5,5,1,0,266,64,3,35,69,1681,0,3,0,2,2
2,1,1,1,470,44,0,29,59,386,0,1,0,3,3
6,5,1,1,446,46,0,35,93,1040,0,3,0,3,3
5,2,0,0,205,68,3,40,60,1224,0,3,0,2,2
3,3,0,1,513,44,3,31,83,541,0,3,0,3,0
5,1,1,1,431,48,0,33,87,509,0,3,0,3,3
1,6,2,0,181,76,0,21,75,1561,0,1,0,2,2
2,4,0,0,128,73,3,21,75,757,0,3,0,1,2
0,7,1,1,415,54,1,32,59,1017,0,3,0,3,0
6,2,0,0,293,61,0,37,65,466,1,3,0,2,0
2,6,2,0,255,64,0,24,92,1664,0,3,0,2,2
1,0,2,0,325,54,1,34,87,1119,0,3,0,2,2
2,2,0,1,413,51,2,35,86,1021,0,0,0,3,3
3,6,2,0,205,72,1,20,93,1448,0,0,0,2,2
3,4,0,0,172,72,1,21,40,1203,0,3,0,2,2
4,4,0,0,148,72,0,31,73,904,0,3,0,1,1
0,2,0,0,173,73,3,29,40,1442,0,3,0,1,1
5,0,2,0,257,65,2,34,61,1631,0,3,0,2,2
3,1,1,0,184,71,2,23,58,1711,0,0,0,2,2
4,2,0,0,104,79,0,28,45,1420,0,3,0,1,2
5,2,0,0,210,69,2,25,47,1698,0,3,0,2,2
0,4,0,0,77,85,2,26,44,1301,1,3,0,2,1
3,7,1,0,75,85,1,25,70,1657,1,3,0,2,1
0,0,2,0,174,77,3,33,69,1163,0,3,0,1,1
1,2,0,1,608,29,1,36,46,1011,1,2,0,3,3
6,1,1,1,694,16,0,23,84,511,0,3,0,3,3
4,7,1,0,280,65,2,21,63,1193,0,2,0,0,0
2,4,0,0,232,66,3,40,52,998,0,3,0,2,2
1,1,1,1,513,40,3,28,73,1293,0,3,0,3,3
4,3,0,0,171,71,2,40,92,1793,1,3,0,2,2
5,4,0,0,151,71,3,32,61,594,0,3,0,1,1
6,3,0,1,414,48,0,36,94,1033,0,0,0,3,3
0,1,1,0,105,76,3,29,71,1705,0,3,0,1,1
6,1,1,0,117,77,3,37,49,388,0,3,0,1,1
3,7,1,1,642,22,2,24,45,1644,0,3,0,3,3
2,1,1,1,614,27,3,39,78,755,0,1,0,3,3
6,2,0,1,609,30,1,28,86,1656,1,3,0,3,3
5,0,2,0,187,75,1,23,53,311,0,3,0,2,1
6,0,2,0,206,72,1,20,89,1492,0,3,0,2,2
2,3,0,1,468,47,0,31,55,1555,0,3,0,3,3
6,6,2,0,176,77,0,30,80,1655,0,3,0,1,1
0,2,0,0,341,52,1,33,48,559,0,3,0,2,2
5,5,1,0,348,55,2,24,94,1359,0,3,0,0,2
4,1,1,0,271,68,3,22,90,1168,0,3,0,2,2
2,4,0,1,692,21,3,22,95,1493,0,3,0,3,3
3,3,0,0,240,66,3,34,94,1035,1,3,0,2,2
2,4,0,0,328,57,3,29,50,540,0,3,0,2,2
3,4,0,1,640,23,1,31,65,1792,0,3,0,3,3
3,1,1,0,185,74,2,23,71,775,0,3,0,2,2
2,3,0,1,625,33,3,26,83,843,0,3,0,3,3
3,5,1,0,227,71,1,24,62,697,0,3,0,2,2
5,2,0,0,258,64,3,36,81,1534,1,3,0,2,2
0,2,0,1,670,26,1,32,81,1073,0,3,0,3,3
6,6,2,0,169,77,2,34,53,692,0,3,0,2,2
4,1,1,0,240,62,2,27,79,1732,0,0,0,0,0
0,7,1,0,108,79,1,27,58,1288,0,3,0,2,2
6,4,0,0,260,62,0,22,52,1503,0,3,0,2,2
5,7,1,1,537,32,2,35,64,1790,0,1,0,3,3
1,4,0,0,309,58,2,36,82,449,1,2,0,0,0
5,2,0,1,570,32,0,40,63,386,0,3,0,3,3
0,2,0,0,248,64,3,30,95,806,1,3,0,2,2
5,7,1,0,85,85,2,21,59,1154,0,1,0,2,2
2,1,1,1,634,22,1,23,70,344,0,3,0,3,3
5,0,2,0,342,54,3,25,66,1224,0,3,0,2,2
2,4,0,0,245,64,2,31,57,488,0,0,0,0,0
0,5,1,0,142,73,1,28,61,550,0,3,1,0,2
4,1,1,1,640,31,0,35,75,1740,0,3,0,3,3
2,4,0,0,59,82,3,22,42,1602,0,3,0,1,1
4,7,1,0,152,73,0,20,48,581,0,2,0,2,2
2,1,1,0,349,58,2,26,51,1009,0,1,0,0,0
1,2,0,0,124,79,0,38,53,446,0,3,0,1,2
6,5,1,1,617,24,2,26,72,354,0,3,1,3,3
3,1,1,1,631,28,2,26,69,493,0,0,0,3,3
5,6,2,0,174,73,2,22,51,1645,0,3,0,2,2
5,5,1,0,99,78,3,23,83,739,0,3,0,1,1
0,7,1,0,213,69,0,26,79,1759,0,3,0,2,2
4,2,0,0,214,71,0,29,79,1656,0,3,0,2,2
2,6,2,0,349,56,2,28,47,320,0,3,0,2,2
5,6,2,0,287,66,1,34,90,407,0,3,0,2,2
2,2,0,0,259,61,3,33,88,893,0,3,0,2,2
6,3,0,0,189,74,0,23,60,1215,0,3,0,2,2
3,5,1,0,150,74,2,32,74,622,0,3,0,2,2
3,1,1,0,268,69,2,29,50,838,0,3,0,2,2
6,6,2,0,106,83,1,28,60,679,1,3,0,2,1
1,2,0,0,260,64,2,36,93,1403,1,3,0,2,0
6,1,1,0,185,72,2,33,73,1349,0,3,0,2,2
1,1,1,0,152,80,3,27,72,341,0,3,0,1,2
2,3,0,0,104,82,1,24,72,1655,0,3,0,1,1
4,4,0,1,640,29,2,34,57,604,0,1,0,3,3
6,4,0,0,304,60,0,32,70,658,0,3,1,0,0
5,2,0,1,361,51,0,30,81,1778,0,3,0,0,0
4,5,1,0,279,62,0,25,93,1441,0,3,1,0,0
0,4,0,0,291,66,1,25,89,662,0,3,0,2,2
2,1,1,0,169,77,1,32,48,741,0,3,0,2,2
6,5,1,0,103,79,1,32,42,556,1,3,0,2,2
6,3,0,1,429,43,3,36,55,580,0,3,0,0,0
6,3,0,0,180,73,2,26,52,1067,0,3,0,2,2
4,7,1,0,54,83,1,38,69,387,1,3,0,2,2
1,7,1,0,151,77,0,33,94,551,0,3,0,2,2
0,4,0,0,252,65,1,21,94,1608,0,3,0,2,2
1,7,1,0,230,71,3,37,83,1462,0,3,0,2,2
4,2,0,0,300,65,0,31,89,1681,0,3,0,2,2
6,6,2,1,674,27,1,36,69,349,0,3,0,3,3
0,0,2,0,155,76,0,23,47,1499,0,3,0,1,2
1,7,1,0,83,81,3,32,86,1261,0,3,0,1,1
3,3,0,0,293,56,0,34,73,882,0,3,0,2,2
4,0,2,0,342,53,3,31,64,1193,0,2,0,2,0
6,2,0,1,528,42,2,25,82,445,0,3,0,3,3
5,0,2,0,296,64,0,28,84,849,0,3,0,2,2
4,5,1,1,586,34,1,40,46,381,0,3,0,3,3
0,0,2,0,253,61,1,26,84,802,0,3,0,2,2
4,7,1,0,157,74,0,26,94,360,0,3,0,2,2
6,0,2,0,276,63,3,30,68,1194,0,3,0,2,2
1,0,2,0,155,78,1,21,41,1577,0,3,0,2,2
4,7,1,1,507,35,2,22,54,1085,0,2,0,3,3
4,5,1,0,164,72,3,40,95,539,0,3,0,2,2
1,4,0,0,67,87,0,21,76,985,0,3,1,2,2
2,5,1,0,143,80,0,24,71,698,0,3,0,2,1
0,1,1,0,250,65,0,37,42,1563,0,3,0,2,2
3,6,2,0,213,74,0,30,88,1397,0,3,0,2,1
5,3,0,0,108,76,2,26,84,379,0,3,0,2,1
3,4,0,0,246,66,1,25,49,1017,0,3,0,2,2
5,4,0,1,476,48,2,22,49,1740,1,3,0,3,3
2,1,1,0,268,67,1,20,49,652,1,3,0,0,2
2,0,2,0,303,62,2,39,41,667,0,2,0,0,2
4,4,0,0,146,75,1,26,92,1372,0,3,0,2,1
3,6,2,1,421,50,2,30,61,985,0,3,0,0,3
0,7,1,0,230,71,1,26,58,1147,0,3,0,2,2
1,6,2,1,394,56,1,24,60,312,1,3,0,0,0
3,3,0,1,391,54,1,34,49,1689,0,3,0,0,0
5,0,2,1,546,33,2,24,77,1730,0,3,0,3,3
4,1,1,1,433,42,3,24,44,627,0,3,0,0,0
3,3,0,0,90,85,2,28,93,1465,0,3,0,2,1
1,3,0,0,207,74,0,30,67,675,0,3,1,2,0
3,4,0,0,141,74,0,25,49,1232,0,2,0,2,2
1,1,1,0,153,77,3,28,71,652,0,3,0,1,1
2,3,0,0,144,71,2,38,72,1635,0,1,0,2,2
0,1,1,1,484,47,2,39,42,685,0,3,0,3,3
6,2,0,1,538,37,3,31,79,457,0,3,0,3,3
5,7,1,0,76,80,3,26,54,1269,0,3,0,1,1
6,5,1,0,77,81,3,30,90,1544,0,3,0,1,1
2,2,0,0,88,83,3,40,73,1434,0,3,0,1,1
2,1,1,0,124,73,1,32,86,1592,0,3,0,2,2
6,3,0,0,225,66,0,28,55,1066,0,3,0,2,2
3,3,0,1,690,25,3,37,75,1027,0,3,0,3,3
2,0,2,0,67,82,3,25,69,450,0,3,0,1,1
4,3,0,1,673,18,3,28,89,1263,0,3,0,3,3
1,2,0,0,251,67,1,20,51,820,0,2,0,2,0
0,6,2,0,208,67,0,33,66,472,0,3,0,2,2
5,2,0,0,110,77,2,30,80,841,0,3,0,2,2
6,1,1,0,303,55,1,31,86,893,1,3,0,0,0
1,2,0,1,503,37,1,37,41,938,0,1,1,3,3
5,4,0,0,114,74,2,35,62,1144,0,3,0,2,2
4,4,0,0,329,55,1,33,94,1120,0,3,0,2,2
5,6,2,0,265,66,2,22,79,741,1,3,0,2,2
4,3,0,0,96,84,2,38,88,954,0,3,0,2,1
5,1,1,1,494,38,3,21,66,702,1,3,0,3,3
0,0,2,0,317,62,1,20,53,400,1,3,0,2,2
2,5,1,0,304,57,0,29,68,1296,0,3,0,2,0
2,7,1,0,89,79,0,28,50,977,0,3,0,1,2
0,0,2,0,229,67,0,29,67,616,0,3,0,2,1
2,3,0,1,371,48,2,39,55,349,0,3,0,0,0
1,2,0,0,107,76,1,21,92,1718,0,3,0,2,2
6,3,0,1,431,48,2,40,78,1468,0,3,0,3,3
3,3,0,0,95,77,3,37,57,1571,0,3,0,1,1
2,0,2,0,104,84,1,37,56,408,0,3,0,1,2
6,7,1,1,371,57,2,25,50,1734,0,3,0,3,0
5,6,2,0,315,62,3,37,47,1263,0,3,0,2,2
2,7,1,0,237,66,3,27,62,1018,1,3,0,2,2
3,7,1,0,108,81,0,27,44,1090,0,3,0,2,2
3,2,0,0,124,74,1,26,87,819,0,3,0,2,2
2,0,2,0,233,65,1,33,83,622,0,2,0,2,2
6,1,1,0,181,73,1,24,68,1069,0,3,0,2,2
2,4,0,1,475,39,0,24,73,1439,0,3,0,3,3
4,4,0,0,292,60,2,39,95,826,1,3,0,0,0
2,7,1,0,91,85,3,37,77,418,1,2,0,2,2
3,7,1,0,88,84,0,34,48,929,0,3,0,1,2
5,1,1,0,205,66,3,30,76,1508,0,1,0,2,2
0,1,1,0,339,62,2,30,57,930,0,3,0,0,0
5,6,2,0,159,75,1,24,86,611,0,3,0,2,1
3,4,0,0,183,73,2,33,93,1087,1,3,1,0,0
3,0,2,0,131,77,0,28,75,396,0,3,0,1,1
1,1,1,0,292,66,0,38,87,557,0,3,0,2,2
5,7,1,0,247,69,3,21,75,445,0,3,0,2,2
1,4,0,0,231,65,3,23,76,1091,0,2,0,2,2
4,1,1,0,132,82,0,24,81,749,0,1,0,2,2
1,4,0,0,270,59,0,37,69,553,0,3,0,2,2
5,1,1,0,87,80,3,27,63,364,0,3,0,1,2
2,3,0,1,632,31,3,28,73,622,0,2,0,3,3
5,6,2,0,107,75,0,25,56,1525,0,3,0,1,1
2,4,0,0,256,68,3,34,58,1417,0,3,0,2,2
0,6,2,0,122,80,3,33,41,1781,0,3,0,1,1
2,2,0,0,337,54,3,27,41,1309,0,1,0,2,2
3,6,2,0,216,74,2,28,51,1587,1,3,0,2,2
4,5,1,0,320,53,1,33,47,1164,0,2,0,0,0
4,0,2,0,131,81,2,33,78,338,0,3,0,1,1
4,1,1,0,288,65,3,40,69,692,0,2,0,2,0
6,3,0,0,137,73,2,38,83,1057,0,3,0,2,2
1,6,2,0,216,74,2,25,61,1003,0,2,0,2,2
3,0,2,0,292,63,3,35,84,460,1,3,0,2,2
5,3,0,0,330,57,2,24,65,1719,0,3,0,2,0
3,4,0,0,179,68,2,35,78,1040,0,3,0,2,2
3,2,0,0,151,79,2,37,59,1340,0,3,0,2,2
3,7,1,0,170,68,0,24,87,619,1,3,0,2,2
2,4,0,0,148,78,3,38,63,1355,0,3,0,1,1
0,2,0,0,235,64,0,33,46,1331,0,3,0,2,2
6,2,0,0,111,77,1,38,47,1643,0,3,0,2,2
6,0,2,1,463,43,1,38,81,1700,0,0,0,3,3
0,7,1,1,625,24,3,33,80,1494,0,1,0,3,3
5,7,1,1,521,43,3,35,58,1616,0,2,1,3,3
5,4,0,0,294,61,3,28,42,551,0,3,0,2,2
4,5,1,0,166,72,1,30,40,364,0,3,0,2,2
2,7,1,0,240,69,2,32,62,390,0,2,1,0,0
5,6,2,0,186,67,1,27,74,1652,0,3,0,2,1
6,0,2,0,332,55,0,31,44,1494,0,3,0,2,2
4,2,0,1,654,30,0,38,65,1185,0,3,0,3,3
5,5,1,1,606,26,3,20,43,530,0,3,0,3,3
5,2,0,0,279,66,3,29,83,1481,0,3,0,2,2
2,7,1,0,129,80,2,22,56,1183,0,3,0,2,2
6,3,0,0,181,77,3,35,72,398,1,3,0,2,2
1,3,0,0,221,64,1,38,48,1727,0,3,0,2,2
2,5,1,0,121,76,0,21,73,1259,0,1,1,0,0
5,5,1,0,202,75,1,34,49,512,0,2,0,2,0
6,1,1,0,225,69,3,20,62,308,0,3,0,2,1
5,5,1,0,116,80,0,34,54,440,0,3,0,2,2
1,5,1,0,238,65,3,36,65,1761,0,3,0,2,2
1,5,1,0,224,63,1,31,93,1195,0,3,0,2,2
5,0,2,0,302,63,0,31,73,927,1,0,0,2,0
2,0,2,0,350,52,2,29,85,1299,0,3,0,2,0
2,6,2,0,260,68,0,29,62,799,0,3,0,2,2
4,4,0,1,483,42,1,32,87,1150,0,3,0,3,3
4,5,1,0,226,69,1,39,56,1259,1,3,0,2,0
0,3,0,0,216,64,3,39,83,1643,0,3,0,2,2
4,7,1,0,114,79,3,22,55,786,0,1,0,2,2
0,1,1,0,176,73,3,25,91,605,0,3,0,2,2
3,3,0,0,242,64,3,39,56,429,0,3,0,2,2
0,4,0,1,444,41,1,26,46,485,0,3,0,3,3
4,7,1,0,76,78,0,38,56,628,0,1,0,2,2
3,2,0,0,220,63,1,39,61,1400,0,3,0,2,2
0,2,0,0,90,86,0,37,59,583,0,3,0,1,1
6,0,2,1,632,23,3,38,40,1024,0,3,0,3,0
2,6,2,0,125,83,3,25,47,982,0,3,0,1,1
1,2,0,0,338,62,3,36,95,410,0,3,0,2,2
4,3,0,0,122,81,2,21,43,711,0,3,0,2,2
0,5,1,1,537,33,2,38,79,1045,0,3,0,3,3
0,5,1,0,260,61,2,25,93,456,0,3,0,2,2
2,1,1,0,199,73,3,28,65,1780,1,3,0,2,2
0,1,1,0,204,73,2,40,54,454,0,3,1,0,0
2,6,2,0,228,68,2,28,52,370,1,3,0,2,2
4,3,0,1,700,22,0,38,60,1746,0,3,0,3,3
4,2,0,0,171,69,3,25,59,1344,0,3,0,1,1
6,7,1,0,275,68,1,37,63,982,0,1,0,0,0
5,0,2,0,147,77,1,23,60,420,1,3,1,2,2
6,5,1,0,191,69,2,33,56,1602,0,3,0,2,2
3,3,0,0,104,79,0,35,85,326,0,3,0,1,2
5,4,0,0,101,77,0,39,76,633,0,3,0,1,1
4,4,0,1,695,25,2,36,52,1173,0,3,0,3,3
3,0,2,0,255,62,2,32,45,541,0,3,0,2,2
4,1,1,0,309,56,2,27,56,391,0,1,0,0,0
2,6,2,0,67,84,1,39,74,1250,0,3,0,1,1
6,7,1,0,268,61,1,40,55,1768,0,3,0,2,0
5,4,0,1,493,37,3,35,42,680,0,3,0,0,0
5,5,1,0,201,73,2,39,70,1041,0,3,0,2,2
0,1,1,1,392,55,1,38,93,347,0,3,0,3,3
4,2,0,0,57,82,0,30,79,526,0,3,0,1,1
5,7,1,0,197,76,2,40,64,697,0,2,0,0,0
0,1,1,1,499,45,3,33,65,576,0,3,0,3,3
1,7,1,0,309,60,3,27,95,692,0,2,0,0,0
2,1,1,0,56,85,1,28,61,1610,0,0,0,2,2
0,3,0,1,637,32,3,28,92,335,0,3,0,3,3
1,1,1,1,569,31,3,37,80,1271,0,3,0,3,3
3,0,2,0,160,74,1,21,65,471,0,3,0,2,2
4,7,1,0,52,89,3,20,52,797,0,3,0,1,1
3,3,0,1,666,27,3,28,95,1344,0,3,0,3,3
6,3,0,0,94,86,2,35,45,1310,0,1,0,2,2
3,3,0,1,653,23,2,26,93,1316,0,3,0,3,3
0,6,2,1,538,40,3,36,66,1633,0,3,0,0,3
6,0,2,0,172,78,0,26,50,1636,0,3,0,1,1
4,7,1,0,106,76,1,26,85,1712,0,2,0,2,2
3,0,2,0,179,72,3,26,65,1725,0,3,0,1,1
2,3,0,0,270,63,3,23,78,497,0,1,0,2,2
4,6,2,0,173,76,3,27,51,1794,0,3,0,1,1
1,1,1,1,433,45,3,28,41,1074,1,3,0,3,3
2,2,0,1,639,28,3,27,63,425,0,3,0,3,3
0,4,0,1,454,49,0,40,79,892,1,3,0,3,3
2,3,0,0,270,66,2,26,59,751,1,3,0,2,2
5,4,0,0,58,80,2,21,62,940,0,3,1,2,2
5,3,0,0,259,63,3,20,79,1656,0,1,0,2,2
0,7,1,0,263,68,1,26,53,982,0,0,0,0,0
3,1,1,0,238,71,1,36,64,881,0,3,0,2,2
1,6,2,0,215,71,3,34,77,741,0,3,0,1,1
6,3,0,0,326,61,1,28,82,1314,1,3,0,0,2
5,3,0,1,700,21,1,39,46,1569,1,3,1,3,3
2,1,1,0,229,66,0,32,66,1625,0,1,0,2,2
5,5,1,0,253,65,2,23,41,1606,0,3,0,2,2
3,1,1,0,176,74,3,25,77,745,0,3,0,2,1
2,5,1,0,64,88,3,27,84,1724,0,3,0,1,1
1,5,1,1,476,38,3,32,74,686,0,0,0,3,3
3,1,1,0,221,73,2,39,72,451,0,3,0,2,2
4,7,1,1,617,28,3,38,94,519,0,3,0,3,3
1,1,1,0,154,79,3,39,60,641,0,3,0,1,1
6,4,0,0,260,65,3,40,56,1460,0,3,0,2,1
3,3,0,0,347,58,0,22,77,439,0,3,0,2,2
5,4,0,0,239,70,1,32,95,754,0,3,0,2,2
1,1,1,0,148,75,1,24,43,500,0,1,0,2,2
6,7,1,0,155,74,0,38,88,846,0,3,0,2,2
5,5,1,0,131,73,3,35,67,1426,0,3,0,1,2
4,6,2,0,165,73,3,36,95,1337,0,3,0,1,1
2,1,1,0,310,57,2,30,42,852,0,2,0,0,0
0,7,1,0,167,76,2,39,51,1365,0,3,0,2,2
0,0,2,0,79,86,3,38,61,453,0,3,0,1,1
5,2,0,1,607,32,2,38,85,1158,0,3,0,3,3
1,7,1,0,63,88,0,27,86,846,1,3,0,2,1
6,7,1,0,129,76,1,22,84,1433,0,3,0,2,2
6,2,0,0,200,67,3,22,79,558,0,0,0,2,2
5,3,0,0,231,70,1,24,66,967,0,1,0,2,0
6,3,0,0,144,80,3,20,78,427,1,0,0,2,2
4,1,1,0,239,62,0,22,64,1614,0,3,1,0,0
6,2,0,0,310,62,3,36,66,367,0,3,0,2,2
6,0,2,0,262,64,1,33,67,1210,0,3,0,2,2
1,2,0,0,278,63,2,21,79,1706,0,3,0,2,2
3,2,0,0,89,78,0,37,61,445,0,3,0,1,1
2,7,1,0,99,82,0,29,42,1512,0,1,0,2,2
0,7,1,0,211,65,3,20,50,1093,0,3,0,2,2
4,4,0,1,362,59,2,28,72,1245,0,3,0,0,0
3,5,1,0,100,84,2,38,79,427,1,3,1,0,0
2,4,0,1,540,32,2,23,93,996,0,3,0,3,3
4,6,2,0,112,79,1,29,60,1348,0,3,0,1,2
4,4,0,0,133,77,2,38,66,1325,0,3,1,2,2
5,4,0,0,240,62,0,24,42,855,0,0,0,2,2
4,6,2,0,168,76,2,30,45,622,0,3,0,2,2
2,7,1,0,182,77,0,30,82,702,0,3,1,0,2
6,0,2,0,229,66,0,39,79,372,0,3,0,2,1
0,5,1,0,322,58,0,30,64,1243,0,3,0,2,0
5,1,1,0,171,72,3,37,85,868,0,3,0,2,1
5,0,2,0,252,65,2,35,55,1442,0,3,0,2,2
6,0,2,0,107,77,2,20,83,1068,0,3,0,1,1
2,6,2,0,173,70,3,21,68,1087,0,3,0,1,1
2,5,1,0,181,77,3,39,46,825,0,3,0,2,2
0,5,1,1,361,49,3,30,62,745,0,3,0,0,0
2,3,0,0,331,62,3,34,83,772,0,3,0,2,2
2,7,1,0,69,83,3,33,71,1339,0,2,0,2,2
1,1,1,1,513,34,0,39,81,1462,0,3,0,3,3
0,5,1,0,262,59,2,37,84,1744,0,3,0,2,0
5,3,0,0,252,63,3,33,49,1194,0,3,0,2,2
1,6,2,0,314,56,0,29,76,1562,0,3,1,0,0
6,3,0,0,345,53,3,38,89,1582,0,3,0,2,2
5,7,1,0,55,85,0,30,65,1335,0,3,0,1,1
1,3,0,0,214,65,2,37,51,1303,0,3,0,2,2
0,7,1,1,482,42,2,22,87,1627,0,3,0,3,3
3,2,0,0,180,67,2,36,73,871,0,3,0,2,2
4,5,1,0,301,57,2,35,43,1660,0,3,0,0,0
4,5,1,1,685,20,3,39,87,1135,0,3,0,3,3
6,1,1,0,107,82,3,31,76,1549,0,3,0,1,2
1,2,0,0,78,88,3,30,66,1318,1,3,0,1,1
5,7,1,0,243,65,0,27,53,1501,0,0,0,2,2
0,3,0,0,81,85,3,33,83,1266,0,3,0,1,1
6,7,1,1,499,41,3,39,44,1496,0,3,0,3,0
1,6,2,1,356,59,1,27,77,497,0,3,0,0,0
3,0,2,0,307,62,2,36,72,904,0,3,1,0,0
2,7,1,0,271,67,3,34,87,831,1,3,0,2,2
6,0,2,0,328,55,0,20,43,718,0,3,0,2,2
3,4,0,1,678,28,3,36,41,1259,0,3,0,3,3
1,0,2,0,346,53,2,34,84,1226,0,3,0,2,0
4,6,2,0,176,77,1,24,44,1032,0,3,0,2,2
1,4,0,1,600,34,0,40,60,1555,0,1,0,3,3
4,3,0,0,98,80,2,30,50,352,0,2,0,2,2
2,5,1,1,683,27,0,40,88,1793,0,3,1,3,3
1,2,0,1,387,54,3,23,92,396,0,3,0,0,0
0,6,2,1,434,49,3,37,66,671,0,3,0,0,0
6,7,1,0,73,85,1,27,74,1044,0,3,0,2,1
3,1,1,0,333,57,2,32,92,986,0,3,0,0,2
1,6,2,1,685,27,0,23,92,1203,0,3,0,3,3
2,4,0,0,61,85,0,32,69,684,1,3,0,1,2
5,0,2,0,146,73,1,23,68,871,0,0,0,2,2
1,3,0,0,115,81,1,30,89,984,1,0,0,2,2
5,3,0,0,204,72,0,21,71,1098,0,3,0,2,1
2,0,2,1,516,42,1,38,55,1669,1,3,0,3,3
1,6,2,0,341,55,2,34,73,742,0,3,0,2,2
4,1,1,0,175,78,0,28,43,1121,0,3,1,2,0
5,5,1,0,183,67,2,24,47,1687,0,3,0,2,2
4,5,1,0,93,81,0,25,70,1346,0,3,0,1,1
2,0,2,0,337,59,2,31,79,1051,0,3,0,2,2
6,2,0,0,152,77,3,35,51,561,1,2,0,2,2
2,2,0,0,321,57,0,26,41,325,0,3,0,2,2
2,2,0,0,68,80,1,22,64,1495,0,3,0,1,1
5,2,0,0,235,62,2,36,67,346,0,3,0,2,2
5,1,1,1,508,39,0,31,47,565,0,3,0,3,3
4,5,1,1,685,23,1,30,40,1756,0,3,0,3,3
2,7,1,1,612,26,3,26,79,1243,0,3,0,3,3
5,3,0,0,171,71,0,26,51,1496,0,0,1,0,0
0,1,1,0,288,62,1,25,62,1537,0,3,0,2,2
1,0,2,0,288,63,2,20,62,632,0,3,0,2,2
1,0,2,1,595,36,3,27,75,557,0,3,1,3,3
6,2,0,0,85,77,3,40,64,611,0,3,0,1,1
2,3,0,0,114,80,1,24,48,947,0,3,0,2,1
6,0,2,0,274,67,0,32,61,952,0,3,0,2,2
2,7,1,0,56,80,3,23,59,585,0,3,0,1,1
0,7,1,0,314,64,3,31,69,1159,1,3,0,2,2
3,0,2,1,422,52,1,35,94,1784,1,3,0,3,3
2,6,2,1,422,51,2,24,68,1450,0,3,0,0,3
5,2,0,0,149,79,1,27,86,546,0,3,0,2,1
5,6,2,0,299,66,2,37,48,1570,1,3,0,2,0
2,5,1,0,270,61,0,28,42,1520,0,3,0,2,2
4,0,2,0,104,79,3,26,52,1132,0,3,0,1,1
4,1,1,0,222,65,1,23,71,894,0,3,1,0,0
4,2,0,0,193,66,1,40,95,325,0,3,1,0,0
0,2,0,0,254,67,2,29,77,1320,0,3,0,2,2
4,3,0,0,115,77,2,23,85,1138,0,3,0,2,1
1,6,2,0,163,76,1,34,73,1330,0,3,0,2,2
0,2,0,0,322,54,0,25,44,1627,0,3,0,2,2
1,5,1,0,104,75,0,27,54,1691,0,3,0,1,1
0,3,0,0,344,52,2,36,88,1724,0,3,0,0,0
5,0,2,0,279,68,3,39,76,1627,0,3,0,2,2
2,6,2,0,199,71,2,39,86,1325,0,3,0,2,2
6,3,0,0,230,63,0,36,59,1121,0,3,0,2,2
1,6,2,0,247,69,2,25,57,493,0,2,0,2,0
1,3,0,0,309,65,3,22,69,1309,0,1,0,2,0
1,6,2,0,324,54,1,35,61,1114,0,3,0,2,2
5,4,0,1,613,29,0,37,71,677,0,0,0,3,3
0,6,2,0,329,56,2,38,86,1342,0,3,0,2,2
4,1,1,1,572,34,1,27,88,925,0,3,0,3,3
6,1,1,0,142,79,3,37,42,691,0,3,0,1,2
3,7,1,1,451,41,3,31,53,682,0,3,0,0,0
6,0,2,0,207,67,3,34,49,1027,0,3,0,1,1
2,5,1,0,228,72,2,33,43,1437,0,2,0,0,0
1,4,0,0,176,74,1,31,67,943,1,3,0,2,2
2,4,0,1,446,46,1,28,81,1755,0,3,0,3,3
6,2,0,0,106,83,2,30,69,1175,0,1,0,2,2
4,2,0,1,565,35,0,35,50,1361,0,0,0,3,3
2,3,0,0,185,70,1,25,68,382,0,3,0,2,2
2,7,1,0,51,81,3,28,53,1224,0,3,0,1,1
1,2,0,0,255,70,3,35,41,1530,0,0,0,2,2
0,6,2,0,266,62,2,24,84,982,0,3,0,2,2
3,3,0,0,338,53,1,26,42,1640,0,3,0,2,2
5,0,2,0,156,78,2,24,81,326,0,3,0,2,2
5,0,2,1,673,21,1,37,75,1670,0,3,1,3,3
3,6,2,1,543,34,0,39,84,954,0,3,0,3,3
4,3,0,1,580,32,3,27,61,1682,1,3,0,3,3
3,0,2,0,79,81,3,37,67,462,0,3,1,2,1
0,0,2,1,399,53,1,35,78,1124,1,3,0,0,3
0,4,0,0,321,55,3,20,60,1061,1,0,0,0,0
2,1,1,0,52,84,1,21,88,1410,0,3,0,1,2
0,1,1,0,268,59,2,28,84,858,0,3,0,2,2
5,2,0,0,90,79,2,22,58,725,0,3,0,2,1
6,2,0,0,195,72,0,28,47,843,0,3,0,2,1
3,2,0,0,138,80,0,27,78,359,1,3,0,2,1
1,6,2,1,453,45,0,28,58,1505,0,0,0,3,3
6,6,2,0,228,71,1,34,74,946,0,0,0,2,0
3,1,1,0,346,53,3,35,50,854,1,3,0,2,0
2,2,0,0,206,74,2,21,81,1702,1,3,0,2,2
3,0,2,0,189,73,2,38,72,1599,0,3,0,2,2
0,0,2,0,175,73,0,39,62,407,0,3,0,1,1
0,7,1,0,227,65,2,32,47,1667,1,3,0,2,2
6,6,2,0,221,65,1,25,80,1662,0,3,0,2,2
2,1,1,0,330,60,1,39,85,786,0,3,0,0,0
6,6,2,0,249,67,1,33,43,602,0,3,0,2,1
4,6,2,0,149,79,1,26,66,525,0,3,1,2,0
6,1,1,0,338,57,1,25,45,1559,0,3,0,0,0
2,3,0,0,350,60,0,22,62,986,0,3,0,2,2
4,2,0,1,592,33,3,38,51,1197,0,3,0,3,3
3,7,1,1,439,43,2,26,42,746,0,0,0,3,3
2,5,1,0,244,62,1,35,69,1483,0,3,0,2,2
6,3,0,1,640,24,3,20,44,640,1,3,0,3,3
3,1,1,0,151,80,3,34,43,1306,0,1,0,2,2
1,5,1,0,307,59,3,28,59,1064,0,3,0,2,2
4,0,2,1,617,26,2,35,83,870,0,3,0,3,3
6,0,2,0,187,74,3,36,92,586,0,3,0,1,1
5,2,0,0,152,78,0,31,64,886,0,1,0,2,2
5,7,1,0,333,53,1,25,65,1204,0,3,0,0,0
6,1,1,0,55,90,3,33,92,986,0,3,0,1,1
1,4,0,0,85,82,3,36,52,1745,0,3,0,1,1
6,6,2,0,341,51,2,32,86,625,0,3,0,2,0
1,2,0,0,164,77,2,37,85,1109,0,3,0,2,2
1,7,1,1,693,25,1,24,75,1380,0,3,0,3,3
0,1,1,0,120,74,2,35,51,684,0,3,0,2,2
0,5,1,0,147,76,1,20,81,1726,0,3,0,2,2
2,0,2,0,284,67,1,26,74,1250,0,3,0,2,2
1,1,1,0,297,62,0,40,78,1356,0,3,1,0,0
5,2,0,1,517,37,0,33,73,1246,0,3,0,3,3
0,0,2,0,89,82,2,23,67,654,0,3,0,1,1
4,3,0,0,301,64,3,38,81,1641,0,3,0,2,2
6,5,1,0,145,79,2,40,74,1574,0,3,0,2,2
1,5,1,1,509,35,3,38,88,676,0,3,0,3,3
1,0,2,0,222,67,2,34,82,770,0,3,0,2,2
5,7,1,1,529,40,2,38,68,1284,0,3,0,3,3
4,6,2,0,216,68,0,35,44,663,0,3,0,2,2
1,7,1,0,61,85,0,38,86,1470,0,3,0,1,1
6,0,2,0,324,59,3,26,87,1459,0,3,0,2,1
4,6,2,0,341,53,0,37,74,505,0,3,0,2,2
3,2,0,0,111,80,1,35,51,319,0,3,0,2,1
4,4,0,0,336,53,1,22,66,858,0,3,0,2,0
4,7,1,0,340,61,3,25,78,1345,0,1,0,0,0
5,1,1,0,336,61,1,28,49,808,0,2,0,0,0
5,2,0,0,340,55,2,27,55,1789,0,3,0,0,0
1,4,0,0,85,78,1,40,65,1558,0,3,0,1,2
6,1,1,0,274,67,2,21,86,550,0,1,0,0,0
5,4,0,0,300,60,1,37,80,371,0,3,0,2,2
1,1,1,1,453,47,2,40,92,1723,0,1,0,3,3
5,7,1,0,134,74,2,26,88,666,0,3,0,2,2
2,4,0,0,127,83,1,30,78,1287,0,3,0,2,2
4,5,1,0,210,71,0,31,58,1092,0,1,1,0,0
2,7,1,1,403,46,1,33,44,360,0,3,0,3,3
4,7,1,0,299,60,0,36,83,1128,0,1,0,0,0
2,1,1,0,226,71,3,32,83,962,0,1,1,0,0
3,2,0,0,260,60,2,31,62,854,0,3,0,2,2
2,7,1,1,369,59,3,29,68,1378,0,3,0,0,0
0,3,0,0,120,76,0,27,42,1682,1,2,0,2,2
5,0,2,0,294,65,2,31,89,756,0,3,0,2,2
0,7,1,1,554,34,1,32,52,1598,0,0,0,3,3
6,5,1,0,276,59,3,40,65,1101,1,3,0,2,2
2,7,1,0,102,85,1,28,65,910,0,1,0,2,2
1,0,2,1,694,25,1,33,50,499,0,3,0,3,3
6,3,0,0,327,63,1,23,80,1618,0,3,0,2,0
2,2,0,0,286,65,2,20,56,1346,0,3,0,2,2
5,5,1,0,260,60,2,30,54,403,1,3,0,0,0
0,0,2,1,683,27,2,29,86,962,1,2,0,3,3
1,4,0,0,294,64,3,26,51,1047,0,0,0,2,2
0,7,1,0,269,62,2,33,87,1544,0,2,0,0,0
6,7,1,0,266,59,0,29,72,537,0,3,0,2,2
3,5,1,1,377,51,3,22,78,381,0,3,0,0,0
3,3,0,0,274,61,2,35,79,1566,0,3,0,2,2
4,4,0,0,183,67,3,23,90,605,0,3,0,1,1
4,3,0,1,675,27,2,35,71,678,0,3,0,3,3
5,0,2,0,152,74,2,31,53,340,0,3,0,2,1
0,6,2,1,621,25,3,28,79,621,0,3,0,3,0
5,0,2,0,64,85,1,33,67,806,1,3,0,1,2
3,7,1,0,342,59,3,35,83,1601,0,3,0,2,2
6,2,0,0,207,70,0,28,47,460,0,3,0,2,2
4,2,0,0,51,87,2,39,69,721,0,3,0,1,1
3,6,2,0,333,59,2,24,70,1201,0,3,0,2,2
1,0,2,0,242,69,3,27,44,1754,0,3,0,1,1
3,2,0,0,123,78,0,35,50,738,1,3,0,2,1
4,1,1,0,318,58,2,29,72,526,0,3,0,0,2
1,4,0,0,180,69,2,28,88,664,0,3,0,2,2
2,3,0,0,290,66,3,35,64,1763,0,3,0,2,2
1,5,1,0,125,82,1,23,81,1771,0,3,0,2,2
3,7,1,0,346,60,0,37,45,1030,0,1,0,0,0
0,6,2,0,102,77,0,30,84,1800,0,3,0,1,1
1,7,1,0,148,79,3,39,40,1401,0,3,0,1,1
0,3,0,0,326,53,1,22,67,985,0,3,0,2,2
1,5,1,1,351,56,2,39,48,493,1,1,0,3,3
4,5,1,0,310,62,0,33,80,1511,1,2,0,0,0
4,3,0,0,226,63,2,31,94,1545,0,3,0,2,2
4,0,2,0,52,89,0,24,69,709,1,2,0,1,1
6,0,2,1,402,50,1,20,93,1099,0,1,0,3,3
0,5,1,0,308,55,3,30,91,1496,0,3,0,2,0
4,0,2,0,257,68,3,24,47,1666,0,3,0,2,2
5,5,1,0,259,65,3,29,50,1319,0,3,0,2,2
4,2,0,1,396,51,1,27,53,794,0,3,0,0,3
0,7,1,0,330,58,3,29,40,1111,0,3,0,2,0
6,4,0,0,164,73,0,39,68,1379,0,0,0,2,2
1,0,2,0,156,74,2,23,73,848,0,2,0,2,2
0,2,0,0,232,71,2,32,68,779,0,2,0,2,2
3,3,0,0,151,75,3,36,47,1231,1,3,0,1,2
5,6,2,0,220,69,0,40,67,672,0,3,0,2,1
5,3,0,1,533,40,0,36,75,731,0,3,0,3,3
2,0,2,0,269,65,0,30,88,350,0,3,0,2,2
4,4,0,0,298,66,0,33,78,1460,1,3,0,2,2
6,3,0,1,699,16,0,20,51,692,0,3,0,3,3
5,4,0,1,656,27,2,27,84,1733,1,3,0,3,3
4,7,1,0,211,70,1,37,63,689,0,3,0,2,2
5,1,1,0,339,56,3,21,44,419,0,1,0,0,0
2,4,0,0,194,66,0,27,62,1631,0,3,0,2,1
0,2,0,0,76,81,0,39,80,1499,0,3,1,2,2
5,7,1,0,282,63,0,35,69,1075,0,3,0,2,0
0,1,1,0,172,74,3,28,71,1452,0,3,0,2,2
4,7,1,0,177,74,0,27,69,1615,0,3,0,2,2
1,6,2,0,323,55,0,35,81,505,1,2,0,0,0
3,5,1,0,82,85,1,24,60,619,0,3,0,2,2
6,7,1,0,95,76,3,40,87,1581,1,3,0,1,2
5,4,0,0,339,61,1,37,64,1002,0,1,0,0,0
1,6,2,1,568,29,2,22,95,849,0,3,0,3,3
3,0,2,0,170,71,0,22,41,393,0,3,1,2,2
4,4,0,0,120,78,3,20,44,305,1,3,0,1,1
5,5,1,0,312,59,0,24,67,793,0,3,1,0,0
4,5,1,0,98,79,1,34,51,1427,0,1,0,2,2
2,2,0,0,166,69,3,21,77,886,0,3,0,1,2
0,4,0,0,194,69,1,23,84,1666,0,3,0,2,2
0,0,2,0,314,54,3,34,58,677,0,3,0,2,1
5,3,0,0,178,70,1,22,60,1310,1,3,0,2,2
1,5,1,0,95,78,3,29,94,1248,0,3,0,1,1
6,1,1,0,62,80,2,24,77,643,1,1,0,2,2
4,5,1,0,125,81,0,20,47,1491,0,1,0,2,2
6,1,1,0,249,68,3,31,75,900,0,3,0,2,2
4,7,1,1,456,46,0,32,84,1217,0,3,0,3,3
3,6,2,0,83,86,1,29,63,1477,1,3,0,1,1
4,6,2,1,412,54,1,33,51,1632,0,3,0,0,0
1,0,2,0,297,63,0,40,88,937,0,0,0,2,0
6,2,0,0,113,78,2,33,66,1269,0,3,0,2,1
1,7,1,1,590,34,1,33,50,1536,0,3,0,3,3
5,3,0,0,169,71,2,27,79,443,0,3,0,2,2
4,7,1,1,653,24,1,38,72,1422,0,3,0,3,3
1,0,2,0,79,82,2,29,75,639,0,3,0,1,1
5,4,0,0,304,58,1,23,66,688,0,3,0,2,2
0,2,0,0,67,85,2,23,94,460,0,0,0,2,2
1,7,1,0,234,65,3,30,53,380,0,0,0,2,2
5,2,0,0,167,73,3,31,84,1563,0,2,0,2,2
0,6,2,1,427,43,3,21,63,786,0,3,0,0,0
6,2,0,1,530,36,3,25,64,1459,0,3,1,3,3
4,4,0,0,120,74,1,36,63,1105,1,3,0,2,2
6,3,0,1,685,23,2,31,48,1485,0,3,0,3,3
5,1,1,1,404,45,3,24,47,641,1,3,0,0,0
6,4,0,0,283,67,1,34,94,748,0,3,0,2,2
0,7,1,0,219,67,3,36,94,1238,0,3,0,2,2
3,7,1,1,482,41,1,22,40,1500,0,3,0,3,3
5,1,1,1,573,35,1,20,64,1385,0,3,0,3,3
2,3,0,0,190,69,1,36,55,798,0,3,0,2,2
3,5,1,0,203,67,2,38,75,1221,1,3,0,2,0
4,3,0,1,385,50,0,33,94,1366,0,3,0,0,0
5,3,0,0,229,71,3,36,48,1741,1,0,0,2,2
2,1,1,0,224,68,0,25,66,772,0,3,0,2,2
2,2,0,0,60,89,0,39,67,391,0,1,0,2,1
3,0,2,0,96,83,0,39,91,1547,0,3,0,1,1
6,5,1,1,514,44,0,25,51,1209,0,3,0,3,3
4,6,2,0,304,59,3,34,74,762,0,3,0,2,2
2,0,2,0,339,54,2,34,43,391,0,3,0,2,2
1,7,1,0,175,73,3,33,59,1743,1,3,0,2,2
4,3,0,0,130,75,3,23,62,1043,0,1,0,2,2
5,1,1,0,218,74,0,32,66,535,0,2,0,2,0
0,6,2,0,230,68,3,31,83,856,0,3,0,1,1
3,6,2,1,508,40,3,39,53,1352,0,3,0,0,0
0,4,0,0,243,64,0,36,51,873,0,3,0,2,2
6,3,0,1,451,40,1,30,51,657,0,3,0,3,3
6,0,2,0,151,73,2,37,59,398,0,3,0,2,2
2,5,1,1,536,37,1,20,51,629,0,3,0,3,3
5,2,0,0,183,72,0,29,70,1083,0,3,0,2,2
1,0,2,0,130,81,2,23,87,1756,1,2,1,0,0
5,3,0,0,289,65,2,24,54,1049,0,3,0,2,2
1,3,0,0,335,59,1,23,93,400,0,3,1,0,0
0,1,1,1,487,45,0,39,47,773,0,0,0,3,3
6,4,0,0,284,58,3,32,90,437,0,3,0,2,2
5,3,0,0,241,64,0,24,43,1695,0,3,0,2,2
0,2,0,0,305,61,2,33,51,1396,0,3,0,2,2
2,7,1,0,246,66,1,36,84,1305,1,3,0,2,0
5,4,0,1,635,29,3,26,87,1379,0,3,0,3,3
0,3,0,0,108,81,1,32,54,648,0,3,0,2,1
4,5,1,1,489,44,1,22,43,1758,0,3,0,3,3
2,0,2,0,255,62,2,33,86,1261,0,0,0,2,2
1,5,1,1,580,35,1,30,43,1425,1,3,0,3,3
6,4,0,0,158,73,1,28,51,802,1,3,0,2,2
6,4,0,0,153,70,0,36,52,435,1,1,0,2,2
2,7,1,0,77,88,3,37,46,368,0,3,0,1,1
1,4,0,0,222,72,1,23,46,1527,0,3,0,2,2
1,7,1,1,678,19,2,38,64,632,0,3,0,3,3
3,6,2,1,555,36,1,25,41,479,1,3,0,3,3
4,6,2,0,257,68,2,21,90,516,1,3,0,2,2
3,5,1,0,174,68,0,34,56,763,1,3,0,2,2
1,0,2,0,262,68,1,38,66,1074,0,3,0,2,2
0,7,1,0,343,51,2,25,50,934,0,3,0,0,0
5,5,1,0,331,62,3,26,64,802,1,0,0,0,0
2,5,1,0,122,76,1,20,93,438,1,3,0,2,2
3,0,2,0,165,71,2,33,56,1608,0,3,0,2,1
4,7,1,0,237,67,3,32,62,872,0,3,0,2,2
6,6,2,0,77,88,1,24,64,350,0,3,0,1,1
1,2,0,0,331,59,2,24,92,1616,0,3,0,2,0
4,5,1,0,199,69,0,23,49,709,0,3,0,2,2
0,6,2,0,140,79,2,40,61,1609,1,3,0,2,1
0,6,2,0,78,83,3,29,78,772,0,3,0,1,1
3,3,0,0,260,62,2,39,84,1040,0,3,0,2,2
1,2,0,0,66,87,1,20,89,1026,0,3,0,1,1
3,4,0,0,62,80,0,20,91,1566,0,3,0,1,1
0,5,1,0,120,83,3,20,62,1458,0,3,0,1,1
4,2,0,1,536,40,3,25,73,1404,1,3,0,3,3
1,5,1,0,180,76,0,30,54,841,0,3,1,0,2
3,0,2,0,199,71,3,40,47,303,0,3,0,1,1
6,1,1,0,88,82,1,35,60,540,0,3,0,2,2
1,2,0,1,464,39,2,22,46,1270,1,3,0,3,3
0,4,0,0,257,67,2,21,64,1664,0,3,0,2,2
3,4,0,0,181,77,3,24,67,431,1,3,0,2,2
1,1,1,0,226,70,2,33,71,1203,0,3,1,0,0
2,5,1,0,271,65,3,37,60,1186,0,3,0,2,2
4,5,1,0,279,60,3,27,82,940,0,3,0,2,2
5,5,1,0,98,84,1,25,59,1412,0,3,0,2,2
5,4,0,0,219,74,2,39,91,1625,1,3,0,2,0
3,5,1,0,285,65,2,22,59,1620,0,3,0,2,2
0,3,0,0,70,87,0,33,59,1670,0,3,1,2,2
1,7,1,0,326,61,3,36,75,611,0,3,0,2,2
4,2,0,0,96,85,3,27,66,1618,0,3,0,1,1
3,7,1,0,59,85,1,21,78,575,0,3,0,2,1
0,1,1,0,58,83,3,23,74,1747,1,1,0,2,2
1,2,0,0,212,68,3,27,50,578,0,3,0,2,2
2,5,1,1,700,25,2,37,58,1039,0,3,0,3,3
2,0,2,0,141,81,0,20,46,1788,0,3,0,1,1
3,6,2,1,503,45,2,20,78,1741,0,3,0,3,3
6,2,0,0,276,60,0,37,74,852,0,3,0,2,2
3,2,0,0,76,86,2,29,56,995,0,3,0,1,2
3,3,0,0,314,64,2,25,92,555,0,3,0,2,2
1,5,1,0,138,82,0,36,92,520,0,3,0,2,1
1,6,2,0,83,83,0,25,93,669,1,3,0,1,1
2,7,1,0,319,62,2,37,81,1512,0,3,0,0,0
1,0,2,0,65,84,1,20,50,473,1,3,0,1,2
5,0,2,0,161,76,0,35,47,1312,1,0,0,2,2
0,6,2,0,260,65,3,26,87,441,0,3,0,2,1
3,7,1,0,310,62,0,39,64,1143,0,3,0,2,0
0,7,1,1,412,51,1,21,49,1014,0,3,0,3,0
4,6,2,0,176,72,0,27,64,1635,0,3,0,1,1
5,3,0,0,179,76,0,20,42,477,1,3,0,2,2
1,1,1,0,166,69,2,22,60,1629,0,3,1,0,0
4,3,0,0,143,76,3,36,68,1617,0,3,0,1,1
2,1,1,0,67,79,0,22,41,312,1,3,0,2,2
1,5,1,0,324,62,0,31,43,1170,0,3,0,2,2
0,1,1,0,125,73,2,33,42,1180,0,3,0,2,2
5,6,2,0,240,70,2,33,56,558,0,3,0,2,2
0,0,2,0,153,72,0,32,87,669,0,3,0,1,1
5,6,2,0,273,65,2,36,79,619,1,3,0,2,2
1,2,0,0,134,73,3,39,65,483,1,3,0,1,2
0,7,1,1,597,31,0,22,89,1495,0,3,0,3,3
3,6,2,1,600,33,2,25,91,909,0,3,0,3,3
4,1,1,0,224,73,1,24,48,1503,0,3,0,2,2
4,5,1,0,310,64,3,20,42,602,1,3,0,2,2
0,1,1,1,484,44,0,37,74,900,0,3,0,3,3
5,1,1,1,529,34,1,28,75,648,1,3,0,3,3
3,4,0,0,121,83,3,22,50,1431,0,3,0,1,1
3,6,2,0,112,78,3,27,54,1385,0,3,0,1,1
4,4,0,1,631,23,3,24,83,497,0,3,0,3,3
5,1,1,1,677,25,1,22,61,492,0,3,0,3,3
5,0,2,0,109,75,1,34,81,1392,0,1,0,2,2
3,2,0,0,75,79,0,23,71,1712,0,3,0,1,1
2,6,2,0,218,71,1,40,78,1146,0,3,0,2,2
0,2,0,1,476,47,2,26,81,400,0,3,1,3,3
5,5,1,0,227,63,0,22,88,978,0,3,1,0,0
0,2,0,0,318,56,1,28,69,908,1,3,0,0,2
3,6,2,1,681,18,1,39,43,1225,0,3,0,3,3
2,5,1,0,170,73,0,33,45,1683,0,3,0,2,1
5,2,0,1,454,43,0,29,53,1016,1,3,0,3,3
4,3,0,0,116,83,2,31,43,1687,0,3,0,2,1
4,0,2,0,223,70,0,35,44,624,0,3,0,2,1
0,3,0,1,625,29,0,37,48,1736,0,3,0,3,3
0,7,1,0,175,77,3,32,65,1527,0,3,1,2,2
2,7,1,0,322,62,1,27,51,863,0,3,0,0,0
2,7,1,1,656,30,2,38,91,386,0,3,0,3,3
4,3,0,0,324,57,2,31,84,737,0,0,0,0,0
2,6,2,1,414,44,0,22,55,1619,0,3,0,0,0
1,2,0,0,138,80,2,28,67,1627,0,3,0,2,2
6,6,2,0,203,69,0,30,70,1736,0,3,1,2,2
3,6,2,1,631,26,1,22,52,1629,0,3,0,3,3
6,2,0,0,65,89,3,25,60,711,0,3,0,1,1
1,2,0,0,322,55,1,24,41,778,0,3,0,2,2
6,4,0,0,263,64,0,31,86,1333,0,3,0,2,2
3,5,1,0,260,68,0,32,82,550,0,3,1,0,0
1,4,0,0,263,61,0,36,91,1286,0,3,0,2,2
3,3,0,0,345,61,3,37,65,1746,0,2,0,2,0
0,1,1,1,483,39,0,25,65,1537,0,3,0,3,3
2,4,0,0,98,78,3,37,88,1636,0,3,0,1,1
3,2,0,0,192,72,1,38,70,1473,0,3,0,2,2
4,4,0,0,127,73,1,27,79,1553,0,3,0,2,2
2,3,0,0,70,87,0,36,71,1297,0,3,0,1,1
6,2,0,0,140,72,0,27,70,542,0,3,0,1,2
4,1,1,0,277,59,1,30,72,965,0,3,0,2,0
4,0,2,0,93,81,2,31,69,922,0,2,0,2,2
1,1,1,1,663,29,2,22,56,552,1,3,0,3,3
0,4,0,1,604,32,0,33,83,1172,0,3,0,3,3
6,6,2,0,344,51,0,34,53,1166,0,3,0,2,2
2,6,2,0,141,80,1,23,71,588,0,3,0,1,2
0,7,1,0,105,84,1,22,42,817,0,3,0,2,2
5,6,2,0,52,85,1,32,53,803,0,3,0,1,1
2,5,1,1,548,36,0,28,42,1120,0,1,0,3,3
1,0,2,0,222,65,2,24,51,759,0,0,0,2,2
5,1,1,1,514,37,0,31,46,1107,0,3,0,3,3
2,4,0,0,292,56,3,21,55,794,0,3,0,2,2
1,4,0,0,132,78,0,32,45,1766,0,3,0,1,2
6,2,0,0,80,84,1,32,79,1668,0,3,0,1,2
6,3,0,0,148,77,1,24,75,385,0,1,0,2,2
0,1,1,0,158,79,2,33,95,1322,0,3,0,2,2
6,6,2,1,631,26,3,25,53,1727,1,3,0,3,3
2,5,1,0,85,78,3,39,72,1785,1,3,0,1,1
2,7,1,0,54,80,2,27,80,349,0,0,0,2,2
2,1,1,0,117,84,0,25,87,936,0,1,0,2,2
6,3,0,1,440,41,3,27,69,647,1,3,0,0,0
1,4,0,0,100,85,3,33,66,936,0,3,0,1,1
2,5,1,0,289,67,0,23,67,1230,0,2,0,0,0
1,6,2,0,253,70,2,27,88,845,1,3,0,2,0
5,7,1,0,70,85,1,35,72,409,0,3,0,2,2
4,3,0,0,350,59,3,27,81,618,0,3,0,2,2
6,3,0,0,152,73,1,24,81,728,0,3,1,2,0
1,4,0,1,700,20,0,33,40,320,0,3,0,3,3
2,3,0,0,297,59,0,23,45,624,0,3,0,2,2
3,0,2,0,345,59,1,37,77,1514,0,3,0,2,0
5,7,1,0,176,69,2,27,83,358,0,3,0,2,2
0,2,0,0,96,78,1,32,63,1044,0,1,0,2,2
5,0,2,1,358,56,0,23,49,583,0,1,0,0,3
3,3,0,1,489,43,3,40,41,683,0,3,0,0,0
0,6,2,0,321,63,3,31,90,1000,0,3,0,2,2
0,0,2,0,133,75,2,26,74,1329,0,3,0,1,1
4,2,0,0,213,70,0,32,47,1767,1,0,0,2,2
2,0,2,1,433,51,2,24,52,1095,0,3,0,0,3
4,3,0,0,56,85,3,22,87,1311,0,3,0,1,1
2,5,1,0,346,57,1,32,86,1238,0,3,0,0,0
0,0,2,0,304,59,0,24,92,910,0,3,0,2,2
3,6,2,0,273,60,0,20,64,492,0,3,0,2,2
4,6,2,0,121,80,3,29,92,1624,0,3,0,1,1
0,2,0,0,345,56,0,35,49,1218,0,3,0,2,2
2,7,1,1,379,52,3,25,56,1342,0,3,0,0,0
2,7,1,0,193,72,0,33,40,386,0,3,0,2,2
5,0,2,0,120,75,2,20,51,1019,0,3,0,1,2
2,0,2,0,238,64,3,25,73,1356,0,3,0,1,2
3,5,1,0,321,56,3,24,63,891,0,3,0,2,2
3,5,1,0,195,70,1,31,90,1469,0,3,0,2,2
2,1,1,1,581,37,1,30,74,871,1,3,0,3,3
6,3,0,0,147,75,0,36,52,1531,0,3,0,1,2
1,6,2,0,204,69,3,39,59,967,1,3,0,1,2
0,6,2,0,106,77,3,21,44,1702,1,3,1,2,2
1,2,0,0,140,81,3,33,93,1678,0,3,0,1,1
2,1,1,0,77,87,3,27,93,1756,0,3,0,1,1
1,7,1,0,149,78,2,31,56,580,1,3,0,2,2
1,2,0,0,174,71,0,25,59,1404,0,3,1,2,0
3,0,2,0,251,70,0,27,56,328,0,3,0,2,2
4,1,1,0,231,69,3,25,86,958,0,3,0,2,2
1,6,2,0,63,88,1,39,92,426,0,3,1,2,2
0,2,0,0,84,84,0,24,47,411,0,3,0,1,1
3,3,0,0,216,64,1,21,50,517,0,3,0,2,2
0,1,1,0,61,86,3,25,72,763,0,3,0,1,1
3,2,0,1,417,51,2,32,74,719,1,3,0,3,3
6,3,0,1,690,25,0,37,51,701,1,1,0,3,3
2,2,0,1,533,32,0,23,47,521,0,3,0,3,3
4,4,0,0,293,57,0,33,45,1567,1,3,0,2,0
3,6,2,0,264,67,1,36,89,1282,0,3,0,2,2
0,1,1,0,182,68,1,37,72,1133,0,3,0,2,2
6,5,1,1,389,48,1,28,73,1596,0,3,0,3,3
1,4,0,0,235,70,2,26,92,1259,1,3,0,2,2
5,1,1,0,166,71,1,23,44,1718,0,3,1,0,0
6,5,1,0,269,68,2,33,95,1605,0,1,0,0,0
6,4,0,0,100,82,3,24,73,1694,0,3,0,1,1
6,4,0,0,337,61,3,30,86,1041,1,3,0,2,2
3,0,2,0,303,58,2,28,51,1028,1,1,0,0,2
0,2,0,0,255,69,3,35,66,1461,0,3,0,2,2
3,2,0,0,294,56,2,23,65,357,0,3,0,2,2
6,6,2,1,439,47,2,35,47,1439,0,3,1,3,3
4,7,1,0,195,68,0,34,92,542,0,2,0,2,2
1,2,0,1,591,32,3,38,62,1146,0,3,0,3,0
4,0,2,0,328,62,3,33,71,643,0,3,0,2,2
4,3,0,0,319,61,1,27,74,506,0,1,0,0,2
1,4,0,0,173,68,2,35,68,1692,0,3,1,0,0
0,4,0,0,310,64,3,35,56,536,1,2,0,0,0
6,5,1,0,272,59,2,22,51,855,0,3,0,2,0
3,4,0,1,481,39,0,35,76,682,0,3,0,3,3
2,5,1,0,54,80,2,24,47,1455,0,2,0,2,2
4,1,1,0,157,76,1,21,95,387,0,3,0,2,2
2,5,1,0,56,82,3,20,77,813,0,3,0,1,2
3,5,1,0,234,68,0,21,61,727,0,3,1,0,0
5,0,2,0,188,71,0,33,62,1603,1,3,0,2,1
6,1,1,0,174,70,0,21,45,1675,0,3,0,2,2
6,6,2,1,459,45,3,32,86,314,0,3,0,0,0
1,4,0,0,126,78,3,29,61,448,0,2,0,2,2
1,1,1,0,92,77,3,21,74,580,0,3,0,1,1
3,4,0,0,285,67,0,35,61,1021,1,3,0,2,2
6,0,2,0,102,82,1,20,94,1729,0,3,0,1,1
2,3,0,0,265,63,3,23,70,911,0,3,0,2,2
5,2,0,0,127,75,3,26,68,1362,0,3,0,1,2
4,7,1,0,270,65,2,39,60,368,0,3,0,2,2
4,6,2,0,150,73,2,25,41,1659,0,0,0,2,2
0,6,2,0,318,60,3,34,73,1636,0,3,0,2,2
5,7,1,0,193,66,3,34,67,402,0,1,0,2,2
0,4,0,0,72,83,1,37,67,719,1,3,0,2,1
2,6,2,1,452,49,0,20,84,1493,0,3,0,0,0
0,5,1,0,315,62,3,28,79,1560,0,2,0,0,2
4,0,2,0,319,56,3,34,57,459,1,3,0,2,2
5,2,0,0,79,86,0,34,92,1053,0,3,0,1,1
6,7,1,0,126,81,1,26,63,964,0,1,0,2,0
0,1,1,1,578,29,1,21,78,1794,0,3,0,3,3
3,3,0,0,67,82,2,30,60,1777,0,3,0,1,1
5,7,1,1,366,55,2,34,58,1512,0,3,0,3,0
4,2,0,0,336,55,0,33,62,818,0,3,1,0,0
2,5,1,0,89,87,0,23,42,1162,0,3,0,1,1
5,2,0,1,579,38,3,22,81,617,0,1,0,3,3
6,5,1,0,92,86,2,37,58,1257,0,3,0,2,2
6,3,0,0,118,77,0,31,63,318,0,3,0,1,1
5,2,0,0,151,76,1,24,46,1038,0,3,0,2,2
3,6,2,1,683,17,3,22,93,659,0,3,0,3,3
2,7,1,1,534,38,3,24,88,323,1,3,0,3,3
5,0,2,1,540,37,2,28,50,1080,0,3,0,3,3
4,6,2,1,672,22,3,38,40,628,0,2,0,3,3
3,7,1,0,227,66,2,22,40,808,0,3,0,2,2
3,6,2,0,142,79,3,24,94,380,0,3,0,1,1
6,5,1,0,281,65,1,25,95,1127,0,3,0,2,2
3,4,0,0,117,82,1,38,67,1489,0,3,0,2,1
2,7,1,1,606,35,1,22,72,1540,0,3,0,3,3
6,2,0,1,401,53,0,38,53,1646,0,3,0,0,0
3,7,1,0,234,71,3,24,44,964,0,0,1,0,0
3,1,1,0,326,55,1,25,75,782,0,3,0,0,2
2,0,2,0,297,64,2,21,84,1212,0,3,0,2,2
6,6,2,0,208,73,0,37,68,1162,0,3,0,2,1
4,7,1,0,224,71,2,32,52,325,0,3,0,2,0
0,7,1,0,328,58,1,34,77,1089,0,3,0,0,0
0,5,1,0,194,74,3,28,80,1480,0,3,0,2,2
0,1,1,0,95,83,0,28,47,1297,0,2,1,0,2
3,5,1,0,348,58,1,20,46,1694,1,3,0,0,0
4,3,0,1,631,22,3,36,86,1783,0,1,0,3,3
1,2,0,0,207,71,1,30,76,675,0,3,1,0,0
5,5,1,0,315,58,3,25,80,506,0,1,0,0,2
2,1,1,1,512,38,1,39,79,700,1,3,0,3,3
4,0,2,0,128,76,2,37,71,1292,0,3,0,1,2
4,0,2,1,576,34,3,23,89,1127,0,3,0,3,3
1,1,1,0,93,85,0,27,71,603,0,3,0,1,2
1,1,1,0,110,78,2,33,57,1495,1,3,0,2,2
5,6,2,1,429,45,3,32,84,1065,0,3,0,0,0
1,2,0,0,129,79,2,26,68,1468,1,3,0,2,1
6,5,1,0,107,85,0,20,64,1520,0,2,0,2,2
1,0,2,0,159,80,2,33,85,1198,0,3,0,2,2
1,6,2,0,316,54,0,20,91,876,0,2,1,0,0
5,2,0,0,190,76,3,21,88,1144,0,2,0,2,2
5,5,1,0,295,56,1,38,63,663,0,3,0,2,0
5,5,1,0,331,57,1,38,61,1216,0,3,0,0,2
1,0,2,0,240,71,2,39,65,1471,0,3,0,2,2
1,7,1,0,60,82,0,34,70,423,0,3,0,1,2
5,2,0,1,554,34,3,39,60,699,0,3,0,3,3
1,4,0,0,317,56,0,30,47,646,0,3,0,2,2
6,3,0,0,108,82,2,32,69,1678,1,3,0,2,2
0,0,2,1,561,33,0,24,74,1664,0,3,0,3,3
5,6,2,0,316,54,2,40,90,1600,0,3,0,2,2
4,7,1,0,238,69,3,32,58,1305,0,3,0,2,2
1,1,1,0,320,59,2,40,45,968,0,3,0,0,0
2,7,1,0,244,64,0,35,80,1010,0,3,0,2,2
1,6,2,0,252,66,1,25,46,303,1,3,0,2,2
5,7,1,0,269,60,0,39,86,1348,1,3,0,2,0
0,6,2,0,265,62,1,31,58,1797,0,3,0,2,2
0,0,2,0,106,83,3,32,93,1503,0,3,1,2,2
1,7,1,0,299,62,3,32,43,456,0,3,0,2,2
4,1,1,0,165,77,2,22,81,407,0,3,0,2,2
1,7,1,0,142,72,1,38,59,1018,0,3,0,2,2
3,4,0,0,301,64,3,32,43,1112,0,3,0,2,2
2,3,0,0,84,78,3,21,76,1608,0,3,0,1,1
2,4,0,1,382,48,3,20,88,1176,0,3,0,0,0
3,4,0,0,62,82,1,40,93,1250,0,3,0,1,1
3,0,2,0,187,69,3,26,73,1706,0,0,0,2,2
3,7,1,0,91,80,1,20,68,1287,1,3,0,2,2
0,0,2,0,244,63,0,25,81,1707,0,3,0,2,1
2,2,0,1,380,53,0,39,62,625,0,3,0,0,0
0,0,2,0,267,66,3,32,43,817,1,2,0,2,2
5,2,0,0,226,63,3,22,56,512,0,1,1,0,2
3,4,0,0,314,63,2,29,85,768,0,3,0,2,2
6,1,1,0,258,61,0,31,66,710,0,3,0,2,2
2,3,0,0,217,72,1,24,51,1767,0,3,0,2,2
0,1,1,1,698,16,2,31,43,775,1,0,1,3,3
3,0,2,1,385,50,2,21,52,1576,0,3,0,0,0
4,4,0,0,86,80,2,40,83,525,0,3,0,2,2
2,4,0,1,667,19,3,22,59,960,0,3,0,3,3
5,4,0,1,475,46,1,27,42,1416,0,3,0,3,3
2,7,1,0,66,79,3,40,47,549,0,3,0,1,2
3,4,0,0,260,67,3,29,84,769,0,3,0,2,2
2,6,2,1,383,49,1,39,53,1233,1,3,1,3,3
0,3,0,1,624,28,1,21,88,1321,0,3,0,3,3
2,5,1,0,281,59,1,30,48,491,0,3,0,2,0
4,1,1,0,196,68,1,23,86,1789,0,0,0,2,2
5,4,0,0,116,81,0,20,73,1757,0,1,0,2,2
1,2,0,1,438,43,1,30,68,1204,0,3,0,3,0
6,3,0,1,486,40,0,31,71,1665,0,3,0,3,3
3,4,0,1,625,29,3,27,65,1548,0,3,0,3,3
5,4,0,0,317,63,0,29,81,1684,0,3,1,0,0
0,6,2,0,324,63,0,36,42,885,1,0,0,0,2
0,5,1,0,323,60,1,35,65,1577,0,3,0,0,2
3,3,0,0,348,51,1,27,74,514,0,3,0,2,0
0,7,1,0,207,75,1,40,64,723,0,3,0,2,2
0,1,1,1,438,50,0,26,79,1559,0,3,0,3,3
0,7,1,0,67,86,0,20,86,547,0,3,0,1,1
5,2,0,1,494,42,3,34,47,432,0,3,0,0,3
6,4,0,0,333,60,1,22,71,1195,0,0,0,0,0
2,3,0,0,305,63,1,25,43,668,0,3,0,2,2
1,1,1,0,337,52,2,31,86,1383,0,3,0,0,2
5,7,1,0,118,84,3,39,64,1661,0,3,0,1,2
6,4,0,0,166,69,3,25,50,413,0,3,0,1,1
2,0,2,0,217,64,3,25,59,989,0,3,0,1,1
6,6,2,0,333,56,1,28,41,949,1,3,0,2,2
1,7,1,0,262,63,1,39,64,647,0,3,0,2,2
1,2,0,0,99,81,0,29,75,607,0,3,0,1,1
0,7,1,0,130,80,1,21,62,889,1,3,0,2,2
4,5,1,1,410,48,3,28,70,1108,0,3,0,0,0
4,1,1,0,200,74,0,40,85,1277,0,0,0,2,0
1,3,0,0,150,73,1,30,52,1355,0,3,0,2,1
6,1,1,0,98,78,2,26,48,1099,0,3,0,2,2
4,4,0,0,61,79,0,31,76,956,1,3,1,2,2
1,7,1,0,181,71,2,31,66,1467,0,3,0,2,2
4,1,1,0,118,84,1,25,49,731,0,3,0,2,2
4,7,1,0,58,85,1,27,84,587,0,3,0,2,2
3,4,0,1,527,40,2,40,82,789,0,3,1,3,3
2,6,2,0,154,70,0,30,46,1292,0,3,0,1,1
3,7,1,0,256,61,3,34,77,1520,1,2,0,0,0
6,1,1,0,178,68,0,27,76,698,0,3,0,2,2
2,7,1,1,420,50,2,39,82,636,0,3,0,3,3
3,1,1,1,665,20,1,36,88,1574,0,3,0,3,3
0,1,1,0,201,74,3,31,51,427,0,3,0,2,1
4,5,1,0,206,73,2,31,70,1528,0,3,0,2,2
0,1,1,0,175,72,1,27,95,773,0,3,0,2,2
3,0,2,0,121,83,2,26,49,1766,0,1,0,2,2
0,1,1,0,94,77,3,24,61,1050,0,3,0,1,1
1,3,0,0,211,68,1,34,61,1236,0,3,1,0,0
1,4,0,0,251,64,1,36,61,984,0,1,0,2,2
2,6,2,0,320,62,0,32,49,1054,0,3,0,2,2
4,3,0,0,203,66,3,29,81,871,0,3,0,1,2
4,3,0,0,172,70,1,35,45,1458,0,3,0,2,1
5,3,0,0,65,86,2,37,80,958,0,3,0,1,2
3,6,2,0,203,71,2,23,93,1242,0,3,0,2,2
2,3,0,0,343,51,2,38,47,1548,0,3,0,0,2
3,0,2,0,51,90,2,20,48,1320,0,3,0,1,1
5,7,1,0,334,54,0,38,94,346,0,3,0,2,0
4,2,0,0,230,71,0,29,75,1139,0,3,0,2,2
6,1,1,0,152,75,3,36,84,828,0,3,0,1,2
4,5,1,0,267,66,2,33,68,692,0,3,0,2,2
0,5,1,0,203,68,0,22,40,1281,0,3,0,2,2
3,2,0,0,180,71,1,38,43,664,0,3,0,2,2
3,7,1,0,195,72,1,36,41,589,0,3,0,2,2
2,4,0,0,123,75,3,24,94,420,0,3,0,1,1
0,4,0,0,124,78,2,24,60,677,0,3,0,2,2
6,5,1,0,103,85,1,34,44,718,0,0,0,2,2
3,1,1,0,176,71,2,33,87,656,0,3,0,2,2
3,7,1,1,586,27,1,37,59,1022,0,3,0,3,3
3,0,2,0,202,69,1,25,72,558,0,3,1,2,0
0,2,0,1,362,59,3,37,68,765,0,3,0,0,0
4,3,0,1,443,46,0,38,50,528,0,3,0,0,3
5,1,1,0,198,73,3,33,81,1695,0,3,0,2,2
4,1,1,0,255,66,0,24,42,1730,1,0,0,0,0
1,5,1,0,337,55,3,20,67,301,1,3,0,2,0
3,3,0,0,170,69,3,29,94,1437,1,1,0,2,2
5,5,1,0,53,80,3,36,70,702,0,3,1,2,2
2,2,0,0,143,80,2,36,93,1266,1,3,0,2,2
3,3,0,0,106,75,2,37,90,360,0,3,0,2,1
5,7,1,1,692,25,0,32,88,535,0,3,0,3,3
1,6,2,0,119,78,0,23,92,1724,0,2,0,2,1
1,1,1,1,580,35,1,33,67,1408,1,3,0,3,3
1,1,1,0,89,81,3,27,72,1148,0,3,0,1,2
6,3,0,0,71,88,3,38,78,689,0,1,0,1,2
1,7,1,0,90,82,3,39,51,865,0,3,0,1,1
5,1,1,0,135,72,3,21,62,961,0,3,0,1,2
2,4,0,1,641,22,1,39,66,1719,0,3,0,3,3
0,4,0,0,154,79,3,23,74,816,0,3,0,1,1
3,7,1,0,340,58,2,33,67,1576,0,1,0,0,0
6,0,2,0,263,64,1,40,70,1340,0,3,0,2,2
4,5,1,0,155,70,1,25,76,1101,0,3,0,2,2
5,4,0,1,551,36,0,25,42,552,0,3,0,3,3
2,3,0,0,159,73,0,31,94,559,0,2,0,2,2
2,6,2,0,69,85,2,40,78,450,0,3,0,1,1
4,1,1,0,123,73,0,34,84,458,0,3,0,2,1
5,2,0,0,334,62,3,24,45,416,0,3,0,2,2
2,3,0,0,193,69,0,27,89,682,0,2,0,2,2
3,0,2,0,308,63,2,26,40,1584,0,0,0,0,0
2,1,1,0,318,63,1,29,75,316,0,3,0,0,0
1,2,0,0,236,68,1,27,45,1053,1,3,0,2,0
4,3,0,0,213,72,2,22,69,505,0,3,0,2,2
2,7,1,0,197,76,1,21,81,454,0,3,0,2,2
4,2,0,1,390,54,0,27,79,1045,0,2,0,3,3
0,0,2,1,527,35,2,21,58,1300,0,3,0,3,3
6,6,2,0,308,62,3,28,77,1468,0,3,0,2,2
6,4,0,0,264,69,0,28,50,857,0,3,0,2,2
4,4,0,1,559,34,0,24,85,522,0,3,1,3,3
1,5,1,0,254,61,3,39,76,978,0,3,0,2,2
0,5,1,0,228,64,3,29,56,1334,0,3,0,2,1
3,1,1,0,287,66,2,39,73,1033,0,3,0,0,0
6,7,1,0,207,67,1,28,59,1116,0,0,0,0,2
6,3,0,1,441,48,0,40,87,804,0,1,0,3,3
6,4,0,1,678,21,0,32,73,625,0,1,0,3,3
3,0,2,0,232,67,0,30,86,748,0,1,0,2,2
3,2,0,0,114,76,2,24,46,600,0,3,1,2,2
4,1,1,0,110,81,3,39,48,1559,0,3,0,1,1
4,4,0,1,523,40,0,33,81,600,0,0,0,3,3
6,5,1,0,259,68,0,36,75,1136,0,3,1,0,0
3,1,1,0,313,61,3,37,80,1654,0,3,1,0,0
4,0,2,0,138,79,0,40,83,711,0,3,0,1,1
0,6,2,0,101,75,1,33,91,1797,0,3,0,1,1
3,2,0,0,272,60,3,37,94,327,0,3,0,2,2
0,4,0,0,139,74,0,28,50,1201,0,3,0,1,1
3,5,1,0,340,54,3,25,87,613,0,3,0,2,0
5,3,0,0,223,71,2,27,42,1227,0,0,0,2,0
5,0,2,0,131,82,0,39,44,333,0,1,0,2,2
0,6,2,0,240,69,2,38,65,1449,0,3,0,2,2
5,5,1,0,298,64,2,35,73,875,0,3,0,0,2
1,5,1,0,282,65,1,26,80,1153,0,1,0,0,0
4,5,1,0,316,61,2,35,47,331,0,3,0,0,2
1,2,0,0,89,82,0,35,44,1614,0,3,0,1,1
0,0,2,0,268,62,3,26,91,1136,0,3,0,2,2
3,5,1,0,239,66,3,40,82,970,0,3,0,2,2
1,4,0,1,678,20,2,22,85,1168,0,3,0,3,3
5,0,2,0,333,56,2,27,78,1054,0,3,0,2,2
1,2,0,0,108,77,0,33,45,409,1,1,0,2,2
4,6,2,1,625,30,0,37,80,472,0,1,0,3,3
4,6,2,0,244,65,3,32,43,817,0,3,0,1,2
4,7,1,0,194,74,1,36,46,1064,1,3,0,2,2
4,4,0,0,89,84,1,38,70,367,0,3,0,1,2
6,5,1,0,209,75,2,28,70,568,0,3,0,2,2
4,0,2,0,290,58,1,30,49,1734,0,3,0,2,2
3,3,0,1,669,27,0,24,48,1744,0,3,0,3,3
0,2,0,1,476,42,3,32,43,666,0,3,0,0,0
2,1,1,0,277,62,1,40,93,1444,1,3,0,0,0
4,5,1,0,65,80,3,23,82,1532,0,3,0,1,1
0,1,1,0,172,75,3,36,73,1237,0,0,0,2,2
4,3,0,0,237,63,0,33,75,1671,0,3,0,2,2
1,6,2,0,244,68,3,27,90,520,0,2,0,2,2
2,5,1,0,66,87,0,35,67,804,1,3,0,2,2
1,7,1,1,526,41,2,22,82,741,0,3,0,3,3
5,7,1,1,399,55,2,23,43,1661,0,1,0,3,3
2,1,1,1,672,23,1,40,67,1336,1,3,0,3,3
2,3,0,0,70,80,0,22,52,625,0,3,0,1,1
5,6,2,0,318,55,1,22,43,1269,0,3,0,2,2
0,3,0,1,689,21,0,24,86,1693,0,3,1,3,3
0,4,0,0,269,68,0,34,49,1564,0,3,0,2,2
5,1,1,0,324,57,1,39,62,1168,1,1,0,0,0
5,2,0,0,230,71,2,30,51,1606,0,1,0,2,2
3,4,0,1,586,31,1,23,72,1471,0,3,0,3,3
5,6,2,0,348,55,2,26,70,364,0,3,0,2,2
3,1,1,0,91,79,3,36,60,656,0,3,0,1,1
3,2,0,0,144,80,2,32,86,659,0,3,0,2,2
3,3,0,0,162,72,1,22,90,1297,0,3,1,2,0
4,4,0,0,66,84,0,35,47,1346,0,3,0,1,1
2,7,1,0,118,74,2,22,59,460,0,3,0,2,2
6,0,2,1,609,33,3,37,77,786,1,3,0,3,3
0,2,0,0,269,63,0,29,90,904,0,1,0,2,2
0,0,2,0,269,63,0,35,54,1251,1,3,0,2,2
2,2,0,0,241,68,2,24,83,938,0,3,0,2,2
4,7,1,1,456,47,3,24,55,903,0,3,0,3,0
3,4,0,0,119,81,0,37,88,985,0,3,0,1,1
5,5,1,0,101,75,2,36,50,1355,0,3,0,2,2
3,0,2,0,95,79,0,35,52,319,0,3,0,1,1
2,7,1,0,205,66,2,32,91,1241,0,1,0,0,2
3,5,1,1,360,59,0,32,63,1403,0,0,0,3,3
1,6,2,0,151,78,3,37,88,1226,0,3,0,1,1
6,1,1,0,299,64,0,22,71,1603,0,3,0,2,2
1,0,2,0,210,65,2,35,52,781,0,3,0,2,2
4,7,1,1,369,49,2,26,41,546,1,0,1,3,3
0,0,2,0,311,62,2,39,72,911,0,3,1,0,0
4,0,2,0,342,59,3,29,49,1769,0,3,0,2,2
6,0,2,0,178,78,1,25,44,560,0,3,0,2,2
2,5,1,0,344,60,1,25,88,631,0,3,0,0,0
1,7,1,0,197,72,3,24,60,1325,0,3,0,2,2
1,7,1,1,621,25,2,31,60,1745,0,1,0,3,3
0,0,2,0,262,60,2,36,47,1168,0,0,0,2,0
0,6,2,0,94,84,3,30,66,1442,0,3,0,1,1
6,4,0,1,506,35,3,28,64,833,0,3,0,3,3
0,0,2,0,192,76,2,31,84,913,0,3,0,2,2
1,2,0,0,114,76,3,29,90,1544,0,3,0,1,1
1,0,2,0,212,67,1,39,68,1565,0,3,0,2,2
3,3,0,0,247,68,1,34,41,358,0,3,0,2,2
1,3,0,0,213,68,3,26,94,1212,0,3,0,2,2
0,0,2,1,646,26,3,38,45,1156,0,3,0,3,3
3,0,2,0,298,56,1,36,71,1376,1,3,0,2,2
5,2,0,1,367,59,0,32,68,721,0,3,0,0,0
3,7,1,0,278,66,1,38,75,1145,0,2,0,0,0
6,7,1,0,154,71,2,26,43,1522,0,3,0,2,2
1,2,0,1,477,48,2,33,55,1172,0,3,1,3,3
4,6,2,0,218,66,1,36,53,363,0,3,0,2,1
6,6,2,0,247,63,1,35,76,435,1,3,0,2,2
5,4,0,0,131,73,3,29,47,1504,0,3,0,1,1
6,2,0,0,306,58,1,39,51,603,0,3,0,2,2
2,3,0,0,50,82,1,31,87,1779,0,3,0,1,1
0,0,2,0,74,85,3,35,58,828,0,3,0,1,1
0,2,0,0,163,76,2,36,95,1172,0,3,0,2,2
2,1,1,0,138,77,0,35,48,1347,0,3,1,2,2
4,7,1,1,511,40,2,38,44,1529,0,3,0,3,3
4,3,0,0,84,83,3,40,82,1676,0,3,0,1,1
6,1,1,0,158,78,2,39,78,1354,0,2,0,2,0
5,3,0,0,54,90,0,30,49,1589,0,1,1,2,2
6,4,0,0,293,63,0,28,65,1464,0,0,0,2,2
3,0,2,0,260,65,0,22,40,1008,0,3,0,2,2
6,3,0,0,169,77,0,33,86,520,0,3,0,2,2
6,3,0,0,313,63,1,31,91,349,0,3,0,2,2
5,7,1,0,322,59,2,27,79,1188,0,3,0,0,0
0,6,2,1,671,18,2,34,74,381,0,3,0,3,3
2,3,0,0,67,86,2,20,60,782,1,3,0,2,1
5,4,0,0,151,75,3,20,71,1337,0,3,0,1,1
5,2,0,1,554,38,0,37,52,402,0,3,0,3,0
5,4,0,1,563,35,3,39,90,822,0,3,0,3,3
2,5,1,0,146,72,3,34,67,1050,0,3,1,2,2
1,4,0,0,221,72,0,26,60,878,1,2,0,2,0
4,4,0,1,552,31,2,35,42,927,1,3,1,3,3
2,0,2,0,193,76,1,32,65,1649,0,2,0,2,2
4,6,2,0,225,72,3,32,42,377,0,3,0,1,2
5,6,2,0,261,65,0,34,56,435,0,0,0,2,2
0,1,1,0,190,76,2,31,53,1450,0,3,0,2,2
5,2,0,0,82,84,3,27,95,440,0,3,0,1,1
4,3,0,0,83,79,2,33,77,1088,0,3,0,1,2
1,5,1,0,153,78,0,20,40,632,0,3,0,2,2
2,5,1,0,250,69,0,36,87,1631,0,3,0,2,2
0,0,2,0,197,74,1,37,84,1797,0,3,0,2,1
1,1,1,0,189,70,1,32,59,1589,0,0,0,2,0
4,7,1,0,144,80,1,37,83,621,1,3,0,2,2
4,5,1,0,57,88,1,20,63,937,0,3,0,2,2
5,1,1,1,418,49,1,37,90,965,0,0,0,3,3
6,7,1,0,238,65,0,20,86,1244,0,1,0,2,2
1,1,1,1,544,32,1,26,53,356,0,3,0,3,3
3,0,2,0,251,62,1,29,54,570,1,1,0,2,2
2,3,0,0,266,68,3,33,68,493,0,3,1,2,2
1,0,2,0,97,81,1,35,74,822,0,3,1,2,2
1,7,1,1,610,34,3,31,42,433,0,3,0,3,3
4,3,0,0,100,76,0,25,65,1092,0,3,0,1,1
5,1,1,0,112,83,0,24,92,944,0,1,0,2,2
0,7,1,0,251,60,2,28,95,1565,1,3,0,0,2
4,1,1,1,571,38,3,40,48,1103,0,3,0,3,3
1,7,1,0,174,70,2,29,60,1766,0,3,0,2,2
3,3,0,0,294,64,3,38,81,477,1,3,0,2,2
5,6,2,0,143,71,3,20,57,716,0,3,0,1,1
2,4,0,0,291,56,0,27,41,1630,0,3,0,2,2
3,2,0,1,597,35,3,26,45,1279,0,3,0,3,3
4,7,1,0,251,65,1,23,43,1134,0,3,0,2,0
4,3,0,0,75,82,3,23,48,734,0,3,1,2,2
5,1,1,0,201,72,0,34,95,1799,1,2,1,0,0
0,2,0,0,313,61,0,21,80,1381,0,3,0,2,2
5,4,0,0,242,62,2,40,87,1344,0,3,0,2,2
1,0,2,0,89,77,3,31,79,1650,0,3,0,1,1
3,5,1,1,395,46,0,35,72,927,0,3,0,0,0
3,0,2,0,86,81,3,36,81,308,0,3,0,1,1
0,7,1,0,290,57,3,24,85,1582,0,3,0,2,2
6,5,1,0,252,67,1,37,84,1082,0,3,0,2,2
3,5,1,0,299,64,0,39,67,1318,0,3,0,2,2
3,6,2,0,149,77,0,25,49,1627,0,0,0,2,1
6,0,2,1,459,45,2,28,51,1266,0,3,0,3,0
1,5,1,0,220,72,1,28,81,1712,0,3,0,2,2
2,0,2,0,340,56,3,20,69,1527,0,3,0,2,2
2,1,1,1,612,33,3,36,81,850,0,1,0,3,3
6,3,0,1,637,32,2,34,69,1067,0,3,0,3,3
0,5,1,0,203,73,0,20,45,977,0,3,0,2,2
0,2,0,0,188,72,2,29,78,1664,0,3,0,2,2
2,6,2,1,427,50,1,30,79,1716,0,3,1,3,3
4,3,0,1,426,49,2,27,75,865,0,3,1,3,3
1,1,1,0,345,53,3,24,43,893,0,3,0,2,2
3,5,1,0,299,57,3,39,43,867,0,3,0,2,2
4,2,0,0,150,75,1,21,71,715,0,3,0,2,2
2,0,2,0,196,76,2,29,59,1390,0,3,0,2,1
5,7,1,0,294,66,3,40,58,980,0,0,0,2,2
0,3,0,0,110,80,0,24,72,1599,0,3,0,1,1
6,7,1,1,474,40,0,40,53,424,0,3,0,3,3
6,3,0,0,250,68,3,20,50,1550,0,3,0,2,2
6,3,0,0,252,63,3,39,70,981,0,3,0,2,2
0,7,1,1,648,26,0,27,76,948,0,3,0,3,3
3,4,0,0,118,82,1,32,62,326,0,1,0,2,2
1,2,0,0,325,55,3,20,82,1340,1,3,0,2,2
6,3,0,0,92,83,0,32,92,1091,0,3,0,1,1
5,6,2,0,350,55,2,28,72,408,1,1,0,0,0
2,2,0,0,223,67,1,39,80,1103,0,3,0,2,2
0,1,1,0,71,82,0,25,75,854,0,3,0,1,1
4,7,1,0,270,60,0,28,55,1521,0,3,0,2,2
3,5,1,0,108,78,3,20,89,1576,0,3,0,1,1
1,6,2,0,116,77,1,34,82,724,1,3,0,2,2
0,7,1,1,353,51,0,26,71,860,0,3,0,0,0
5,6,2,0,227,65,0,32,40,411,0,3,0,2,1
2,3,0,0,51,83,2,38,67,1607,0,3,0,1,1
4,0,2,1,690,16,1,27,60,925,0,3,0,3,3
3,4,0,0,270,64,3,37,60,1258,0,3,0,2,2
5,4,0,0,297,60,2,29,64,1485,0,3,0,2,2
2,2,0,1,492,44,1,38,68,1636,1,3,0,3,3
4,7,1,0,234,63,3,34,79,745,0,2,0,2,2
5,1,1,0,272,58,1,34,52,1314,0,2,0,0,0
5,7,1,0,215,74,1,39,94,1080,0,3,0,2,2
5,4,0,0,102,81,1,27,73,1584,1,2,0,2,2
0,0,2,0,101,85,2,36,91,867,0,3,0,1,2
3,5,1,0,53,87,2,40,63,719,0,3,1,2,2
3,3,0,1,410,49,1,34,63,563,0,2,0,3,3
1,2,0,0,282,61,2,31,52,1696,0,3,0,2,2
0,4,0,0,241,71,3,25,59,1360,0,3,0,2,1
2,7,1,0,243,64,3,30,82,834,0,3,0,2,2
4,7,1,1,475,44,2,26,44,1445,0,3,0,3,3
0,7,1,0,224,63,0,21,89,1091,1,3,0,2,0
4,7,1,0,228,68,1,29,77,1336,0,3,0,2,2
0,3,0,0,204,66,3,30,71,1277,0,2,0,2,2
1,4,0,0,274,65,2,22,68,1716,0,3,0,2,2
4,7,1,0,197,74,0,27,87,1112,0,3,0,2,2
0,1,1,0,292,64,0,25,89,1216,0,3,0,2,2
0,3,0,0,310,55,1,22,66,1367,0,3,0,2,0
3,5,1,0,72,80,1,27,90,1617,0,2,1,0,0
6,1,1,0,332,52,1,24,52,914,0,3,0,0,2
1,0,2,0,222,70,3,37,42,1727,0,3,1,2,2
2,6,2,1,396,56,2,27,68,1474,0,3,1,3,3
2,7,1,0,322,59,0,36,94,1028,1,3,0,0,2
3,1,1,0,79,82,3,22,64,358,0,1,0,2,2
5,4,0,0,287,57,1,29,58,469,0,3,0,2,0
6,7,1,0,192,66,3,30,49,1408,0,3,0,2,1
2,4,0,0,190,69,1,35,81,541,0,3,0,2,2
3,2,0,0,106,85,3,40,84,557,0,3,0,1,1
3,7,1,1,698,17,1,30,42,351,1,3,0,3,3
1,7,1,0,327,56,0,28,46,1454,0,3,0,2,2
1,1,1,0,180,72,0,20,83,394,1,3,0,2,2
3,7,1,0,102,82,1,32,73,1339,1,2,0,2,2
2,3,0,0,123,73,3,35,84,528,0,3,0,1,1
3,6,2,0,216,65,3,26,88,1420,0,0,0,2,2
5,3,0,0,233,68,0,22,58,961,0,3,0,2,2
2,0,2,0,108,82,1,34,84,1777,0,3,1,2,2
2,3,0,0,226,72,1,25,75,1373,0,3,0,2,2
5,2,0,0,237,62,2,20,93,1513,0,3,0,2,2
1,1,1,0,260,66,1,29,83,1526,1,3,0,0,0
1,3,0,1,509,45,2,35,62,1032,0,3,0,3,3
6,1,1,0,229,64,2,32,89,896,0,3,0,2,2
4,0,2,0,214,68,3,35,50,821,0,3,0,1,2
2,2,0,0,214,74,3,31,84,933,0,3,0,2,1
1,7,1,0,65,84,0,28,89,756,0,3,0,1,1
0,5,1,0,68,79,2,25,86,1322,0,3,0,2,2
3,7,1,0,99,82,1,21,90,1127,0,1,0,2,2
1,7,1,1,508,43,1,20,86,1623,0,3,0,3,3
3,1,1,0,309,57,2,25,44,708,0,3,0,0,0
1,7,1,0,136,79,0,23,43,1629,1,3,0,2,2
4,7,1,0,333,61,2,25,73,1048,0,3,0,0,0
1,1,1,0,78,80,3,32,78,654,1,3,1,2,2
3,4,0,1,678,22,0,38,90,1650,0,0,0,3,3
5,5,1,0,139,77,1,23,81,1560,0,3,0,2,2
3,3,0,1,592,34,2,25,56,846,1,0,0,3,3
1,0,2,0,246,65,3,37,65,1451,0,3,0,1,1
4,3,0,0,143,80,0,23,90,748,1,3,0,2,2
0,1,1,0,109,77,3,34,77,882,0,3,0,1,1
6,2,0,0,136,72,3,31,45,681,0,3,0,1,1
5,3,0,0,131,73,3,38,71,798,0,3,1,2,2
5,5,1,0,296,59,1,35,90,988,0,3,0,2,0
3,0,2,0,297,57,3,28,61,1216,0,3,1,2,2
4,1,1,0,166,77,0,22,49,656,0,1,0,2,2
0,0,2,0,102,82,3,34,49,514,0,3,0,1,1
2,2,0,0,345,59,3,27,66,479,0,3,0,2,2
2,4,0,0,229,68,1,31,93,1257,0,3,1,0,0
4,7,1,1,580,28,0,36,45,1017,0,3,0,3,3
5,3,0,0,131,82,3,21,50,1135,0,3,0,1,1
0,7,1,0,249,61,2,25,51,594,0,3,0,2,2
5,7,1,0,149,78,2,23,47,995,0,3,0,2,2
5,1,1,0,124,76,2,40,55,1141,0,3,0,2,2
5,5,1,0,170,77,2,31,45,352,0,3,0,2,2
2,3,0,0,190,68,1,36,59,935,0,3,0,2,2
4,3,0,0,140,74,3,33,83,1718,0,3,0,1,1
6,5,1,0,64,82,0,31,46,1566,1,3,1,2,2
5,5,1,0,111,83,3,29,70,972,0,3,0,1,1
3,4,0,0,147,79,3,23,63,806,0,1,1,2,2
1,0,2,0,94,86,3,31,48,1411,0,3,0,1,1
2,5,1,0,110,79,1,32,72,1076,0,3,0,2,2
1,6,2,0,162,69,3,39,78,1007,0,1,0,2,2
1,1,1,0,344,56,1,30,54,1679,0,3,0,0,2
1,5,1,0,173,76,3,23,81,1484,0,3,0,2,2
2,5,1,0,88,80,1,25,83,1440,0,3,0,2,2
5,6,2,0,229,73,3,39,45,457,0,3,0,1,2
1,1,1,0,55,85,0,40,65,911,0,3,0,1,1
6,2,0,0,186,75,3,40,54,1421,0,3,1,2,2
3,4,0,0,317,62,0,39,72,1723,0,3,0,2,2
5,3,0,0,125,75,3,34,95,470,0,3,0,1,1
1,4,0,0,199,75,1,28,71,578,1,1,0,2,0
3,7,1,0,295,61,2,29,91,1065,0,3,0,0,2
0,0,2,0,50,85,0,33,91,1314,0,1,1,2,2
6,0,2,1,621,25,0,23,53,1113,1,3,0,3,3
1,5,1,1,495,38,2,31,68,966,0,3,0,3,3
4,4,0,0,161,75,1,39,45,307,0,3,0,2,2
2,4,0,0,214,74,2,40,78,499,0,3,0,2,2
4,6,2,0,202,74,3,22,41,994,0,3,0,1,1
1,3,0,0,254,66,3,26,42,478,0,3,0,2,1
1,3,0,0,138,77,0,20,73,1650,0,3,0,1,1
1,6,2,0,268,68,2,35,50,1387,0,0,0,2,2
1,4,0,0,87,83,0,24,49,1515,0,3,0,1,1
2,4,0,1,549,35,0,39,53,812,0,3,0,3,3
0,1,1,0,194,72,0,39,67,429,0,3,0,2,2
4,1,1,1,672,22,0,27,51,648,1,0,0,3,3
4,7,1,1,465,39,3,27,72,1122,0,1,0,3,3
6,7,1,1,446,49,0,22,42,981,0,3,0,3,3
1,4,0,0,349,52,2,40,53,910,0,3,0,0,0
2,3,0,1,538,35,1,36,71,1425,0,3,0,3,3
6,6,2,0,106,85,1,24,48,969,0,3,0,1,2
3,3,0,0,75,88,1,39,40,1280,1,2,0,2,2
4,2,0,0,220,67,3,35,59,1284,1,1,0,2,2
4,0,2,0,251,65,2,30,88,560,0,3,0,2,2
2,4,0,0,107,84,2,21,87,1617,0,1,0,2,2
2,1,1,0,152,78,2,34,73,437,1,3,0,2,2
3,1,1,0,159,78,0,28,43,1376,0,3,0,2,2
6,2,0,0,314,62,3,20,46,737,0,3,0,2,2
4,1,1,1,366,56,1,21,65,1702,1,3,1,3,3
5,3,0,0,278,68,0,38,70,964,1,3,0,2,2
4,4,0,0,188,67,2,34,56,1194,0,3,1,0,2
3,6,2,0,211,69,1,40,53,613,0,3,0,2,2
1,7,1,0,154,80,3,23,57,1344,0,3,1,2,2
6,1,1,0,167,77,3,21,49,679,0,3,0,2,2
5,1,1,0,277,65,3,39,94,1158,1,1,0,0,0
1,2,0,0,240,67,0,27,85,1455,0,1,0,2,2
5,7,1,0,123,82,1,34,87,980,0,3,0,2,2
0,3,0,0,121,75,3,39,64,864,0,3,0,1,1
5,0,2,0,214,64,3,39,60,1578,0,3,0,1,1
6,4,0,0,217,73,3,32,65,515,0,3,0,2,1
5,0,2,0,66,82,0,34,75,1406,0,0,1,2,2
0,2,0,0,301,61,1,39,46,918,0,3,1,0,0
3,0,2,0,326,62,2,36,50,845,0,3,0,2,0
2,5,1,0,174,73,0,33,89,1006,0,3,0,2,2
6,1,1,0,234,63,2,31,71,1075,0,3,0,2,2
3,1,1,0,196,73,0,25,89,1770,0,3,0,2,2
6,4,0,1,369,59,1,35,59,1693,0,3,0,0,3
2,6,2,1,434,47,1,24,87,1505,0,1,0,3,3
4,3,0,0,278,64,2,39,49,1344,0,1,0,0,0
1,6,2,0,243,64,1,24,40,1287,1,3,0,2,2
2,2,0,1,667,22,1,28,87,1022,0,3,0,3,3
5,0,2,0,65,89,2,30,83,1563,0,3,0,1,1
0,6,2,0,159,75,3,34,93,1361,0,3,0,1,1
1,7,1,1,358,54,3,40,62,1110,0,3,0,0,0
0,6,2,0,311,59,0,36,40,1640,0,3,0,2,2
1,0,2,0,329,54,0,27,55,733,0,3,0,2,2
1,3,0,0,185,70,1,31,72,1082,0,1,0,2,2
6,2,0,0,295,60,2,32,69,1126,1,3,0,0,2
1,3,0,1,602,30,0,26,47,1542,0,3,0,3,3
2,1,1,0,308,55,0,23,62,767,0,2,0,0,2
3,4,0,0,280,57,1,26,75,1320,0,3,0,2,2
3,2,0,0,91,81,3,21,74,1055,0,3,0,1,1
0,3,0,0,231,70,1,32,66,1027,0,3,1,0,0
0,0,2,0,196,71,2,27,50,486,0,3,0,2,2
2,0,2,1,689,22,3,24,70,1709,0,2,0,3,3
3,5,1,0,97,78,0,38,52,827,1,3,1,2,2
0,3,0,0,326,58,2,33,68,1683,1,3,0,0,2
1,6,2,0,188,67,3,36,82,1518,0,1,0,2,2
6,3,0,0,110,78,3,22,46,1316,0,3,0,1,1
0,5,1,0,243,68,1,24,91,891,0,3,0,2,2
5,1,1,0,315,56,3,40,49,557,0,3,0,2,2
4,2,0,0,67,85,3,29,52,1501,0,3,0,1,1
2,5,1,0,123,77,1,29,62,398,0,1,0,2,2
6,0,2,0,270,67,2,25,93,919,1,3,0,2,2
3,2,0,0,111,81,1,34,74,1130,0,3,0,2,2
4,6,2,1,375,58,2,40,57,842,0,3,0,0,3
0,0,2,0,53,86,2,37,77,526,0,3,0,1,1
0,1,1,0,136,77,3,25,60,1753,1,3,0,2,2
3,3,0,1,461,45,3,38,48,900,0,3,0,0,3
2,3,0,0,152,70,1,26,77,734,0,3,0,2,1
4,6,2,0,189,70,2,27,91,1521,0,3,0,2,2
2,4,0,0,232,69,2,25,92,1459,0,2,0,2,0
1,3,0,0,217,65,2,38,45,1471,0,1,0,2,0
6,6,2,1,617,25,3,25,79,618,0,3,0,3,3
4,5,1,0,134,72,3,32,46,510,0,3,0,1,1
6,1,1,1,485,39,0,29,64,704,0,3,0,3,3
0,2,0,1,642,27,1,24,40,473,0,3,0,3,3
2,5,1,0,223,72,1,24,65,465,0,3,0,2,2
2,4,0,0,59,88,2,40,49,1682,0,3,0,1,1
3,7,1,0,211,65,3,34,62,1060,0,3,0,2,1
4,0,2,1,400,48,0,33,63,594,0,1,0,0,3
4,7,1,0,265,61,0,37,49,1165,0,3,0,2,2
5,3,0,0,219,71,2,26,66,1208,0,3,1,0,0
0,1,1,0,206,69,0,27,60,1600,0,3,0,2,2
6,7,1,0,70,78,0,22,53,901,0,3,0,1,1
1,4,0,0,312,64,3,25,58,445,1,3,0,2,2
3,2,0,0,192,76,3,29,42,1154,1,3,0,2,2
5,0,2,0,334,60,0,37,60,1603,0,3,0,2,2
5,4,0,0,63,84,0,39,77,772,0,3,0,1,1
2,1,1,0,318,58,2,26,66,1343,0,1,1,3,0
5,4,0,0,235,71,0,32,83,453,0,0,0,2,2
0,7,1,0,220,69,3,28,92,1566,0,3,0,2,1
5,1,1,1,450,49,0,33,80,1386,0,3,0,3,0
3,4,0,0,336,60,1,27,66,1409,0,3,0,2,0
2,7,1,1,376,56,3,27,67,1761,1,1,0,3,3
6,3,0,0,335,61,2,31,85,1117,0,3,0,2,2
4,2,0,1,642,28,1,40,78,1430,1,3,0,3,3
6,5,1,0,305,63,3,26,48,1750,1,3,0,2,2
0,3,0,1,420,44,3,24,42,1429,0,3,0,0,0
6,5,1,0,213,66,3,32,52,822,0,3,0,2,2
0,6,2,0,242,70,2,25,85,1255,0,3,0,2,2
3,2,0,0,326,59,2,34,71,1413,0,3,1,0,0
4,7,1,1,641,21,2,29,75,814,0,3,0,3,3
2,2,0,0,273,63,3,34,46,417,0,3,0,2,1
5,5,1,0,328,61,0,24,83,1041,0,2,0,0,0
0,1,1,0,315,60,1,20,47,1794,1,3,0,0,0
1,3,0,1,467,44,1,36,41,890,0,1,0,3,3
0,4,0,0,115,77,3,29,71,996,0,3,0,1,1
2,0,2,1,558,32,1,21,50,774,1,3,0,3,3
2,5,1,0,172,71,2,22,65,1516,0,3,0,2,2
5,5,1,0,84,78,0,26,47,840,0,3,0,1,1
5,7,1,0,242,68,2,22,79,976,0,3,0,2,0
6,1,1,1,428,44,2,36,78,1183,0,2,0,3,3
1,6,2,0,289,66,3,33,92,1476,0,2,0,2,2
1,1,1,0,144,75,1,36,58,1421,0,3,0,2,2
3,3,0,0,335,60,1,28,46,1508,1,2,0,0,0
6,3,0,0,123,77,3,31,91,1415,1,1,0,2,2
0,6,2,0,264,63,0,33,88,876,0,3,0,2,2
0,6,2,1,562,32,2,34,56,1090,0,3,1,3,3
6,3,0,0,110,75,0,38,70,1671,0,1,0,2,1
2,4,0,1,678,25,3,34,73,964,1,3,0,3,3
4,0,2,1,392,51,0,28,42,379,0,3,0,0,0
6,0,2,0,172,78,2,25,79,786,0,3,0,2,1
4,4,0,0,259,64,3,20,72,1312,0,0,0,2,2
6,3,0,0,234,69,2,21,58,1330,0,3,0,2,2
3,4,0,0,162,70,3,25,68,783,0,0,0,2,2
1,4,0,1,667,27,1,35,71,1321,1,3,0,3,3
0,0,2,1,644,21,1,22,57,548,0,3,0,3,3
3,0,2,0,111,76,1,20,77,1672,0,3,0,1,1
0,2,0,0,325,62,0,28,80,794,0,3,0,2,2
0,0,2,0,296,57,1,24,78,681,0,3,0,2,2
6,6,2,0,214,70,3,32,59,404,0,3,0,1,2
5,7,1,1,418,46,3,36,69,925,0,2,0,3,0
6,4,0,0,148,78,2,23,90,1130,1,3,0,2,2
5,3,0,0,327,53,0,40,49,1086,0,3,0,2,2
1,5,1,1,507,36,0,25,51,322,0,3,0,3,3
5,5,1,0,182,67,1,23,65,1375,0,3,0,2,2
5,1,1,0,301,59,1,26,75,1164,0,3,0,2,0
3,3,0,0,202,74,1,30,88,1182,1,3,0,2,2
0,2,0,0,129,83,2,34,90,940,0,0,0,2,2
2,6,2,1,616,34,0,23,95,1361,0,3,0,3,3
5,5,1,0,65,89,0,29,56,1144,0,3,0,1,2
2,7,1,0,121,83,3,24,82,1353,0,3,0,1,2
2,5,1,0,76,82,2,26,42,1472,0,3,1,2,2
2,0,2,0,204,71,1,29,67,662,1,3,0,2,2
6,7,1,0,347,54,0,37,89,942,1,3,1,0,3
5,1,1,0,111,74,2,37,68,968,0,3,0,2,2
5,4,0,0,268,61,1,27,67,732,0,3,0,2,2
4,1,1,0,301,55,2,36,88,1507,0,3,0,0,0
4,7,1,0,63,81,1,35,48,1165,0,0,0,2,2
3,1,1,1,548,41,3,23,88,1546,1,3,0,3,3
6,4,0,0,232,69,3,33,61,680,0,3,0,2,1
1,7,1,0,304,65,1,36,59,753,0,3,0,2,2
1,4,0,0,146,74,3,38,63,408,0,1,0,2,1
3,3,0,0,138,75,0,34,41,714,0,3,0,1,1
5,7,1,0,123,76,2,32,54,439,0,3,0,2,2
2,5,1,0,173,76,0,26,44,589,0,2,0,2,2
2,0,2,1,442,48,2,23,59,552,0,3,0,3,0
2,0,2,0,252,64,3,23,85,1399,0,3,0,1,1
6,6,2,0,160,69,3,36,53,1050,0,3,0,1,1
2,4,0,0,181,72,2,29,85,1515,0,3,0,2,2
4,0,2,0,236,69,2,30,63,1502,0,3,1,0,2
5,5,1,0,201,75,1,28,95,1308,0,2,0,2,0
2,6,2,1,695,26,2,23,84,362,0,3,0,3,3
2,3,0,0,282,66,1,34,40,814,0,3,0,2,2
4,5,1,0,194,73,1,26,54,1202,0,1,0,2,2
5,6,2,0,218,69,1,30,76,1003,0,0,0,2,2
6,4,0,0,270,64,2,25,56,371,0,0,0,0,2
3,0,2,0,210,70,1,32,56,1023,0,3,0,2,2
1,3,0,1,544,33,0,21,50,607,1,3,0,3,3
2,1,1,1,401,53,3,26,64,921,0,3,0,0,3
1,7,1,0,331,60,3,33,83,625,0,3,0,2,2
2,3,0,1,382,54,3,21,40,1383,0,3,0,0,0
6,1,1,0,191,66,3,35,94,540,1,1,1,0,0
0,7,1,0,243,71,1,20,88,1511,0,3,0,2,2
2,3,0,0,332,55,2,37,93,917,0,3,0,2,0
6,7,1,0,214,69,1,23,92,592,0,3,0,2,0
6,5,1,0,243,65,1,20,95,464,0,3,0,2,2
0,2,0,1,585,27,1,28,95,388,0,3,0,3,3
1,0,2,0,340,59,3,33,54,1583,0,3,0,2,2
0,0,2,0,282,58,0,24,44,1646,0,3,0,2,2
3,6,2,0,64,85,1,20,88,1256,0,3,0,1,1
5,5,1,0,178,71,3,27,79,1350,0,3,0,2,2
1,1,1,0,231,64,0,23,46,457,0,3,1,0,0
2,1,1,0,249,69,0,33,92,1373,0,3,0,2,2
2,1,1,0,255,62,1,39,64,743,0,3,0,2,0
6,1,1,1,392,49,0,30,86,1431,0,3,0,0,0
5,3,0,1,496,43,1,32,50,1734,0,3,0,3,3
6,1,1,0,335,52,1,37,46,1733,0,3,0,0,0
5,7,1,0,113,80,3,35,63,506,0,3,1,2,2
1,5,1,0,266,68,1,23,94,1441,0,3,1,0,0
4,5,1,0,149,79,0,37,42,903,0,3,0,2,2
3,2,0,0,208,67,0,22,66,701,0,3,0,2,2
6,1,1,0,261,62,1,23,73,1537,0,3,0,2,2
2,7,1,0,168,78,3,38,80,1188,0,3,0,2,2
5,4,0,0,155,79,3,28,65,765,0,3,0,1,2
0,0,2,1,402,53,0,34,95,1798,0,3,0,0,0
3,1,1,0,145,80,2,22,92,1237,0,3,0,2,2
1,6,2,0,276,61,0,26,79,693,0,3,0,2,1
1,6,2,0,314,59,2,33,46,1654,1,3,1,0,0
0,5,1,0,165,71,0,37,95,1289,0,3,0,2,2
6,3,0,0,292,59,2,26,52,765,1,3,0,0,0
4,5,1,0,126,79,3,28,75,1429,0,0,0,2,2
2,7,1,0,85,79,2,36,94,1556,0,1,0,2,2
5,4,0,0,187,77,1,33,67,687,0,3,1,0,2
4,1,1,1,552,37,0,27,61,919,1,3,0,3,3
6,2,0,0,344,53,2,28,72,1182,0,0,0,0,0
1,2,0,0,304,64,0,25,66,1200,0,3,0,2,2
2,3,0,0,295,61,3,20,64,719,0,3,0,2,2
2,6,2,0,332,53,2,29,86,1193,0,3,0,2,0
6,5,1,0,199,72,2,36,81,1794,1,3,0,2,0
1,5,1,0,183,67,3,25,60,1797,1,3,0,2,2
1,6,2,1,518,38,0,32,88,1770,0,3,0,3,0
6,0,2,1,424,46,3,25,90,1229,0,3,0,0,0
3,3,0,1,647,29,0,40,66,634,0,3,0,3,3
4,5,1,0,211,66,2,21,83,391,0,3,0,2,2
0,7,1,0,341,53,3,39,68,1671,0,3,0,2,0
5,7,1,0,144,76,3,30,88,808,0,3,0,1,1
6,0,2,0,207,65,0,40,52,1317,0,3,0,2,1
2,5,1,0,248,64,3,30,80,1506,0,3,0,2,2
5,0,2,0,196,68,2,40,69,1408,0,3,0,2,2
6,0,2,0,162,69,0,38,81,1364,0,3,0,1,1
6,1,1,0,135,78,2,31,59,645,0,3,0,2,2
5,4,0,0,284,62,2,33,53,831,0,3,0,2,2
1,3,0,0,113,74,3,36,48,624,0,3,0,1,1
5,6,2,1,387,47,2,22,91,1318,0,3,0,0,0
2,4,0,0,101,84,0,21,64,1237,0,3,0,1,1
1,6,2,0,206,72,0,31,87,1172,0,3,0,2,2
0,2,0,1,417,48,1,33,46,1093,0,3,0,3,0
3,6,2,1,696,23,1,28,46,1697,0,3,0,3,3
1,7,1,0,338,56,2,40,89,310,1,0,0,0,0
2,6,2,0,244,70,1,21,52,1701,0,3,0,2,2
4,4,0,0,183,69,3,30,43,341,0,1,0,2,2
3,7,1,0,106,85,0,21,69,1434,1,3,0,2,2
0,2,0,0,261,66,2,20,73,1411,0,3,0,2,2
2,0,2,0,129,79,2,35,59,1530,0,3,0,1,1
0,3,0,0,101,78,3,23,60,1323,0,3,0,1,1
2,1,1,0,257,63,3,37,60,1280,0,3,0,2,2
4,4,0,1,394,52,3,21,70,1446,1,3,0,0,0
6,1,1,0,295,57,2,25,58,907,0,3,0,0,0
0,3,0,0,290,56,3,28,57,1172,0,3,0,2,2
0,0,2,0,321,55,2,34,74,1197,0,3,0,2,2
5,7,1,0,344,60,0,40,75,1560,0,3,0,2,0
4,0,2,0,162,72,0,31,93,1497,0,3,0,1,1
5,5,1,0,109,80,0,38,79,523,0,3,1,2,2
2,0,2,1,618,31,2,27,62,803,0,3,0,3,3
4,1,1,0,57,85,2,40,59,1009,0,3,0,2,1
3,3,0,0,62,84,0,20,76,1365,0,1,0,2,2
3,5,1,0,69,81,2,38,95,1138,0,1,0,2,2
2,6,2,0,323,62,2,33,79,1174,0,1,0,0,0
2,6,2,0,57,87,3,35,87,582,0,3,0,1,1
2,3,0,0,135,81,2,26,80,1019,1,3,1,0,2
5,4,0,0,67,79,2,23,61,583,0,3,0,1,1
3,4,0,0,255,66,2,20,73,1752,0,3,0,2,2
4,3,0,0,90,76,3,40,85,521,0,3,0,1,1
5,5,1,0,55,80,1,22,65,491,0,3,0,2,2
6,4,0,0,79,81,1,34,51,386,1,3,1,2,2
2,3,0,0,127,77,0,26,74,479,0,3,0,1,2
2,5,1,0,194,75,1,28,84,1173,1,3,0,2,2
2,6,2,0,144,75,2,29,49,1760,0,3,0,2,1
4,0,2,0,288,57,2,25,71,1457,0,3,0,2,2
0,4,0,0,64,89,2,30,55,1065,0,3,0,1,2
0,6,2,0,348,60,3,37,54,1351,0,3,0,2,2
5,0,2,0,139,76,2,26,61,1290,0,3,0,2,1
1,2,0,0,211,66,1,22,93,414,1,3,0,2,2
4,7,1,0,143,81,2,34,51,901,0,3,0,2,2
3,4,0,0,293,63,2,33,75,1715,0,1,0,0,0
6,6,2,1,559,39,2,35,51,1103,0,3,0,3,3
6,6,2,1,687,17,2,38,62,1458,0,1,0,3,3
4,5,1,1,571,29,2,30,95,967,0,3,0,3,3
0,5,1,0,172,76,2,36,80,971,0,3,0,2,2
6,7,1,1,392,46,2,20,40,1097,0,3,0,3,3
5,4,0,1,435,42,1,27,77,587,0,3,0,3,3
1,5,1,0,350,50,2,32,84,1462,0,3,0,0,2
5,4,0,0,71,79,3,37,76,367,0,3,0,1,1
2,3,0,0,266,59,0,40,77,327,0,3,0,2,2
2,0,2,1,507,35,0,29,71,1043,1,3,0,3,3
5,5,1,0,72,87,0,34,41,560,0,3,0,1,1
0,1,1,1,531,36,3,21,63,1045,0,3,0,3,3
3,3,0,0,327,54,1,31,82,1657,0,3,0,2,2
3,3,0,0,182,69,2,40,83,1252,0,3,0,2,2
6,2,0,0,62,86,3,40,93,1460,0,3,0,1,1
1,4,0,0,165,71,3,30,41,991,0,3,0,1,1
6,3,0,0,137,76,1,22,88,1690,0,3,0,2,1
6,5,1,1,530,32,2,29,40,1481,0,3,0,3,3
0,2,0,0,256,64,2,28,69,1323,0,0,0,0,2
2,6,2,1,600,30,3,35,55,986,0,3,0,3,3
2,7,1,0,335,54,3,36,43,1017,0,2,0,0,0
6,6,2,1,399,54,0,27,81,832,0,3,0,0,0
3,3,0,0,187,76,3,21,51,1247,0,3,0,1,1
4,6,2,0,52,85,0,32,61,1776,0,3,0,1,1
6,7,1,1,403,55,2,34,81,495,0,3,0,3,0
6,3,0,0,230,69,3,30,83,913,0,3,0,2,1
0,1,1,0,92,79,0,29,83,352,1,1,0,2,2
2,4,0,0,219,70,2,28,79,1077,0,3,0,2,2
2,6,2,0,69,85,0,40,83,468,0,0,0,1,1
4,3,0,0,100,76,2,34,71,983,1,2,0,2,2
3,3,0,0,51,88,3,22,76,928,0,1,0,1,1
2,1,1,0,181,74,3,26,68,696,0,1,0,2,2
3,4,0,0,116,80,0,20,62,1791,0,3,0,1,1
1,7,1,1,444,41,0,27,64,1515,0,3,1,3,3
1,5,1,0,207,70,0,33,92,1037,1,3,0,2,2
6,2,0,0,231,68,2,31,60,1135,0,3,0,2,2
3,5,1,1,516,40,1,25,62,1732,0,3,0,3,3
1,0,2,0,121,79,0,27,61,1276,0,3,0,1,1
6,1,1,1,370,50,1,37,85,1488,0,0,0,3,3
2,7,1,0,171,68,1,21,52,414,0,3,0,2,2
6,5,1,0,263,59,0,22,55,1040,0,3,0,2,2
6,4,0,0,163,74,1,24,51,1121,0,3,0,2,2
5,7,1,0,202,75,0,36,72,483,0,3,0,2,2
5,7,1,1,367,51,1,23,77,1074,0,3,0,3,0
0,2,0,1,630,27,3,20,47,986,0,3,0,3,3
3,4,0,0,304,65,1,25,70,1786,0,3,0,2,2
6,4,0,0,139,75,3,25,89,587,1,3,0,1,1
1,7,1,0,195,75,0,33,77,1065,0,3,0,2,2
5,2,0,0,75,82,3,20,71,936,0,3,0,1,1
5,4,0,0,233,67,1,35,42,1131,0,3,0,2,2
1,0,2,0,266,61,2,39,82,1058,0,3,0,2,2
0,4,0,0,218,65,3,36,93,980,0,3,0,2,2
6,5,1,0,337,54,3,22,91,1270,1,3,0,2,2
1,2,0,1,669,25,0,21,83,783,0,3,0,3,3
1,5,1,0,260,60,0,22,71,582,0,3,0,2,2
5,3,0,0,58,87,3,31,50,1771,0,3,0,1,1
5,0,2,0,174,74,2,39,52,1120,0,3,0,2,2
4,3,0,0,56,83,2,33,55,1715,0,3,0,1,1
2,4,0,0,302,57,1,30,85,1475,0,1,0,0,2
3,6,2,1,564,39,2,23,40,975,0,3,1,3,3
1,3,0,1,618,32,3,36,77,371,0,3,0,3,3
4,2,0,0,274,62,3,30,71,1655,0,3,0,2,1
4,7,1,0,174,70,2,31,77,956,0,3,0,2,2
6,0,2,0,112,78,3,24,54,389,1,2,0,2,2
2,6,2,1,535,33,2,21,57,1062,0,3,0,3,3
0,1,1,0,232,62,1,37,43,1691,0,3,0,2,2
1,3,0,0,134,80,2,25,51,1072,0,3,0,2,1
3,7,1,0,224,71,0,34,56,974,0,3,0,2,2
6,1,1,0,148,81,2,25,84,1454,0,3,0,2,2
5,4,0,0,96,80,2,39,43,1028,0,3,0,2,2
6,6,2,1,446,42,2,38,92,1597,0,3,0,3,0
6,1,1,1,663,21,0,24,82,1624,0,2,0,3,3
5,5,1,1,474,44,3,32,71,1000,0,3,0,3,3
6,3,0,0,83,82,2,20,57,679,0,3,0,1,2
0,0,2,1,355,53,3,25,78,1022,0,3,0,0,0
0,2,0,1,397,55,2,25,61,690,0,3,0,3,3
2,4,0,0,170,78,2,32,84,497,0,3,0,2,2
2,4,0,0,151,73,2,40,64,1613,0,3,0,2,2
5,3,0,0,275,63,0,35,61,519,0,3,0,2,2
2,0,2,1,600,32,0,37,57,629,0,3,0,3,3
0,5,1,1,415,46,2,39,48,464,0,3,1,3,3
6,5,1,1,570,31,2,26,40,1107,0,1,0,3,3
1,1,1,0,133,72,3,27,58,312,0,3,0,1,1
1,1,1,0,123,76,1,35,47,1302,0,3,0,2,2
3,1,1,0,217,66,3,28,46,1061,0,3,0,2,2
0,4,0,1,599,28,2,22,57,1015,0,3,0,3,3
3,6,2,0,212,71,0,26,66,783,0,3,0,2,2
2,3,0,0,70,81,3,21,45,1756,0,0,0,1,1
1,1,1,0,349,56,0,29,67,1132,0,1,0,0,0
6,4,0,0,178,77,1,22,77,1649,0,3,0,2,2
1,6,2,0,299,59,1,25,58,1658,0,3,0,2,2
1,1,1,0,85,77,2,22,54,467,0,3,0,2,2
5,3,0,1,372,55,2,30,87,743,1,3,0,3,0
3,1,1,0,164,72,3,36,41,1129,0,3,0,2,2
2,4,0,0,56,84,3,27,62,881,0,3,0,1,1
2,4,0,0,203,66,2,27,44,1390,0,3,0,2,2
3,7,1,0,234,70,3,21,92,636,0,3,0,2,2
1,4,0,1,439,44,3,30,59,990,1,3,0,0,0
2,3,0,0,296,64,2,34,81,1022,0,3,0,2,0
0,6,2,0,248,67,2,22,60,837,0,3,0,2,2
3,1,1,1,581,28,0,32,93,1409,0,3,0,3,3
0,5,1,1,536,42,2,28,41,773,0,3,0,3,3
5,2,0,1,584,34,0,35,47,1505,0,3,0,3,3
3,5,1,0,292,64,2,29,82,1332,0,3,0,0,2
6,7,1,0,72,78,1,37,68,1665,0,3,0,2,1
4,4,0,0,172,69,3,29,89,354,0,3,0,1,1
3,7,1,0,195,66,0,34,95,1263,0,3,0,2,2
1,5,1,0,310,61,0,31,56,693,0,3,0,2,0
6,7,1,0,279,64,3,27,61,405,0,3,0,2,2
5,6,2,0,78,84,1,29,75,1172,0,3,0,1,1
6,3,0,0,127,73,3,22,80,704,1,3,0,1,2
4,6,2,0,338,53,2,34,60,634,0,3,0,2,0
4,4,0,0,334,58,2,36,89,953,0,3,0,2,2
5,1,1,1,459,42,1,29,54,1141,0,3,0,3,3
6,3,0,0,134,72,3,28,85,926,0,3,0,1,1
5,0,2,0,154,77,1,32,56,1205,0,1,0,2,2
4,2,0,0,229,66,3,38,59,475,0,3,0,2,1
2,5,1,0,62,81,2,27,77,1244,0,3,0,2,2
1,0,2,1,523,39,0,31,82,509,0,3,0,3,3
2,4,0,0,260,59,0,29,59,557,0,0,0,2,0
6,7,1,0,282,59,2,28,85,1695,1,3,0,0,2
1,0,2,0,56,81,0,40,79,500,0,3,1,2,2
1,7,1,0,96,81,2,40,73,842,0,2,0,2,2
1,7,1,0,309,61,3,39,92,1422,0,3,0,2,2
5,5,1,0,147,71,1,31,47,1255,1,3,0,2,2
2,2,0,0,62,87,1,30,56,833,0,3,0,1,2
4,0,2,0,338,55,2,40,62,761,0,3,0,2,0
0,7,1,1,478,42,0,31,69,1157,1,3,0,3,3
0,5,1,0,315,60,0,24,59,1223,0,1,0,0,0
2,0,2,0,227,68,0,27,77,491,0,3,0,2,2
2,7,1,0,243,65,3,35,51,1006,0,3,0,2,2
0,1,1,0,275,64,3,23,75,1166,0,3,1,0,0
4,7,1,0,120,79,2,38,40,513,0,3,0,2,2
0,7,1,0,345,61,2,25,94,1015,0,3,0,0,2
2,3,0,0,328,63,3,32,64,1155,0,3,0,2,2
1,4,0,1,563,34,0,34,90,383,0,1,0,3,3
2,6,2,0,299,66,2,39,83,1689,0,3,1,0,0
3,6,2,0,336,58,3,34,50,1000,0,3,0,2,2
0,3,0,1,675,20,3,37,73,1714,0,3,1,3,3
3,1,1,0,200,71,0,29,75,1043,0,3,1,0,0
5,0,2,1,371,55,0,20,87,1334,0,3,0,0,0
4,1,1,0,186,73,1,34,88,1468,1,3,0,2,2
1,7,1,0,134,73,3,37,40,1020,0,3,0,1,1
6,7,1,0,142,77,1,35,62,1251,0,3,0,2,2
0,6,2,0,282,63,1,27,89,1748,1,3,0,2,2
4,0,2,0,291,57,0,20,78,603,0,3,0,2,2
1,7,1,1,514,39,2,20,62,1459,0,3,0,3,3
1,7,1,0,340,59,2,40,65,1156,0,2,0,0,0
1,4,0,0,307,61,2,23,88,1473,1,3,0,0,0
3,1,1,1,634,29,2,34,77,1488,1,3,0,3,3
3,5,1,0,164,74,0,35,41,449,0,2,0,2,2
0,4,0,0,220,64,0,24,55,1242,0,3,0,2,2
3,4,0,0,195,74,2,38,69,396,0,2,0,2,0
6,3,0,0,312,59,1,35,77,999,0,3,0,2,0
6,4,0,0,211,71,0,36,94,1274,0,3,0,2,2
3,0,2,0,103,83,2,40,85,1300,0,3,1,2,2
5,1,1,0,128,78,0,24,71,1408,0,3,0,2,2
4,7,1,0,141,71,3,27,71,1429,0,3,0,1,1
1,7,1,0,206,68,3,25,62,528,0,3,0,2,2
1,1,1,0,244,66,3,31,58,651,0,3,1,0,2
4,6,2,1,466,44,1,29,71,413,0,3,0,3,0
2,7,1,0,270,65,0,27,68,335,0,3,0,2,2
3,7,1,0,222,64,2,32,51,1452,0,2,0,0,0
5,7,1,0,141,77,1,31,88,1238,1,3,0,2,2
0,7,1,0,210,73,0,20,67,612,0,3,0,2,2
5,2,0,0,199,73,1,27,47,1414,0,3,0,2,2
4,1,1,0,194,69,0,26,95,1470,0,3,0,2,2
0,7,1,0,225,66,1,34,93,354,0,3,0,2,2
6,7,1,0,152,76,3,40,72,1213,1,3,0,2,2
1,5,1,0,339,60,0,35,41,1437,1,3,0,0,0
4,1,1,0,233,65,0,34,87,1556,0,3,1,0,2
1,0,2,0,303,61,2,35,76,1617,0,3,0,2,2
4,1,1,0,214,70,0,25,71,973,0,3,0,2,2
2,5,1,0,209,67,2,26,54,762,0,3,0,2,2
6,6,2,0,298,57,2,23,82,799,1,3,0,2,0
4,5,1,0,128,80,3,30,61,1785,0,3,1,2,2
0,7,1,1,616,26,2,33,73,478,0,3,0,3,3
0,5,1,0,62,80,2,27,57,1065,0,3,0,2,2
2,6,2,0,100,80,3,28,64,358,0,3,0,1,1
0,0,2,0,255,65,3,31,93,1198,0,1,0,2,2
0,7,1,0,116,77,0,36,76,1518,0,3,0,2,2
6,2,0,0,114,74,2,34,53,839,0,3,0,2,2
5,2,0,0,288,60,0,37,51,1674,0,3,0,2,2
5,6,2,0,302,60,1,39,72,924,0,3,0,2,2
4,1,1,0,181,73,3,33,82,1221,0,3,0,2,2
5,5,1,0,274,64,2,38,80,1103,0,2,0,0,0
6,6,2,1,590,31,2,20,62,1787,0,3,0,3,3
3,1,1,1,614,24,2,39,95,1209,0,3,0,3,3
4,4,0,0,343,55,2,23,94,1584,0,3,1,0,0
1,0,2,0,342,56,2,28,85,417,0,3,0,2,2
2,1,1,1,401,55,0,28,91,1635,0,2,0,3,3
0,0,2,0,62,89,2,23,82,976,0,2,0,2,2
0,3,0,0,195,75,1,23,91,1613,0,3,0,2,1
5,6,2,0,284,63,3,27,72,1030,0,3,0,2,2
4,2,0,0,152,78,0,21,68,1630,0,3,0,1,1
3,3,0,0,199,67,0,27,94,1416,0,3,0,2,2
5,2,0,0,242,71,2,32,61,1353,0,3,0,2,2
4,6,2,0,246,68,3,36,78,774,0,2,0,2,2
0,6,2,0,181,67,0,24,87,1542,0,3,0,1,1
4,3,0,1,371,49,2,30,85,464,0,3,0,0,3
3,3,0,0,323,57,3,35,94,1551,0,3,1,0,0
1,4,0,0,212,66,2,26,50,1058,0,3,0,2,2
4,7,1,0,340,56,1,25,47,1416,0,1,1,3,3
3,4,0,0,174,71,2,20,85,505,0,3,0,2,2
2,0,2,0,184,75,3,33,59,866,0,3,0,1,1
4,1,1,0,271,58,1,22,76,1079,0,3,0,2,2
0,4,0,0,174,76,0,30,63,1135,0,3,0,2,2
5,4,0,1,428,47,2,26,76,1570,0,1,0,3,3
5,4,0,0,275,63,2,24,55,1758,0,3,0,2,2
1,1,1,1,647,31,1,36,62,1117,0,1,0,3,3
0,6,2,0,90,86,0,23,60,976,0,3,0,1,1
5,0,2,0,184,72,0,30,94,903,0,1,0,2,2
5,4,0,0,285,64,2,28,68,1093,0,3,0,2,0
2,5,1,0,306,64,0,29,83,1301,0,3,0,2,2
5,4,0,0,131,72,1,35,64,1389,1,3,0,2,2
3,1,1,0,115,75,2,22,57,1618,0,3,0,2,2
3,6,2,0,320,62,0,21,92,857,1,3,0,2,2
4,6,2,0,186,75,1,21,48,474,0,3,0,2,2
4,6,2,0,221,73,0,40,68,1553,0,3,0,2,2
1,3,0,0,219,67,0,30,44,1547,0,3,0,2,2
6,2,0,0,146,81,2,37,56,1163,1,0,0,2,2
4,7,1,1,628,31,0,20,93,1619,0,1,0,3,3
4,4,0,1,409,55,2,32,70,1210,0,3,0,3,0
5,1,1,0,231,68,1,21,51,1458,0,3,0,2,2
1,6,2,0,212,67,0,22,75,1339,0,3,0,2,2
6,2,0,0,147,77,0,39,59,776,0,3,1,2,2
3,3,0,0,298,62,2,34,56,1425,1,3,0,0,2
6,2,0,0,159,79,1,27,59,1065,0,3,1,2,0
4,3,0,0,262,68,2,39,74,1099,0,3,0,2,2
4,5,1,0,295,61,3,33,75,1554,1,3,0,2,2
5,0,2,1,602,35,2,37,61,1136,0,3,0,3,3
3,7,1,0,120,75,2,27,41,469,0,3,0,2,1
5,4,0,0,215,73,3,34,71,1595,1,3,0,2,1
5,1,1,0,291,56,2,28,43,1591,0,3,0,0,2
1,6,2,0,172,74,3,28,61,714,0,3,0,1,1
6,6,2,0,185,70,2,38,70,559,1,3,0,2,2
4,1,1,0,245,67,2,32,62,975,0,3,0,2,2
1,5,1,0,179,70,0,36,87,1255,0,3,0,2,2
2,1,1,0,88,80,3,32,54,1262,1,3,0,1,1
5,5,1,0,315,63,1,40,54,1152,0,3,0,0,2
5,6,2,1,669,19,2,33,55,1086,0,0,0,3,3
0,1,1,0,301,58,2,39,84,1051,1,3,0,0,0
1,2,0,0,322,60,3,26,69,1180,0,1,0,2,2
1,5,1,0,204,66,0,40,55,1080,0,3,0,2,2
5,1,1,1,479,46,0,39,72,1278,0,3,0,3,0
5,4,0,0,274,61,1,31,50,1232,0,3,0,2,2
4,1,1,0,306,59,1,39,62,512,0,3,0,0,2
2,0,2,0,330,59,3,24,76,799,0,3,0,2,1
3,5,1,0,52,89,1,26,48,800,0,0,0,2,2
2,3,0,1,423,48,0,29,86,980,1,3,0,3,0
0,7,1,0,221,64,3,23,95,1565,1,3,0,2,2
0,7,1,1,435,43,2,22,61,1442,1,3,1,3,3
4,5,1,0,191,67,1,40,68,1243,1,3,0,2,2
1,1,1,0,147,72,2,28,45,879,0,3,0,2,2
0,1,1,0,96,83,2,22,41,911,0,3,0,2,2
6,3,0,0,252,64,2,26,81,1576,1,3,0,2,0
1,5,1,0,55,84,0,25,61,365,0,3,0,1,1
2,0,2,0,315,57,2,28,88,359,0,3,1,0,0
1,1,1,0,95,86,0,35,61,381,0,3,0,1,2
0,0,2,0,233,66,0,34,94,795,0,1,1,0,0
0,5,1,0,349,54,3,39,72,1368,0,3,0,2,2
6,0,2,1,591,33,1,36,45,1426,0,3,0,3,3
2,4,0,0,230,63,1,25,67,1043,0,3,0,2,2
4,0,2,1,503,44,2,39,58,1257,1,3,1,3,3
3,3,0,0,199,71,1,21,92,846,0,3,0,2,2
5,4,0,0,80,78,2,32,53,1639,0,3,0,1,1
1,2,0,0,206,67,0,36,82,695,0,3,0,2,2
3,7,1,0,103,76,1,30,49,1565,1,0,0,2,2
3,2,0,1,475,39,1,34,55,773,0,3,0,3,3
0,3,0,0,86,81,2,23,60,741,0,1,0,2,2
5,5,1,0,296,63,3,23,40,627,1,3,0,2,2
1,6,2,0,140,80,0,34,62,938,0,3,0,1,1
5,5,1,0,194,68,1,33,74,493,0,3,0,2,2
2,2,0,0,151,73,3,33,60,1439,0,0,0,2,2
5,5,1,0,246,70,2,24,69,830,0,1,0,0,0
5,7,1,0,223,63,1,28,43,1508,0,1,0,0,0
0,2,0,0,211,68,2,40,87,1674,0,3,0,2,2
1,5,1,0,191,71,0,35,95,1136,0,3,1,0,2
2,5,1,1,483,44,3,30,61,1178,0,3,0,3,3
3,1,1,0,225,73,3,39,50,1757,0,1,0,2,2
2,4,0,1,498,46,2,36,66,1697,0,3,0,3,3
1,7,1,0,191,76,3,20,77,1290,0,3,0,2,2
5,0,2,0,251,64,2,24,85,1017,0,1,0,2,2
6,4,0,0,143,74,2,28,56,636,0,3,0,2,2
5,7,1,1,576,36,3,40,46,809,0,3,0,3,3
5,6,2,1,392,49,0,20,79,1358,0,3,0,0,0
1,1,1,0,278,64,2,40,73,556,0,3,0,2,0
2,1,1,0,226,69,0,38,77,766,0,3,0,2,2
5,7,1,1,621,26,2,32,91,1276,0,1,0,3,3
4,7,1,1,354,51,3,40,85,925,0,3,0,0,0
4,7,1,0,87,79,1,39,44,1756,0,3,0,2,2
6,6,2,1,524,37,1,28,61,575,0,3,0,3,0
4,6,2,0,166,73,3,35,40,989,0,3,1,2,2
4,7,1,0,318,60,1,20,59,938,1,1,0,0,0
0,3,0,0,137,77,0,23,70,928,0,3,0,1,1
6,0,2,1,499,45,1,22,52,1315,0,3,1,3,3
5,6,2,0,137,82,3,32,60,1708,0,3,0,1,1
3,3,0,0,288,65,1,26,76,948,0,0,0,0,0
5,5,1,0,335,55,3,34,55,944,0,3,0,2,2
1,5,1,0,104,77,1,39,72,453,0,0,0,2,2
5,7,1,0,237,72,0,28,43,637,0,3,0,2,2
3,4,0,1,613,31,0,35,92,500,0,3,0,3,3
2,3,0,0,216,71,2,30,80,1767,0,3,0,2,2
6,5,1,0,238,67,2,38,62,1761,1,3,0,0,2
3,1,1,0,70,86,1,40,73,1333,0,3,0,2,1
3,6,2,0,158,70,0,31,83,1462,0,3,0,1,1
0,2,0,0,83,87,1,39,81,693,0,3,0,1,2
6,0,2,0,341,51,0,25,44,645,0,3,0,2,2
1,3,0,0,164,74,3,24,58,1496,0,1,0,2,2
0,2,0,0,89,78,1,25,68,533,0,3,0,1,1
5,1,1,0,294,63,1,21,74,426,0,3,1,0,0
5,5,1,0,201,69,1,26,76,1397,0,3,0,2,2
5,1,1,0,130,81,3,35,70,1356,0,3,0,1,2
6,2,0,0,201,69,2,36,45,1400,0,3,0,2,2
6,1,1,0,148,79,1,27,71,804,0,0,0,2,2
5,2,0,0,286,67,0,38,56,1637,0,3,0,2,2
0,3,0,0,301,63,2,20,89,1323,0,3,0,2,0
2,6,2,0,140,71,3,31,44,1232,0,3,0,1,1
4,3,0,0,106,82,1,24,40,944,0,3,0,2,1
2,7,1,0,166,70,2,23,47,877,0,3,0,2,2
4,5,1,0,55,84,2,30,69,1739,0,3,0,2,1
6,7,1,0,195,69,2,28,70,470,0,2,0,0,0
4,6,2,0,52,82,1,29,92,372,0,3,0,1,1
0,0,2,1,558,35,1,23,71,850,1,3,0,3,3
3,2,0,0,126,74,1,20,40,1764,0,3,0,2,1
4,5,1,1,506,37,2,26,47,1541,0,3,1,3,3
2,4,0,1,576,35,2,33,65,1794,0,3,0,3,3
5,3,0,1,517,40,3,32,55,1318,1,3,1,3,3
5,7,1,1,374,54,0,28,95,997,1,3,0,3,3
0,6,2,0,276,61,2,40,49,1591,0,3,0,2,2
5,6,2,0,215,68,1,40,55,523,0,0,0,2,2
1,2,0,0,180,68,2,33,77,1158,0,3,0,2,2
4,4,0,0,304,61,2,38,69,1396,0,3,0,2,0
1,7,1,0,160,69,2,38,73,943,0,3,0,2,2
2,5,1,0,283,57,0,34,47,1066,0,3,0,2,0
5,0,2,0,211,73,3,21,57,1363,0,3,0,1,1
0,4,0,0,166,73,3,29,58,681,0,3,0,1,1
6,5,1,0,74,79,3,31,90,478,1,3,0,1,2
5,0,2,0,57,81,1,35,90,623,0,3,0,1,1
3,4,0,1,440,49,2,29,58,1257,0,3,0,3,3
1,2,0,0,188,76,3,39,90,1192,0,3,0,1,2
2,7,1,1,430,52,1,21,59,707,0,3,0,3,3
1,0,2,0,82,77,2,33,55,1081,1,3,1,2,2
5,4,0,0,90,76,2,37,54,1624,0,3,0,2,1
0,0,2,0,155,77,1,38,59,769,0,3,0,2,2
0,6,2,0,241,71,3,28,47,513,0,3,0,1,2
3,4,0,0,65,80,2,34,50,1423,0,3,0,1,1
6,0,2,0,286,60,2,38,74,753,1,3,0,2,0
3,2,0,1,689,26,1,34,48,314,0,0,0,3,3
1,4,0,0,55,83,0,25,50,1799,0,3,0,1,1
1,2,0,0,192,69,1,27,47,1231,1,3,0,2,2
0,7,1,0,124,80,3,33,77,1425,0,1,0,2,2
2,4,0,0,259,63,1,36,69,547,0,3,0,2,2
0,7,1,0,186,67,0,27,91,1284,0,3,1,0,2
4,6,2,0,341,55,2,26,86,382,0,0,1,0,0
0,7,1,0,230,66,2,24,73,460,0,3,0,2,2
2,2,0,0,149,77,2,39,49,1546,0,3,0,2,2
6,1,1,0,349,56,2,40,63,353,0,3,0,0,0
4,2,0,0,173,74,2,28,41,993,0,3,0,2,2
1,5,1,0,328,59,2,20,45,1208,1,3,0,0,0
3,1,1,1,596,36,1,39,68,1556,0,3,0,3,3
5,3,0,0,186,72,2,31,88,1254,1,1,0,0,0
1,1,1,0,101,84,3,30,75,489,0,3,0,1,1
6,0,2,1,549,34,3,29,65,1310,1,3,0,3,0
5,3,0,0,272,61,3,39,94,1218,0,3,0,2,2
4,2,0,0,249,68,1,29,49,809,0,3,0,2,2
5,0,2,0,316,59,2,33,60,408,1,3,0,2,0
5,5,1,0,69,84,0,21,89,1191,1,3,0,2,2
6,1,1,0,260,68,2,39,44,1520,1,3,0,0,0
5,5,1,0,112,84,1,32,82,1326,0,1,0,2,2
0,7,1,0,303,55,2,25,40,1660,0,3,0,0,0
3,0,2,0,99,82,3,32,58,684,0,3,0,1,1
6,0,2,0,337,54,2,34,48,1235,0,3,0,2,2
5,0,2,1,477,44,3,26,68,307,1,3,0,0,0
0,1,1,0,86,78,0,25,57,1508,0,0,0,2,2
0,3,0,1,467,48,1,22,73,566,1,3,0,3,3
1,0,2,0,215,70,1,31,80,588,0,3,0,2,2
4,2,0,0,227,64,0,28,81,631,1,2,0,2,2
0,0,2,0,203,71,2,28,46,535,0,1,0,2,0
1,3,0,1,377,50,3,36,88,1157,1,3,0,0,0
0,3,0,0,207,74,2,30,52,1634,0,3,0,2,2
0,1,1,0,320,58,3,33,64,1340,1,0,1,0,3
5,1,1,0,139,79,2,31,65,1600,0,3,0,2,2
6,0,2,0,74,80,3,25,55,1441,1,3,0,1,1
4,3,0,1,494,45,2,35,83,1788,0,3,0,3,3
1,0,2,0,317,61,1,35,58,1708,0,3,1,0,2
4,3,0,0,90,79,0,35,73,435,0,3,0,1,1
3,7,1,0,335,61,1,38,77,770,0,3,1,0,0
0,0,2,0,295,60,0,39,64,457,0,2,0,2,2
6,7,1,1,392,53,1,26,90,1587,0,3,0,3,3
2,0,2,0,154,80,1,27,45,1495,0,3,0,1,2
1,3,0,0,215,71,3,23,89,584,0,3,0,2,1
4,7,1,0,267,68,0,36,54,1727,0,0,0,0,0
5,6,2,0,290,66,2,40,64,321,0,3,1,0,0
4,2,0,0,313,56,3,24,72,827,0,3,0,2,2
4,4,0,0,262,66,3,29,53,796,0,3,1,2,2
6,2,0,0,114,79,1,36,73,1204,0,3,0,2,2
0,1,1,0,91,77,3,21,67,1368,0,3,0,1,1
1,3,0,1,501,45,2,29,55,386,0,3,0,3,3
5,7,1,0,178,73,3,27,53,1759,0,3,0,2,2
6,1,1,0,51,86,0,34,74,1445,1,3,0,1,1
0,6,2,0,346,57,3,29,61,1498,0,1,0,2,2
3,0,2,0,295,62,3,33,87,895,0,3,0,2,2
5,5,1,0,320,63,0,26,60,1432,1,1,0,0,0
6,5,1,1,605,30,0,23,42,1790,0,2,0,3,3
2,0,2,0,166,72,3,38,83,1123,0,3,0,1,1
1,3,0,0,275,59,3,37,82,533,0,3,0,2,2
2,2,0,0,70,82,2,21,47,353,0,3,0,1,1
3,3,0,1,444,49,1,40,77,1577,1,3,0,3,3
6,7,1,0,121,76,1,24,58,1353,0,3,1,2,2
6,5,1,0,269,69,1,39,68,337,0,3,0,2,2
3,2,0,0,297,57,1,26,66,1660,1,3,0,2,2
2,3,0,0,232,66,3,39,48,1348,0,3,0,2,1
6,4,0,0,279,66,1,30,77,874,0,1,0,0,0
3,3,0,0,64,80,2,39,93,1366,0,3,0,1,1
5,2,0,0,65,87,1,20,60,816,0,3,0,1,1
6,5,1,0,80,87,3,32,61,906,0,3,0,1,1
1,2,0,0,70,80,0,20,59,794,0,2,0,2,2
0,1,1,1,569,37,3,40,40,332,0,3,0,3,3
1,6,2,0,140,76,3,34,71,1292,0,3,0,1,1
4,1,1,0,329,63,1,33,90,1642,0,3,0,0,2
2,0,2,1,549,32,3,33,77,838,0,0,0,3,3
2,6,2,0,160,71,2,38,44,1314,0,3,0,2,2
6,5,1,0,215,65,3,36,76,1581,0,3,0,2,2
6,3,0,0,271,62,2,28,75,776,0,3,0,2,0
2,5,1,0,334,58,2,23,60,494,0,3,0,0,2
5,1,1,0,333,60,1,36,52,1085,0,3,0,0,0
0,6,2,1,670,27,3,25,75,428,0,3,0,3,3
5,3,0,0,194,70,0,31,80,1490,0,3,0,2,2
2,4,0,0,93,78,1,32,62,1318,0,3,0,1,2
4,3,0,0,314,55,1,39,68,1573,0,3,0,2,2
1,1,1,0,107,80,1,34,44,1530,0,1,0,2,2
1,0,2,0,204,65,1,23,75,1687,0,3,0,2,2
1,3,0,0,304,60,0,37,90,1469,0,3,0,2,2
4,1,1,0,254,67,3,38,75,1143,0,0,0,2,2
6,7,1,0,238,65,3,24,76,1212,0,3,0,2,2
5,4,0,1,460,40,2,23,59,784,0,3,0,3,3
3,2,0,0,128,73,0,30,85,1044,0,2,0,2,2
0,7,1,0,76,86,0,22,56,836,0,3,1,2,2
5,2,0,0,174,76,1,34,62,438,0,3,0,2,2
4,7,1,0,210,68,1,22,85,896,1,3,0,2,2
6,7,1,0,79,87,2,28,81,1642,0,3,0,2,2
5,5,1,0,243,71,3,24,58,1443,0,3,0,2,2
1,1,1,1,436,45,0,21,89,440,0,3,0,3,3
6,0,2,1,556,38,3,32,43,615,0,3,1,3,3
3,4,0,0,330,61,1,26,65,1730,0,3,0,2,2
5,3,0,0,157,77,2,31,53,1092,0,3,0,2,1
3,5,1,0,302,59,1,38,90,1033,0,3,0,2,0
6,2,0,0,96,80,1,31,80,440,0,3,0,1,1
0,5,1,0,73,86,2,28,61,559,0,1,0,2,2
6,7,1,0,127,79,0,29,45,905,1,1,0,2,2
4,1,1,0,159,76,3,30,64,1510,0,3,1,2,2
0,5,1,0,234,67,0,21,72,303,0,3,0,2,2
5,1,1,0,298,57,3,25,83,745,0,3,0,2,2
0,7,1,0,117,83,0,34,85,1440,0,3,0,2,2
4,4,0,0,208,71,0,25,42,601,0,3,0,2,2
0,0,2,0,264,59,2,36,93,1750,1,3,1,0,0
5,0,2,0,142,72,2,28,77,1681,0,3,0,2,1
0,4,0,1,575,38,3,35,87,714,0,3,0,3,3
6,4,0,0,233,65,2,35,61,1160,0,0,1,0,0
3,4,0,0,342,57,0,20,87,1459,0,3,0,2,2
1,7,1,0,297,66,0,32,89,1745,0,1,0,0,0
2,0,2,0,135,82,1,39,89,1593,1,3,0,2,2
2,1,1,0,217,74,1,35,53,1114,0,3,1,0,0
2,2,0,0,291,65,0,20,91,1206,0,3,0,2,2
3,7,1,0,137,82,1,21,78,624,0,3,0,2,2
2,2,0,0,201,72,0,29,44,1192,1,3,1,0,0
3,3,0,0,306,65,0,32,77,556,0,3,0,2,2
1,0,2,0,261,64,0,35,91,837,0,2,0,2,2
4,1,1,0,326,59,3,40,54,341,1,3,0,2,2
0,4,0,0,55,83,3,29,62,1360,0,3,0,1,1
4,2,0,0,313,60,3,30,40,699,0,3,0,2,2
1,0,2,1,475,40,3,38,62,1176,0,3,0,0,0
3,1,1,0,251,60,0,22,62,500,0,3,0,2,2
6,2,0,1,587,27,1,25,69,1492,0,3,0,3,3
3,6,2,0,163,78,1,33,92,1047,0,3,0,2,2
5,7,1,0,86,86,3,25,71,1704,1,3,0,1,2
1,3,0,1,592,29,1,25,90,1485,0,3,1,3,3
6,1,1,0,279,59,3,33,71,1576,0,3,0,2,2
2,4,0,0,90,80,3,20,87,1508,1,3,0,1,1
4,6,2,0,243,63,2,35,92,1678,0,3,0,2,2
5,1,1,1,474,46,1,29,73,1350,0,3,0,3,3
5,4,0,0,344,57,0,30,61,448,0,3,0,2,2
5,6,2,0,179,73,0,33,52,1729,1,3,0,2,2
6,5,1,0,291,65,3,20,72,309,0,3,0,2,2
2,2,0,1,409,54,0,38,91,416,0,3,0,0,3
2,7,1,0,173,70,1,36,50,660,0,3,0,2,2
0,6,2,1,416,54,1,28,95,856,0,3,0,0,3
1,1,1,0,123,75,0,35,51,949,0,3,0,2,1
0,2,0,0,309,63,3,37,63,311,0,3,0,2,2
0,4,0,0,110,75,2,22,41,1429,0,3,0,2,2
2,4,0,0,93,83,0,29,87,555,0,3,0,1,1
1,7,1,0,62,87,1,20,77,1690,0,1,0,2,2
3,0,2,0,341,58,0,22,83,353,0,0,0,2,2
3,4,0,1,400,49,0,40,82,820,0,3,0,0,0
5,3,0,0,245,69,2,39,93,310,0,3,0,2,2
1,3,0,0,213,71,3,37,62,429,0,3,0,2,1
4,7,1,0,185,68,3,33,90,1726,1,3,0,2,2
6,2,0,0,320,56,1,26,74,1605,0,3,0,2,2
6,3,0,0,98,82,3,24,63,1394,0,0,0,1,1
0,4,0,0,198,66,0,24,52,1218,1,3,0,2,2
3,7,1,1,371,56,3,20,47,1613,0,3,0,0,0
2,1,1,0,77,88,3,34,95,484,0,3,0,1,1
4,5,1,0,154,70,1,39,41,511,0,3,0,2,1
6,7,1,0,206,65,1,36,64,1763,0,3,0,2,2
3,3,0,0,113,77,2,36,40,1323,0,3,0,2,1
3,6,2,1,469,39,3,20,84,423,0,3,0,0,0
4,2,0,0,106,79,1,30,50,1052,0,3,0,2,2
4,2,0,0,178,71,0,29,85,528,0,3,0,2,1
2,6,2,0,74,84,3,25,48,349,0,3,0,1,1
0,0,2,1,648,26,1,22,80,1476,0,2,0,3,3
6,0,2,1,604,31,1,33,48,1477,0,3,0,3,3
0,4,0,0,282,64,1,35,56,1185,0,3,0,2,2
1,6,2,0,276,59,1,27,60,1467,0,3,1,0,0
4,1,1,0,170,72,1,39,50,1483,1,3,1,0,0
5,6,2,0,281,62,1,29,72,1668,0,3,0,2,2
1,5,1,0,332,57,0,29,78,547,0,3,0,2,2
4,1,1,0,167,73,0,20,68,1022,0,3,0,2,2
5,4,0,0,84,81,0,36,40,1513,0,3,0,1,2
3,0,2,0,196,68,2,24,62,1568,1,1,1,0,0
6,4,0,1,365,54,1,33,91,779,0,3,0,0,0
4,4,0,0,156,77,2,35,87,1323,0,3,0,2,2
4,1,1,1,462,48,1,21,66,946,0,3,0,3,3
3,1,1,1,444,45,3,24,63,1440,0,3,0,0,0
3,7,1,0,96,76,2,32,64,811,0,2,0,2,2
2,2,0,1,541,35,2,24,77,1360,0,3,0,3,3
3,2,0,0,103,81,3,21,44,780,0,3,0,1,1
5,0,2,0,197,76,2,31,93,608,0,3,0,2,2
5,6,2,0,260,65,0,29,50,735,0,3,1,2,0
6,6,2,0,249,63,2,40,94,1176,0,3,0,2,2
3,7,1,1,556,32,1,23,51,1041,0,3,0,3,3
5,5,1,0,304,65,0,33,80,599,0,3,0,2,2
5,0,2,0,121,79,1,32,95,1437,0,2,0,2,1
3,6,2,0,305,57,1,34,85,595,0,3,1,0,0
6,6,2,0,165,69,0,34,87,891,1,3,0,2,2
1,2,0,1,562,35,2,21,60,1330,0,3,0,3,3
4,2,0,0,298,63,1,34,72,507,0,3,0,2,2
1,5,1,0,283,64,1,35,91,1763,1,3,0,0,0
3,4,0,0,284,62,0,27,93,1430,0,3,0,2,2
1,4,0,0,81,79,0,35,74,1758,0,3,0,1,1
1,0,2,0,182,77,0,22,79,945,0,3,0,1,2
3,0,2,0,171,75,1,33,61,310,0,1,0,2,2
4,0,2,0,262,62,0,37,65,1262,0,0,0,2,2
0,1,1,0,246,63,3,27,46,607,0,3,0,2,2
5,7,1,1,588,28,0,33,75,516,0,3,0,3,3
0,0,2,1,575,28,1,37,63,976,0,3,0,3,3
0,2,0,0,184,75,3,31,61,1011,0,0,0,2,2
2,6,2,0,278,64,3,30,75,1402,1,3,0,2,2
4,3,0,0,201,72,2,40,60,848,0,3,0,2,2
5,4,0,0,161,70,3,32,49,1362,0,3,0,1,1
6,6,2,1,655,22,3,40,51,936,1,0,0,3,3
5,0,2,0,157,75,3,26,58,1571,1,1,0,2,2
5,4,0,0,230,69,0,32,94,1491,0,3,1,0,0
3,2,0,0,268,62,2,37,87,599,1,3,0,2,2
2,1,1,1,627,30,0,40,47,516,0,3,0,3,3
0,1,1,1,354,51,2,36,79,1170,1,3,0,3,3
4,0,2,0,141,72,2,27,55,1053,0,3,0,2,1
3,2,0,0,298,65,0,25,70,604,0,3,0,2,2
4,5,1,0,86,87,3,32,44,1385,1,3,0,1,1
0,3,0,0,332,62,3,29,78,1122,0,3,0,2,2
0,5,1,0,296,66,1,32,56,1593,0,1,0,0,0
3,1,1,0,273,59,2,23,45,1394,0,1,0,0,0
2,1,1,0,69,87,2,26,89,400,0,0,0,2,2
4,6,2,0,230,68,3,33,83,1471,0,3,0,1,1
2,1,1,0,241,61,0,35,69,1326,0,2,0,2,0
4,6,2,0,258,70,3,35,91,944,1,1,0,2,2
5,5,1,0,264,69,2,36,41,1365,1,3,0,0,0
3,1,1,0,338,54,0,37,63,1103,0,3,0,2,0
2,4,0,0,76,79,3,25,70,624,0,3,0,1,1
3,5,1,0,109,80,1,32,80,668,0,3,1,2,0
3,1,1,0,210,72,2,23,78,1757,0,3,0,2,2
2,4,0,0,83,80,2,20,89,1398,0,2,0,2,2
3,1,1,1,535,33,0,38,93,1587,0,3,0,3,3
3,6,2,0,149,80,2,33,64,504,0,3,0,2,2
4,7,1,0,209,75,0,35,88,1249,0,3,0,2,2
1,2,0,0,322,62,0,22,47,726,0,3,0,2,2
0,5,1,0,80,86,2,38,54,1387,0,3,0,2,1
5,2,0,0,267,62,1,35,89,789,0,3,0,2,2
1,6,2,0,176,78,0,38,58,781,0,2,1,0,2
4,7,1,0,122,78,3,30,44,1401,0,3,0,1,2
1,4,0,0,323,58,2,25,95,1000,1,3,0,0,2
5,2,0,0,221,63,2,28,55,1565,0,3,0,2,2
6,1,1,0,99,76,0,35,76,1062,0,3,0,1,1
1,3,0,0,61,79,2,33,56,1525,0,3,0,1,2
5,7,1,0,168,69,2,26,50,1265,0,3,0,2,2
4,7,1,0,105,84,1,22,51,764,0,3,0,2,1
4,5,1,1,543,33,0,34,87,1253,0,0,0,3,3
3,6,2,0,294,57,2,34,86,947,0,3,0,2,2
4,6,2,1,535,39,3,27,57,1203,0,3,1,3,3
3,2,0,0,287,67,2,32,66,1216,0,3,0,2,2
6,7,1,1,370,53,3,25,95,1608,0,3,0,0,0
5,5,1,1,566,38,0,31,95,727,0,0,0,3,3
5,4,0,0,118,83,1,20,94,825,0,3,0,2,1
0,7,1,0,117,84,2,27,95,371,0,3,0,2,2
4,2,0,0,264,62,1,22,55,1605,0,3,1,0,0
0,2,0,0,70,79,0,25,50,415,0,3,0,1,1
3,3,0,0,252,68,3,37,91,453,0,3,0,2,2
5,5,1,0,279,60,1,23,53,632,0,2,0,0,0
6,5,1,0,265,62,1,27,85,810,0,3,1,0,0
0,7,1,0,234,62,3,20,61,450,0,3,0,2,2
0,6,2,0,136,78,0,27,67,1218,0,3,0,1,1
5,0,2,0,258,70,2,21,79,784,0,3,0,2,2
0,7,1,0,96,76,1,36,80,959,0,3,0,2,1
4,1,1,0,123,82,0,33,63,1703,0,3,0,2,2
5,1,1,0,51,81,0,29,40,1279,1,1,0,2,2
1,5,1,1,640,28,2,32,63,417,0,3,0,3,3
6,1,1,1,426,49,1,37,49,1058,0,3,0,3,3
0,5,1,0,56,82,0,33,83,1255,0,3,0,1,1
6,7,1,1,372,51,2,21,94,1586,1,3,0,3,3
6,5,1,0,158,77,0,32,65,466,0,3,1,2,0
1,3,0,0,251,62,2,25,94,494,0,1,0,0,0
3,2,0,0,73,83,2,34,42,528,0,3,0,1,1
5,4,0,0,331,56,0,28,57,1436,0,1,0,0,0
4,3,0,0,94,79,1,20,55,524,0,3,0,1,2
2,4,0,0,136,75,3,22,76,494,1,2,0,2,2
6,2,0,0,198,72,1,31,69,1407,0,3,0,2,2
2,3,0,1,376,50,0,33,88,975,0,3,0,0,0
1,1,1,0,303,61,0,24,44,632,0,3,1,0,0
4,5,1,0,125,80,2,36,82,525,0,3,0,2,2
4,4,0,0,295,59,3,28,40,579,0,0,0,2,2
6,1,1,0,286,60,0,22,62,961,0,3,0,2,2
6,2,0,0,132,80,2,28,44,712,0,3,0,2,1
5,6,2,0,250,67,2,22,85,861,0,3,1,0,2
4,2,0,0,234,69,1,26,63,472,0,3,0,2,2
6,1,1,0,107,81,2,35,66,1265,0,3,0,2,2
6,0,2,0,327,57,0,26,87,1285,0,3,0,2,2
2,1,1,1,422,46,1,31,52,912,0,2,0,3,3
1,4,0,0,58,85,2,25,73,1711,0,3,0,1,1
2,5,1,0,194,74,0,34,85,795,0,3,0,2,2
3,2,0,0,170,71,2,21,45,1422,0,3,0,2,2
5,2,0,0,207,73,1,28,90,992,0,3,0,2,2
0,6,2,0,84,77,0,21,94,1579,1,3,0,1,2
1,5,1,0,228,73,2,28,83,1422,1,3,0,2,0
6,5,1,0,56,88,0,28,86,787,0,3,0,1,1
6,7,1,0,144,79,3,27,74,645,0,3,0,1,2
1,7,1,1,389,52,3,33,62,1207,0,3,0,0,0
1,1,1,0,188,73,1,32,73,1606,1,0,0,0,2
5,1,1,1,554,36,0,28,86,1445,0,3,0,3,3
5,0,2,1,525,42,3,30,47,803,0,3,0,0,0
2,4,0,0,185,74,3,28,48,1189,0,2,0,2,2
1,3,0,1,449,43,2,40,45,449,1,3,0,3,3
2,4,0,1,428,49,1,23,66,1069,0,3,0,3,3
5,1,1,0,182,71,3,22,62,1536,0,1,0,2,2
3,4,0,0,170,73,0,40,92,1003,0,3,0,2,1
6,0,2,0,329,62,0,38,52,660,1,3,0,2,2
2,5,1,0,72,81,1,39,67,475,0,3,0,2,1
3,2,0,0,105,76,0,38,91,1072,0,1,0,2,2
6,4,0,0,220,68,3,33,79,524,0,3,0,2,2
2,4,0,0,163,77,3,35,46,740,0,3,0,1,1
1,2,0,0,87,77,3,31,48,1145,0,3,1,2,2
4,4,0,0,115,82,0,36,50,1317,1,3,0,2,2
0,5,1,0,287,67,0,40,56,707,0,3,0,2,2
2,7,1,1,585,34,3,30,92,826,0,3,0,3,3
1,6,2,0,214,69,0,40,68,1577,0,3,0,2,2
6,3,0,0,324,54,0,21,52,500,0,3,0,2,2
2,6,2,0,350,51,2,23,60,840,0,2,0,0,0
1,0,2,0,157,74,3,34,78,888,0,0,0,2,1
0,5,1,0,231,69,3,24,42,374,0,3,0,2,2
2,1,1,0,91,84,0,38,74,1405,0,3,0,1,1
5,5,1,0,165,71,2,39,83,722,0,3,0,2,2
4,4,0,0,302,59,3,29,85,1403,0,3,0,2,2
0,0,2,0,325,54,1,33,57,1488,0,3,0,2,2
5,5,1,0,319,56,0,39,50,1311,0,0,0,0,0
1,7,1,0,247,70,0,21,64,1752,0,0,0,2,0
1,2,0,0,234,64,1,29,66,1629,0,3,0,2,2
0,2,0,0,83,87,0,34,67,310,0,3,0,1,2
3,7,1,0,324,56,0,39,57,1773,0,1,0,0,0
2,1,1,0,214,66,1,33,92,1132,0,1,0,0,0
2,6,2,0,220,66,3,39,70,625,0,3,0,1,1
1,1,1,0,245,61,3,32,47,1162,0,3,0,2,2
1,1,1,1,671,28,2,26,40,1718,0,3,0,3,3
4,2,0,0,175,68,0,20,55,1480,0,3,0,2,1
5,4,0,0,155,79,0,30,64,1786,0,3,1,2,2
0,5,1,0,58,80,1,32,89,1118,0,3,0,2,1
5,2,0,0,214,70,0,40,90,1693,1,3,0,2,2
2,4,0,0,283,59,1,23,87,509,0,3,0,2,2
1,2,0,0,127,80,1,39,78,1775,1,3,0,2,2
2,1,1,0,54,80,2,22,50,1254,0,3,0,2,2
1,5,1,0,127,78,3,23,55,677,0,3,0,1,1
1,0,2,0,175,75,3,20,83,657,0,3,0,1,1
0,7,1,0,125,83,1,22,78,1345,0,1,0,2,2
5,1,1,0,299,58,2,35,85,1337,0,3,0,0,2
0,2,0,1,438,46,2,27,80,1146,0,3,0,3,3
1,3,0,0,121,81,0,39,68,1202,0,3,1,2,2
3,7,1,0,247,70,3,34,80,786,0,3,0,2,2
2,7,1,0,108,83,0,24,59,535,0,3,0,2,2
0,6,2,0,224,70,2,35,79,623,1,3,0,2,2
5,5,1,0,157,78,0,37,50,441,0,3,0,2,2
5,5,1,0,254,62,2,22,93,816,0,3,0,2,0
0,0,2,0,98,82,2,33,91,1329,1,3,0,2,1
4,3,0,1,497,44,1,30,59,1759,0,1,0,3,3
2,2,0,0,171,73,1,29,88,1596,0,3,0,2,2
6,7,1,0,235,65,2,23,58,935,0,3,0,2,2
5,6,2,0,239,66,3,26,84,966,0,3,0,1,1
5,7,1,0,333,56,2,29,90,806,0,3,0,0,0
5,5,1,0,237,65,2,22,51,1374,0,3,0,2,2
5,1,1,0,309,63,0,38,75,1322,0,3,0,2,0
1,0,2,0,130,73,3,34,72,786,0,3,0,1,1
4,5,1,0,221,70,3,24,79,1260,0,0,0,2,2
6,6,2,0,237,72,3,32,58,437,0,3,0,1,1
6,7,1,0,53,80,1,24,87,484,0,0,0,2,2
5,1,1,0,83,87,1,34,83,1506,1,3,0,2,2
2,3,0,0,256,66,2,22,65,904,0,3,0,2,2
6,1,1,0,137,77,3,22,44,1233,0,3,0,1,1
5,1,1,1,388,54,1,27,41,970,0,3,0,3,3
2,6,2,0,275,62,3,25,40,960,0,3,0,2,2
0,6,2,0,193,66,3,28,79,654,0,3,0,1,1
0,7,1,0,94,85,1,36,43,697,0,3,0,2,2
2,7,1,0,252,65,2,37,57,492,1,3,0,0,0
5,5,1,0,258,65,2,24,40,1234,1,3,0,0,2
2,2,0,0,79,82,2,32,90,521,0,3,0,1,2
1,4,0,0,122,73,1,22,52,553,0,3,0,2,1
5,7,1,0,272,62,3,35,91,993,0,3,0,2,2
2,3,0,0,172,70,1,31,69,1305,0,3,0,2,2
4,2,0,0,327,53,0,29,47,1698,0,3,0,2,2
0,6,2,0,268,61,2,30,89,349,0,3,0,2,2
6,3,0,0,276,58,0,23,72,365,0,3,0,2,2
4,4,0,0,87,86,0,40,68,1314,0,3,0,1,1
3,7,1,0,265,62,2,35,77,1056,0,3,0,2,0
0,7,1,0,249,64,0,35,71,1157,0,3,0,2,2
0,7,1,0,159,80,0,38,53,487,0,1,0,2,2
1,2,0,0,138,72,2,24,69,601,0,3,1,2,2
0,7,1,0,103,81,2,39,87,611,0,1,0,2,2
2,5,1,0,172,69,1,33,75,336,0,3,0,2,2
4,3,0,1,611,29,2,35,59,732,0,1,0,3,3
3,1,1,0,129,79,3,39,49,1517,0,0,0,2,2
1,0,2,0,144,76,0,26,50,882,0,3,0,1,1
5,3,0,0,279,67,1,27,50,842,0,2,0,0,0
2,2,0,0,56,86,0,25,80,476,0,0,0,2,2
0,2,0,0,295,56,1,31,66,879,0,3,0,2,2
5,2,0,0,157,74,0,25,53,1232,0,3,0,2,2
2,0,2,0,224,71,3,40,65,1406,0,3,0,1,2
6,0,2,0,253,64,2,25,52,334,1,3,0,2,0
1,2,0,0,214,64,2,31,45,426,0,3,0,2,2
4,2,0,0,231,69,1,32,62,645,0,3,0,2,2
4,0,2,0,195,68,0,22,57,1437,0,3,0,1,1
4,1,1,0,306,60,0,36,75,1254,0,3,0,2,2
2,7,1,0,299,63,0,30,69,1518,1,3,0,2,2
1,7,1,1,652,20,3,29,64,1444,0,3,0,3,3
0,6,2,0,321,58,0,29,43,1435,0,3,1,0,0
6,7,1,0,73,82,2,37,70,1251,0,3,0,2,2
0,5,1,0,143,80,0,30,55,877,0,3,0,2,1
3,2,0,1,678,21,2,39,72,1179,0,0,0,3,3
2,2,0,0,124,78,3,25,73,1380,1,3,0,1,2
0,2,0,0,166,77,3,40,66,689,1,3,0,2,2
0,0,2,0,91,85,2,21,83,339,0,3,0,1,1
5,6,2,1,425,48,1,25,94,1169,1,3,0,3,3
0,7,1,0,305,62,0,26,53,1342,0,3,0,2,0
5,2,0,0,126,82,1,33,69,517,0,3,0,2,1
6,7,1,1,612,28,3,30,53,1396,0,0,0,3,3
4,5,1,0,319,63,2,33,71,508,0,3,0,0,0
1,2,0,0,75,86,1,20,71,897,0,3,0,1,1
5,3,0,0,136,79,0,37,79,1355,0,3,0,1,2
1,0,2,0,340,61,0,35,55,907,0,3,0,2,2
6,2,0,0,316,62,1,32,60,1330,0,3,0,2,0
5,4,0,0,105,84,1,40,81,915,0,3,0,2,1
3,7,1,0,67,85,1,23,64,1042,1,3,0,2,2
6,5,1,0,290,62,1,38,69,603,0,2,1,3,0
0,6,2,0,196,67,3,25,50,379,0,3,0,1,1
4,3,0,0,243,67,2,32,73,1188,0,3,0,2,2
1,5,1,0,69,79,0,34,43,1309,0,3,0,1,1
1,6,2,1,558,34,0,21,62,1166,0,3,0,3,3
5,3,0,0,117,79,0,31,61,1716,1,0,0,2,2
3,3,0,0,270,67,3,35,49,406,0,3,0,2,1
0,5,1,0,98,86,3,32,91,831,0,3,0,1,2
2,5,1,1,693,21,3,38,95,631,0,3,0,3,3
4,6,2,0,154,72,2,36,81,766,0,3,0,2,1
4,5,1,0,155,76,0,29,75,436,1,3,0,2,2
6,7,1,1,490,40,1,27,87,1386,0,3,0,3,3
3,6,2,1,437,43,3,37,53,1705,0,3,0,0,0
1,0,2,1,469,46,1,27,49,443,0,3,0,3,0
2,4,0,0,74,84,1,32,50,1130,1,3,0,2,1
4,7,1,0,258,67,3,22,70,1485,1,1,0,0,0
4,6,2,0,294,66,3,31,84,1762,0,3,0,2,2
5,3,0,0,288,67,0,20,58,1260,1,3,0,2,2
3,1,1,0,325,54,3,25,72,957,0,3,0,2,2
6,1,1,0,214,66,3,27,85,1415,0,3,0,2,1
0,1,1,1,619,31,2,20,95,1764,0,3,0,3,3
1,5,1,0,203,72,0,37,74,1033,0,3,0,2,2
5,0,2,1,662,27,0,28,49,1682,1,3,0,3,3
2,4,0,0,186,73,2,39,77,1027,0,3,0,2,2
6,2,0,0,95,77,1,25,74,1070,0,3,0,1,1
3,5,1,0,229,72,1,33,58,1192,0,0,0,0,0
1,2,0,0,170,76,1,26,40,1652,0,3,0,2,2
2,5,1,0,294,65,3,27,44,896,0,0,0,2,0
2,0,2,0,135,80,0,36,48,661,0,3,1,2,2
1,6,2,0,322,56,3,34,87,1595,0,3,0,2,2
3,1,1,0,121,77,1,29,69,1647,0,0,0,2,2
5,7,1,0,131,75,0,37,77,1316,0,2,0,2,2
6,4,0,0,320,61,2,34,95,1756,0,3,0,2,2
5,6,2,1,410,54,1,24,66,306,0,3,0,0,3
4,2,0,0,177,70,3,34,44,1362,0,3,0,1,1
4,2,0,0,183,73,2,32,67,820,0,3,1,0,0
2,2,0,0,54,85,2,35,43,1297,0,3,0,1,2
4,7,1,0,331,59,2,31,49,445,0,1,0,0,0
4,3,0,0,238,62,1,28,54,704,0,3,0,2,2
3,3,0,0,349,55,1,36,40,1792,1,3,0,0,0
4,5,1,0,298,61,3,22,87,1712,1,3,0,2,2
6,5,1,0,255,68,3,22,41,905,0,3,0,2,2
6,6,2,0,116,84,0,20,95,1302,0,3,0,1,1
4,4,0,1,583,35,3,29,64,529,0,0,0,3,3
0,6,2,0,126,81,3,36,55,1512,0,3,0,1,1
4,1,1,0,244,70,2,26,54,1003,0,3,0,2,0
4,5,1,1,659,28,1,35,84,368,0,3,0,3,3
1,0,2,0,233,64,2,22,94,558,0,3,0,2,2
1,7,1,0,339,54,0,27,60,511,0,1,0,0,0
1,2,0,1,571,38,3,31,55,1190,1,3,0,3,3
1,2,0,0,214,68,2,20,41,1084,0,3,0,2,2
0,1,1,0,120,82,3,38,86,838,0,3,0,1,2
4,0,2,0,179,71,3,29,71,1200,0,2,0,2,2
0,3,0,0,54,90,3,28,81,618,0,2,0,1,1
3,6,2,0,222,64,3,38,89,1307,0,2,0,2,2
6,0,2,1,620,29,0,29,43,1421,0,3,0,3,3
2,4,0,0,214,68,1,28,69,655,0,3,0,2,2
2,2,0,0,193,67,0,27,60,502,0,3,0,2,2
3,1,1,1,377,52,3,28,78,1126,0,3,0,0,0
5,4,0,0,269,60,1,31,63,1164,0,3,0,2,2
5,3,0,0,321,58,0,34,56,1067,0,3,1,0,0
4,7,1,0,139,72,3,29,40,1758,0,3,0,1,2
2,5,1,1,612,32,0,25,63,1305,1,3,1,3,3
6,7,1,0,259,60,0,26,71,1774,0,3,0,2,2
1,0,2,0,255,66,2,39,53,450,0,3,0,2,2
4,0,2,0,70,80,3,27,51,937,0,3,1,1,2
6,3,0,1,573,31,0,40,85,1346,0,3,0,3,3
5,6,2,0,310,64,0,20,62,1282,0,3,0,2,2
0,3,0,1,607,34,3,39,70,1194,0,3,0,3,3
6,7,1,0,210,72,3,30,85,1601,1,3,0,2,2
4,3,0,0,205,74,3,28,75,1409,0,3,0,2,2
4,6,2,1,460,41,3,21,54,475,0,1,0,3,3
4,0,2,0,50,86,2,34,77,1176,0,3,0,1,1
4,1,1,0,70,87,1,34,72,468,0,3,0,2,2
5,1,1,0,281,66,3,38,60,1799,0,3,0,2,2
1,0,2,1,363,59,1,32,58,1206,0,3,0,0,0
6,7,1,1,583,36,1,38,65,1472,0,3,0,3,3
6,3,0,1,574,32,1,30,75,1149,0,3,0,3,3
2,2,0,0,107,77,3,35,73,1608,0,0,0,2,1
4,1,1,0,264,65,0,24,65,470,1,3,0,2,2
6,7,1,0,273,65,2,31,42,1012,0,3,0,2,0
4,0,2,0,267,63,3,21,60,1604,0,3,0,2,2
1,6,2,0,218,68,1,27,83,346,1,3,0,2,2
0,0,2,0,110,84,3,32,88,699,0,3,0,1,1
1,1,1,0,338,62,0,32,45,941,0,3,0,2,2
0,3,0,1,359,58,3,21,64,986,0,2,0,0,3
5,6,2,0,80,81,2,22,43,1626,0,3,0,1,1
2,2,0,0,83,86,0,29,89,786,0,3,0,1,1
3,2,0,1,424,52,3,21,62,1347,0,3,0,0,0
6,3,0,0,223,69,2,31,72,1364,0,3,0,2,2
3,7,1,0,159,76,1,37,86,1007,0,1,0,2,0
1,7,1,1,512,42,0,23,46,1795,0,0,0,3,3
0,7,1,0,57,84,2,20,79,631,0,0,0,2,2
5,0,2,1,522,33,3,24,45,1707,0,3,0,0,0
2,7,1,0,91,77,2,23,44,749,0,3,0,2,2
4,1,1,0,207,72,0,30,57,696,0,1,0,2,2
3,4,0,1,449,50,3,32,42,595,0,2,0,3,3
2,2,0,0,124,80,3,25,56,634,0,3,0,1,2
0,5,1,0,304,56,2,32,93,1052,0,3,0,0,0
3,6,2,0,223,73,0,29,64,343,0,3,0,2,1
2,7,1,0,156,79,0,38,49,1201,0,3,0,2,2
5,7,1,0,59,90,2,33,44,442,0,3,0,2,1
5,2,0,0,300,56,0,39,46,494,0,3,0,2,2
0,3,0,0,301,55,1,36,61,307,0,1,0,0,0
6,3,0,0,260,62,1,28,68,663,0,3,0,2,2
5,5,1,0,216,68,0,30,77,764,0,3,0,2,2
1,4,0,0,181,67,3,34,93,1068,0,3,0,1,2
3,2,0,1,385,52,0,40,75,1662,0,3,0,0,0
2,7,1,1,651,28,0,26,55,619,0,3,0,3,3
5,2,0,0,300,60,3,36,72,418,0,3,0,2,2
0,7,1,0,125,79,3,31,68,406,0,3,0,1,1
2,1,1,0,71,80,1,30,40,1483,0,3,1,2,2
3,6,2,0,147,81,2,20,46,1760,0,3,1,2,0
4,0,2,0,184,74,0,30,63,1116,0,0,0,2,2
5,6,2,0,311,63,1,28,67,662,0,3,0,2,2
2,2,0,1,558,31,0,25,51,774,0,3,0,3,3
3,5,1,0,312,57,0,39,94,823,0,3,1,0,0
0,7,1,0,123,73,0,40,77,526,0,3,0,2,2
6,0,2,0,219,69,2,33,57,799,0,3,0,2,2
3,5,1,0,236,63,3,39,50,496,0,3,0,2,2
4,7,1,0,268,65,2,40,66,1765,0,3,0,2,2
1,0,2,1,601,26,1,29,57,1340,0,1,0,3,3
0,7,1,0,55,90,0,23,46,1645,1,3,0,2,2
0,7,1,0,241,70,2,24,53,1362,0,3,0,2,2
6,1,1,0,232,66,2,29,47,858,0,1,0,0,0
4,0,2,1,437,52,1,26,57,305,0,3,1,3,3
3,4,0,0,184,67,0,37,61,1400,0,3,0,2,2
0,6,2,0,74,86,3,28,52,1189,0,3,0,1,1
1,6,2,0,241,66,1,31,48,1533,0,2,1,0,0
2,4,0,0,62,81,1,23,90,1587,0,3,0,1,1
4,4,0,0,64,83,1,37,44,1375,0,3,0,1,1
5,4,0,1,543,37,1,32,80,1304,0,1,0,3,3
0,2,0,0,83,79,2,20,46,1495,0,1,0,2,2
6,4,0,1,396,54,3,36,92,1697,0,3,0,0,0
1,4,0,0,171,74,2,37,62,626,0,3,0,2,2
1,0,2,0,288,62,0,29,81,1003,0,3,0,2,2
5,6,2,1,612,27,2,37,81,1156,1,3,0,3,3
3,7,1,1,391,52,0,33,64,1242,1,3,0,3,3
0,1,1,1,395,55,0,32,69,303,0,3,1,3,3
3,4,0,1,442,51,0,36,57,466,1,3,0,3,0
0,7,1,0,130,73,2,33,57,1461,0,3,0,2,1
0,7,1,1,414,46,0,37,55,1343,0,3,0,3,3
6,4,0,0,318,56,3,25,64,654,0,3,0,2,2
6,2,0,0,247,67,1,25,66,942,0,3,0,2,2
2,0,2,0,236,68,0,21,82,757,0,3,0,2,2
4,1,1,0,346,61,3,28,58,1418,0,3,0,2,0
6,6,2,0,321,56,3,36,58,432,1,3,0,2,2
0,3,0,0,126,80,3,26,71,1431,0,3,1,2,2
1,7,1,1,385,52,2,38,56,1474,1,0,0,3,3
2,5,1,0,233,64,3,35,48,786,0,3,0,2,2
0,3,0,0,322,62,2,31,50,1061,0,3,0,2,2
1,1,1,0,234,71,2,24,45,424,0,0,0,0,0
5,2,0,0,230,65,3,40,58,395,0,3,0,2,2
5,6,2,0,99,76,2,35,41,1753,0,3,0,1,1
2,5,1,1,468,49,1,22,49,773,0,1,0,3,3
0,6,2,0,326,60,1,30,40,1597,0,0,0,0,0
2,2,0,0,113,81,3,29,89,1006,0,3,1,2,2
3,7,1,0,224,70,0,36,49,412,0,2,0,2,2
5,7,1,0,262,62,2,37,87,1164,0,3,0,2,2
6,2,0,0,205,73,0,27,68,764,0,3,1,2,2
2,1,1,0,295,58,2,39,57,1571,0,3,0,0,0
1,5,1,0,73,85,2,27,69,1009,0,3,0,2,2
4,0,2,0,82,77,1,28,83,768,0,3,0,1,1
1,3,0,0,54,89,2,40,62,774,0,3,0,1,2
0,2,0,0,165,72,1,24,53,1524,0,3,1,2,0
2,7,1,0,294,61,0,20,80,1006,0,1,0,0,0
1,1,1,0,108,81,0,36,91,1689,0,0,0,2,2
4,2,0,0,72,78,0,34,61,440,0,3,0,1,1
1,7,1,0,184,75,0,24,74,1652,0,3,0,2,2
3,0,2,0,237,62,0,28,40,897,0,3,0,2,2
3,5,1,0,126,79,3,32,50,1654,0,3,0,1,2
1,5,1,0,171,77,3,22,64,989,0,3,0,2,2
5,7,1,0,350,58,3,34,49,896,1,3,0,2,2
0,6,2,0,201,73,2,24,94,807,1,3,0,2,2
6,2,0,0,227,73,3,24,43,827,0,2,0,2,2
5,7,1,0,248,70,0,32,83,1546,0,3,0,2,2
1,4,0,0,136,77,1,29,75,1180,0,3,0,2,2
5,2,0,0,304,61,0,38,45,649,0,1,0,2,0
5,4,0,0,266,62,0,33,62,759,0,2,0,2,0
2,4,0,1,365,57,3,23,92,756,0,3,0,0,0
2,6,2,0,204,72,2,38,94,948,1,3,0,2,2
2,5,1,0,321,56,1,26,53,418,0,3,1,0,3
0,5,1,0,328,61,1,40,41,1003,0,3,0,0,0
4,6,2,0,195,75,1,24,75,496,0,3,1,2,0
6,2,0,0,192,76,1,29,46,603,0,2,0,2,2
5,1,1,0,265,60,0,20,90,1705,1,3,0,2,2
5,1,1,0,113,75,0,23,91,1353,0,3,0,2,1
3,7,1,0,85,86,3,40,94,770,0,3,0,1,1
0,7,1,0,58,87,1,20,67,1158,0,3,0,2,2
0,6,2,0,250,68,1,28,77,535,0,3,0,2,2
4,0,2,0,90,81,1,30,79,456,0,3,0,1,2
6,5,1,0,102,80,3,24,71,461,0,3,0,1,2
4,0,2,0,260,62,1,35,62,1382,0,2,0,2,2
4,2,0,0,194,72,2,33,67,474,0,3,0,2,2
3,3,0,0,126,73,2,27,72,806,0,1,0,2,2
2,7,1,0,232,69,2,38,82,568,0,3,0,2,2
6,2,0,0,270,63,0,27,91,579,0,3,0,2,2
5,7,1,0,118,77,1,39,76,989,0,3,0,2,2
0,3,0,0,234,70,3,40,50,1597,1,3,0,2,2
4,3,0,0,211,70,1,34,73,550,0,3,0,2,2
6,2,0,0,173,74,0,29,65,1389,0,3,0,2,2
1,6,2,0,57,90,1,23,87,565,0,3,0,1,1
0,1,1,0,301,58,1,21,42,791,0,3,0,2,2
2,1,1,0,114,78,0,38,56,786,0,3,0,2,1
0,7,1,0,148,81,3,30,91,746,0,3,0,1,1
4,3,0,0,320,62,1,23,80,883,0,0,1,0,0
1,4,0,1,508,37,1,25,80,1622,0,3,0,3,3
0,7,1,0,102,78,1,35,71,311,0,3,0,2,2
3,2,0,1,672,23,3,23,56,1602,0,3,1,3,3
6,0,2,0,86,83,1,34,49,520,0,3,0,1,1
6,0,2,0,282,63,3,25,54,1514,0,3,0,2,1
1,2,0,0,189,71,0,39,50,1304,1,3,0,2,2
3,0,2,1,378,48,2,38,75,1209,0,3,0,0,3
5,2,0,0,202,68,3,34,74,1302,0,3,0,1,2
0,0,2,0,234,69,0,37,40,1074,1,1,0,2,2
1,5,1,0,240,61,0,21,44,729,0,3,0,2,2
4,3,0,0,51,83,2,33,55,1422,0,3,0,1,1
4,1,1,1,526,38,2,33,56,1509,0,2,0,3,3
3,4,0,1,585,27,2,22,88,739,0,0,0,3,3
0,0,2,0,239,66,1,32,92,1138,0,1,0,2,2
2,7,1,0,237,69,0,32,42,1352,0,2,0,2,2
0,0,2,0,218,65,1,25,47,1702,0,3,0,2,2
6,2,0,1,485,44,0,38,72,1625,0,3,0,3,0
4,4,0,0,77,85,2,35,56,1054,0,3,0,1,2
2,3,0,0,211,69,3,32,74,502,0,3,0,2,2
5,4,0,0,307,56,3,36,83,1571,0,3,0,2,2
0,6,2,1,418,52,3,33,91,515,0,1,0,0,0
6,5,1,0,321,57,1,37,90,1244,0,3,0,0,0
3,5,1,0,69,79,3,32,85,363,1,3,0,1,2
6,7,1,0,345,59,3,28,72,1744,0,3,0,2,2
1,2,0,0,129,81,0,34,58,483,0,2,0,2,2
1,6,2,0,117,75,0,26,78,965,0,3,1,2,2
4,6,2,1,451,50,0,40,72,1581,1,3,0,0,3
1,5,1,0,248,67,0,38,87,1612,0,0,1,0,0
1,0,2,0,296,62,2,34,48,357,0,3,0,2,2
4,0,2,0,265,60,1,28,95,945,0,3,0,2,2
3,7,1,0,277,65,2,37,79,1706,0,1,0,0,0
4,5,1,0,218,68,2,30,57,1449,0,1,0,0,2
4,0,2,0,60,89,2,29,94,404,0,3,0,1,1
2,2,0,0,337,54,2,36,89,627,0,3,0,0,0
5,3,0,0,260,68,1,27,43,1573,0,3,0,2,2
4,5,1,1,612,27,3,34,41,490,1,3,0,3,3
2,7,1,0,273,65,2,27,55,965,0,3,0,2,2
2,7,1,0,325,56,2,24,85,425,0,3,0,0,0
5,0,2,1,534,38,2,25,84,1678,0,3,0,3,3
5,3,0,0,243,66,3,22,63,848,0,3,0,2,2
0,4,0,0,72,88,0,32,90,623,0,3,0,1,1
4,4,0,0,143,72,0,24,55,1399,0,3,0,1,1
1,7,1,0,212,73,2,28,94,804,0,1,0,0,0
5,6,2,1,503,42,0,20,47,1713,1,3,0,3,0
1,5,1,0,189,73,3,33,93,641,0,3,0,2,2
5,1,1,1,419,45,3,30,68,576,0,3,0,0,0
3,2,0,0,238,71,1,26,83,1020,0,3,0,2,2
6,3,0,0,70,82,2,40,44,1565,0,3,0,1,1
0,0,2,1,580,28,2,34,59,1485,0,3,0,3,3
0,4,0,1,478,42,3,30,62,881,0,3,0,0,3
6,1,1,1,421,44,3,36,63,921,0,3,0,0,0
0,2,0,0,237,66,3,40,53,659,0,1,0,2,2
0,2,0,0,306,64,1,30,57,1579,0,0,0,0,0
6,6,2,0,306,57,2,38,51,455,0,3,0,2,2
3,5,1,0,135,82,0,31,52,1577,0,3,0,2,2
5,1,1,0,281,60,2,32,77,1158,0,1,0,0,0
4,0,2,0,105,82,3,40,86,391,0,3,1,2,2
6,0,2,0,140,72,2,39,50,1182,0,3,0,2,2
2,6,2,0,191,70,2,40,61,892,0,2,0,2,2
2,2,0,0,277,61,2,23,41,1109,0,3,0,2,2
0,7,1,0,97,82,1,21,73,1506,0,3,0,2,2
5,7,1,1,486,39,2,35,59,1279,1,3,0,3,3
6,0,2,1,528,43,2,24,88,1326,0,3,0,3,0
4,1,1,0,81,81,2,31,42,1349,0,3,0,2,1
3,6,2,0,63,85,2,36,90,395,0,3,0,1,1
6,5,1,0,185,67,0,30,85,461,0,3,0,2,2
1,0,2,0,343,60,2,39,46,1402,0,3,0,2,2
4,3,0,0,71,81,0,20,55,1724,0,3,0,1,2
6,5,1,0,70,84,2,37,65,1649,1,3,0,2,2
1,4,0,0,199,73,2,39,85,463,0,3,0,2,2
1,5,1,0,290,58,2,33,85,1375,0,0,0,0,0
6,0,2,0,171,73,0,34,56,1778,0,3,0,1,1
6,1,1,0,348,56,0,38,57,586,0,1,0,0,0
2,3,0,0,202,71,1,38,59,911,1,3,0,2,2
5,6,2,0,207,72,2,38,89,492,0,3,0,2,2
1,4,0,0,82,84,0,36,71,798,0,3,0,1,1
0,3,0,0,144,81,3,39,54,1197,0,3,0,1,1
3,7,1,0,229,72,0,29,52,1296,1,3,0,2,2
0,7,1,1,399,50,1,28,60,300,0,1,0,3,3
6,2,0,1,377,56,3,22,61,475,0,3,0,0,0
5,2,0,0,256,68,3,31,80,332,1,3,0,2,2
0,6,2,0,100,75,1,22,50,728,0,3,0,1,2
5,0,2,0,116,80,2,36,55,1304,0,3,0,1,1
5,3,0,0,71,81,1,22,78,950,0,3,0,1,2
4,6,2,0,121,77,2,20,95,377,0,3,0,1,2
4,1,1,0,234,72,2,27,63,986,1,3,0,2,0
3,6,2,0,257,62,0,37,76,676,0,3,0,2,2
2,4,0,0,201,73,3,24,56,1425,0,3,0,1,1
0,3,0,0,64,87,1,20,89,1619,0,3,0,1,1
4,7,1,0,186,74,1,33,69,521,0,3,0,2,2
4,1,1,0,76,86,1,25,70,424,1,3,0,2,1
4,3,0,1,661,26,3,38,92,325,0,3,0,3,3
1,4,0,0,297,59,0,36,85,1105,1,3,0,2,2
2,4,0,0,280,61,1,22,40,365,0,3,0,2,2
4,0,2,0,324,53,1,39,94,312,0,3,0,2,2
4,4,0,0,282,66,2,20,50,1092,0,3,0,2,0
3,3,0,0,278,58,1,37,43,504,1,3,0,2,2
2,6,2,0,208,67,0,25,50,1368,0,3,0,2,1
4,3,0,0,225,66,3,28,53,681,0,1,0,2,2
6,5,1,0,238,66,1,22,84,952,1,3,0,2,0
0,2,0,0,127,83,2,33,53,830,0,3,0,2,2
6,0,2,0,63,81,0,26,76,1624,1,3,0,1,1
4,5,1,0,120,80,2,36,60,468,0,3,0,2,2
5,7,1,0,206,73,1,34,51,306,0,1,0,0,2
3,1,1,1,601,25,2,28,76,601,0,3,0,3,3
2,7,1,0,222,72,0,34,60,389,1,3,0,2,2
3,0,2,0,150,73,2,40,77,1187,0,3,0,2,2
1,7,1,1,444,50,3,23,64,542,0,3,1,3,3
5,2,0,0,162,74,0,31,50,712,0,3,0,2,2
2,1,1,0,59,90,1,38,69,319,0,3,0,2,1
3,4,0,0,236,64,2,25,91,1419,0,3,0,2,2
3,5,1,0,135,76,1,29,48,495,1,3,0,2,2
2,3,0,1,577,38,0,35,95,553,0,3,0,3,3
3,7,1,0,205,68,1,34,66,1740,0,3,0,2,2
1,5,1,0,156,73,1,31,89,603,0,3,0,2,2
4,1,1,0,166,71,0,34,58,417,0,3,0,2,1
3,5,1,1,550,40,3,33,54,414,0,0,1,3,3
1,3,0,1,462,45,1,36,88,661,1,3,0,3,3
2,5,1,0,171,77,2,31,45,980,1,3,0,2,2
6,5,1,0,316,59,0,25,54,934,0,3,0,2,2
3,5,1,0,166,77,3,29,82,783,0,3,0,2,1
6,2,0,0,161,76,1,23,66,367,0,3,0,2,2
0,3,0,0,163,77,1,28,51,1273,0,3,0,2,2
1,6,2,1,417,45,1,32,51,937,0,1,0,3,0
1,3,0,0,289,64,3,39,73,1443,1,3,0,2,2
2,2,0,1,664,27,1,20,80,1670,0,3,0,3,3
2,6,2,0,58,88,1,25,89,986,0,3,0,1,1
0,1,1,0,306,60,0,21,50,584,0,3,0,2,2
5,2,0,0,306,60,0,29,46,1571,0,3,0,2,2
3,6,2,0,282,65,1,29,61,417,0,0,0,2,0
4,1,1,0,57,82,1,34,41,1238,0,3,0,2,1
4,0,2,1,691,23,3,38,48,585,0,3,0,3,3
0,7,1,1,685,18,3,36,91,859,0,3,0,3,3
5,0,2,0,256,68,2,25,84,591,0,0,0,2,2
4,3,0,0,290,62,2,33,73,926,0,3,0,2,2
1,5,1,0,196,69,2,39,44,1195,1,3,0,2,0
2,4,0,0,318,54,3,22,62,892,0,3,1,0,0
6,3,0,0,342,53,2,32,42,1473,0,1,0,0,0
6,2,0,0,343,60,1,33,72,1554,1,3,0,0,0
0,5,1,1,654,21,2,40,50,478,0,3,0,3,3
1,2,0,1,615,30,3,29,89,789,0,3,0,3,3
3,7,1,0,189,76,3,21,68,1131,0,3,0,2,2
5,7,1,0,283,66,0,29,76,1498,1,3,0,2,2
1,2,0,0,250,70,2,24,89,884,0,3,0,2,2
3,5,1,0,215,65,1,27,60,1351,0,3,0,2,2
1,3,0,0,184,71,1,20,73,1081,0,3,0,2,2
1,1,1,0,96,80,2,38,46,1598,0,3,0,2,2
4,1,1,0,234,62,1,36,95,1305,0,3,0,2,2
1,5,1,0,108,75,2,29,89,1304,0,3,0,2,2
5,1,1,1,428,50,0,40,55,728,0,3,0,3,3
3,7,1,0,75,81,0,35,54,1545,0,3,0,1,2
3,7,1,0,172,78,3,21,87,1146,0,3,0,2,2
4,3,0,1,596,31,2,40,93,706,1,3,0,3,3
3,0,2,0,288,57,3,28,43,912,0,3,0,2,1
0,1,1,0,94,85,3,27,54,1777,0,3,0,1,2
6,7,1,0,343,58,0,35,62,978,0,2,0,0,0
6,2,0,0,319,57,0,25,70,1141,0,2,0,0,0
5,4,0,0,225,72,1,24,77,1341,0,3,0,2,2
0,6,2,0,99,84,2,26,67,318,0,3,0,1,2
1,3,0,0,184,74,1,38,48,829,0,0,0,2,2
5,1,1,0,182,77,3,39,69,1278,0,3,0,2,1
2,3,0,0,55,82,3,20,82,1321,0,1,0,1,2
6,3,0,0,154,80,3,40,93,669,0,3,0,1,1
0,4,0,0,171,74,1,36,60,494,1,3,0,2,2
3,2,0,0,147,76,1,27,79,317,0,1,0,2,2
0,3,0,0,266,61,1,33,47,731,0,3,0,2,2
3,0,2,0,139,75,0,27,91,1504,0,3,0,1,1
6,4,0,0,296,57,3,29,54,394,0,3,0,2,2
1,4,0,0,339,52,0,40,64,636,0,3,0,2,2
3,7,1,0,329,54,2,32,67,1495,0,3,0,0,0
2,7,1,1,547,33,0,37,58,378,0,1,0,3,3
6,2,0,0,244,61,0,35,52,1524,0,1,0,2,2
3,3,0,0,90,86,1,22,61,947,0,3,0,1,2
2,7,1,0,181,72,2,34,47,1713,0,3,0,2,2
3,7,1,0,186,74,1,36,41,1277,0,0,0,2,2
5,1,1,0,153,78,1,33,79,1176,1,1,0,2,2
3,1,1,0,91,80,2,34,40,666,0,3,0,2,2
4,3,0,0,346,58,3,35,83,613,0,3,0,2,2
3,1,1,0,127,81,1,36,62,947,1,3,0,2,2
3,3,0,0,327,56,2,28,94,1436,0,3,0,2,0
4,6,2,1,610,33,0,22,61,1681,1,2,0,3,3
1,4,0,0,307,65,2,39,72,380,1,3,0,0,0
4,5,1,0,188,70,0,25,73,1745,0,3,0,2,2
4,4,0,0,122,81,0,22,49,361,1,3,0,2,2
6,0,2,0,112,75,0,20,43,763,1,3,0,1,1
4,7,1,0,257,62,2,34,95,1747,0,3,0,2,2
1,3,0,0,62,82,0,29,72,1468,0,2,0,2,1
1,2,0,0,315,64,2,39,81,868,1,3,0,0,0
3,4,0,0,323,63,3,27,87,1648,0,3,0,2,2
6,3,0,0,211,66,3,34,82,1685,0,0,0,2,2
5,6,2,1,605,29,0,37,50,1626,1,3,0,3,3
2,4,0,1,677,28,2,37,77,1554,1,3,0,3,3
6,7,1,0,164,69,0,25,84,521,0,3,0,2,1
1,0,2,0,200,71,1,31,60,953,0,3,1,2,0
3,6,2,0,107,76,2,23,45,1494,0,1,0,2,2
0,2,0,0,288,61,3,35,65,1298,0,0,0,2,2
3,6,2,1,582,28,1,36,54,1349,0,3,1,3,3
5,0,2,0,287,64,1,30,71,538,0,3,0,2,2
2,1,1,0,63,83,0,30,54,1757,0,0,0,2,1
6,4,0,1,482,45,2,40,92,963,0,3,1,3,3
3,0,2,0,84,77,2,35,78,385,0,3,0,1,1
5,2,0,1,354,56,1,29,79,718,0,3,0,0,3
3,7,1,0,168,79,1,39,50,508,0,1,0,2,0
3,7,1,0,53,89,3,37,45,457,1,3,0,1,1
3,2,0,0,150,75,2,31,46,720,0,3,0,2,2
0,3,0,0,311,56,0,25,60,369,0,3,0,2,2
1,6,2,0,243,68,3,40,67,1790,0,3,0,1,2
0,6,2,0,334,57,0,22,72,900,0,3,0,2,2
2,5,1,0,299,57,2,39,65,556,0,3,0,0,2
5,0,2,0,183,69,1,34,77,878,0,1,0,2,2
6,5,1,0,150,72,0,20,84,874,0,3,0,2,1
2,2,0,0,198,70,3,26,76,1462,0,3,1,2,2
5,4,0,0,134,81,1,31,44,1169,1,3,0,2,2
4,3,0,1,476,43,1,29,69,453,1,3,0,3,3
1,3,0,1,615,24,3,37,58,960,0,0,0,3,3
1,6,2,0,160,76,1,20,64,1290,0,3,0,2,2
6,4,0,0,221,66,3,38,72,597,1,1,0,2,2
1,0,2,0,168,76,1,27,86,765,0,3,0,2,1
0,6,2,0,108,82,2,25,40,1694,0,3,0,1,1
0,1,1,0,234,70,3,26,41,450,0,3,0,2,2
4,2,0,0,229,66,3,32,56,853,0,3,1,2,2
5,1,1,0,247,62,3,24,63,1261,0,0,0,2,2
6,1,1,0,210,69,2,24,40,388,0,3,0,2,2
1,6,2,0,64,86,1,27,78,636,0,3,0,1,1
1,3,0,0,229,65,0,22,57,316,1,3,0,2,2
1,3,0,0,69,81,3,28,75,916,0,0,0,1,2
0,2,0,0,268,62,0,30,53,922,0,3,0,2,2
1,6,2,0,237,69,0,28,53,410,0,3,0,2,1
5,0,2,0,274,66,1,22,70,1351,0,3,0,2,2
2,7,1,0,161,76,0,25,91,1019,1,3,0,2,2
5,4,0,0,168,77,1,34,45,1145,0,3,0,2,1
1,7,1,1,682,24,1,22,65,938,1,3,0,3,3
5,7,1,0,232,71,1,40,82,594,0,3,0,2,2
3,2,0,0,270,62,3,26,60,1171,0,3,0,2,2
1,6,2,1,578,33,3,33,41,966,1,3,0,3,3
5,7,1,0,88,79,0,24,41,1205,0,3,0,1,2
0,0,2,0,263,59,0,35,69,808,0,3,0,2,2
6,1,1,1,387,48,0,29,46,665,1,2,1,3,3
5,4,0,0,52,90,1,27,95,1710,0,3,0,1,1
6,0,2,1,421,53,3,27,80,1576,0,3,0,0,0
3,5,1,0,220,69,1,27,49,313,0,1,0,0,2
5,1,1,0,343,51,0,30,45,1120,0,3,0,2,0
6,2,0,0,107,76,2,23,53,394,0,3,0,2,2
0,3,0,0,241,70,2,37,75,1090,0,3,0,2,2
0,5,1,1,494,41,3,35,70,1056,0,3,0,3,0
0,1,1,0,103,79,1,22,68,1596,1,3,0,2,2
1,2,0,1,478,40,2,22,91,1148,0,3,0,3,3
3,4,0,0,349,52,0,40,59,1027,1,3,0,2,0
1,2,0,0,227,65,0,31,53,445,0,3,0,2,2
4,7,1,0,154,80,3,36,92,1382,0,3,0,1,1
3,3,0,0,52,81,3,29,64,1172,0,1,1,2,2
2,6,2,0,163,73,0,22,63,1329,0,3,0,1,1
3,2,0,1,516,43,3,39,47,1345,0,3,0,3,0
2,4,0,1,543,33,3,40,63,791,0,3,0,3,3
4,3,0,0,203,69,3,28,79,1293,0,3,0,1,1
4,6,2,0,198,73,0,30,54,1421,0,2,0,2,2
3,4,0,0,280,67,1,21,62,912,0,0,1,0,0
5,4,0,0,85,83,3,23,63,996,0,3,0,1,1
4,7,1,0,95,78,2,22,71,551,0,3,0,2,2
0,6,2,0,329,53,1,22,75,1466,1,3,0,2,2
4,7,1,0,300,61,3,33,42,414,0,3,0,2,2
3,3,0,1,443,46,2,23,58,938,0,3,0,3,3
1,5,1,0,334,53,0,28,46,1647,0,3,0,2,2
3,6,2,0,324,53,1,37,59,673,0,3,0,2,2
0,2,0,0,159,71,0,39,41,1118,0,3,0,2,1
0,2,0,0,229,68,0,24,55,1651,0,3,0,2,2
4,3,0,1,660,27,2,21,93,1100,1,1,0,3,3
3,3,0,1,500,37,1,29,61,974,0,3,0,3,3
0,1,1,1,422,50,3,30,45,1203,0,3,0,0,0
6,7,1,1,614,27,2,25,46,1579,0,3,0,3,3
4,6,2,0,178,75,0,38,71,801,0,3,0,1,1
1,5,1,0,304,57,1,20,89,1650,0,3,0,2,0
0,7,1,0,113,76,3,20,65,819,0,3,0,1,1
0,1,1,0,341,52,3,21,56,1077,0,3,0,2,2
2,7,1,0,221,64,2,40,57,342,0,3,0,2,2
3,6,2,1,650,25,1,26,93,1563,0,3,0,3,3
3,0,2,1,693,18,3,35,43,675,0,3,0,3,3
3,2,0,1,498,39,1,25,56,1332,0,1,0,3,3
4,6,2,0,314,63,1,31,84,1130,0,1,0,0,2
3,7,1,0,254,65,2,31,83,427,1,3,0,0,0
3,5,1,0,176,75,0,39,58,677,0,3,0,2,2
0,3,0,1,693,18,0,24,70,506,0,3,0,3,3
1,6,2,1,470,43,0,22,83,628,0,1,0,3,3
3,3,0,0,344,52,2,36,91,1682,0,3,0,0,0
0,1,1,1,610,24,2,27,93,1518,0,1,0,3,3
1,5,1,1,609,28,3,38,42,954,1,3,0,3,3
6,5,1,0,125,79,0,23,53,351,0,3,0,2,1
1,4,0,0,266,67,0,27,48,1290,0,3,0,2,2
4,1,1,1,372,55,2,35,83,627,0,3,0,3,3
1,0,2,0,58,90,2,25,79,586,0,3,0,1,1
1,0,2,0,218,64,2,32,54,911,0,3,0,2,2
6,0,2,0,219,74,2,28,91,1399,0,3,0,2,2
3,5,1,0,292,61,0,27,62,1675,0,3,0,2,0
3,4,0,0,255,66,1,33,64,749,0,1,0,2,0
6,2,0,0,244,64,2,31,66,1356,0,3,0,2,2
2,1,1,0,57,87,0,39,95,735,0,3,1,2,2
0,3,0,0,146,76,3,39,69,747,1,3,0,1,2
6,1,1,0,185,72,1,38,74,415,0,3,0,2,2
5,4,0,0,72,85,1,32,62,1007,0,3,0,1,2
2,5,1,0,189,75,1,34,75,805,0,3,0,2,2
5,4,0,0,225,64,1,37,79,688,0,3,0,2,2
5,3,0,0,96,82,0,29,71,720,0,3,0,1,1
0,7,1,0,265,65,2,30,81,541,1,3,0,0,0
0,7,1,1,677,18,0,27,41,1318,0,1,0,3,3
0,2,0,1,458,42,1,21,81,1221,0,3,0,3,3
0,3,0,0,262,69,2,23,56,916,0,1,0,0,2
1,0,2,0,129,79,0,37,49,477,0,3,0,1,1
3,3,0,0,188,76,0,28,70,527,0,3,0,2,1
3,1,1,0,261,59,2,33,82,1268,0,3,0,2,0
2,1,1,0,284,60,3,24,52,655,0,3,0,2,2
5,1,1,0,55,80,0,23,60,1683,0,3,0,1,1
5,2,0,0,326,61,2,38,68,1378,0,3,0,2,0
0,4,0,0,313,59,3,32,94,624,0,0,0,2,2
2,6,2,0,350,56,1,22,83,963,0,3,0,2,2
6,1,1,1,461,44,2,26,63,852,0,3,0,3,3
4,5,1,0,117,82,3,33,95,590,1,3,1,2,2
5,3,0,0,164,72,1,32,43,1760,1,3,0,2,2
5,7,1,0,114,80,0,35,57,1318,0,3,0,2,1
1,2,0,0,167,72,2,28,74,1403,0,3,0,2,2
2,1,1,0,177,77,0,36,54,667,0,3,0,2,2
5,7,1,0,305,62,1,32,82,1166,0,3,0,2,0
3,0,2,0,233,65,0,39,85,1226,0,2,0,2,2
5,0,2,1,654,28,1,39,55,878,0,3,0,3,3
0,5,1,0,282,61,3,30,60,1365,0,3,0,2,2
2,3,0,1,416,50,2,38,49,409,0,3,0,3,3
0,1,1,0,99,83,1,33,56,1348,1,3,0,2,2
6,4,0,0,221,69,3,40,74,1157,0,3,0,2,2
6,6,2,0,323,63,1,21,88,1048,0,3,0,2,2
1,1,1,0,76,84,0,36,84,958,1,3,0,2,2
3,5,1,0,283,67,1,20,55,1040,0,3,0,2,2
4,4,0,0,210,69,0,22,91,1091,0,3,0,2,2
5,5,1,1,351,53,3,36,87,1738,0,1,0,0,0
2,3,0,0,62,87,1,29,95,789,0,3,0,1,2
4,0,2,0,72,79,3,38,86,1647,1,3,0,1,1
3,0,2,0,83,80,1,21,52,1542,0,3,0,1,1
3,5,1,0,264,66,0,32,80,1056,1,3,0,2,2
6,0,2,0,309,57,3,33,45,925,0,3,0,2,2
2,3,0,0,178,77,0,38,92,1592,0,3,0,2,2
2,7,1,0,290,58,0,30,86,1426,0,3,0,2,2
2,6,2,1,512,38,2,24,69,368,1,3,0,3,3
4,3,0,1,614,31,1,36,89,499,0,3,0,3,3
3,2,0,0,141,72,2,29,77,1313,0,3,1,2,0
5,2,0,0,106,80,0,37,54,1539,0,3,0,1,1
1,7,1,0,71,85,0,24,80,977,0,3,0,1,2
2,6,2,0,129,75,3,31,80,1688,0,3,0,1,1
1,2,0,0,167,75,0,33,55,1788,0,3,0,2,1
3,5,1,0,171,68,1,31,63,1361,0,3,1,0,2
2,5,1,0,189,72,1,38,44,338,0,3,0,2,2
5,0,2,0,85,82,0,29,51,823,0,3,1,2,2
2,7,1,0,57,82,2,34,85,1692,1,3,0,2,1
0,6,2,0,318,58,0,22,67,959,0,3,0,2,2
1,7,1,0,213,65,1,31,75,1785,1,3,0,2,2
6,7,1,0,147,72,2,31,53,637,0,3,0,2,2
1,7,1,0,289,62,1,25,43,811,0,3,0,2,2
2,4,0,0,292,62,0,37,82,845,1,3,0,2,0
5,1,1,1,620,33,1,30,61,854,0,3,0,3,3
3,7,1,0,88,81,0,40,93,1060,0,3,0,1,2
1,7,1,0,276,67,0,24,86,594,0,3,0,2,2
0,4,0,0,63,85,3,34,95,1021,0,1,0,1,1
1,3,0,0,102,78,2,37,91,1456,0,3,0,2,1
3,3,0,1,680,20,3,24,79,1242,0,3,0,3,3
2,5,1,0,271,67,1,37,51,881,0,3,0,2,2
1,3,0,0,350,53,3,25,91,1641,0,1,0,2,0
5,7,1,0,170,72,3,22,70,734,0,3,0,2,1
6,7,1,1,661,27,1,32,56,722,0,3,0,3,3
5,7,1,0,134,79,0,29,76,1384,0,3,0,2,1
3,1,1,1,548,31,1,30,55,570,0,2,0,3,3
0,7,1,0,106,77,2,29,78,1542,0,0,0,2,2
0,6,2,0,320,63,1,22,77,1477,0,1,0,0,0
1,5,1,0,97,83,3,37,58,957,0,3,0,1,1
4,1,1,0,327,55,3,35,53,1219,0,0,0,0,2
0,4,0,0,121,82,1,38,88,926,1,3,0,2,1
4,7,1,0,106,77,1,35,88,963,1,3,0,2,2
0,3,0,0,128,82,1,30,86,340,1,3,0,2,2
6,7,1,0,314,54,1,40,81,1658,0,3,0,0,2
5,2,0,0,197,68,1,39,54,1686,0,3,0,2,2
4,5,1,0,167,69,1,26,65,321,0,3,0,2,2
1,6,2,0,349,55,0,30,84,1265,0,3,0,2,2
3,6,2,1,660,26,2,23,91,314,1,3,0,3,3
0,4,0,0,125,79,2,25,61,382,0,3,0,2,2
0,3,0,0,173,77,2,23,67,487,0,3,0,2,2
4,0,2,0,346,54,1,32,48,811,0,3,0,2,2
2,2,0,0,209,66,2,23,75,1645,0,3,0,2,2
1,5,1,0,191,75,0,33,61,1704,1,1,0,2,2
6,3,0,0,115,78,2,33,63,941,0,3,0,2,1
2,3,0,0,326,57,1,25,53,1317,0,3,0,2,2
1,0,2,0,54,89,3,26,53,1176,0,1,0,1,1
1,0,2,0,312,58,2,36,74,1177,0,3,0,2,2
6,5,1,0,223,66,1,26,41,1715,0,3,1,0,0
4,7,1,0,159,78,0,31,62,952,1,3,0,2,2
1,6,2,0,243,62,1,30,62,901,0,3,0,2,2
4,5,1,0,284,60,1,23,60,1129,0,3,0,2,2
2,2,0,0,341,55,1,27,47,1512,0,3,0,2,2
4,1,1,0,155,71,3,27,59,960,1,3,0,2,2
2,3,0,0,223,70,1,32,58,1177,0,3,0,2,2
1,3,0,0,260,65,1,27,59,1545,0,3,0,2,2
6,2,0,0,225,67,0,36,52,881,0,3,0,2,2
5,3,0,0,128,73,3,22,77,1125,0,3,0,1,1
1,7,1,0,151,77,1,31,77,1485,0,3,0,2,2
1,6,2,1,429,48,1,28,86,1582,0,3,0,0,3
1,2,0,0,213,66,1,31,63,423,1,3,0,2,2
6,1,1,0,165,73,2,26,70,1711,0,3,0,2,2
1,6,2,0,204,70,3,31,87,1348,0,3,0,1,1
2,6,2,0,344,56,1,25,65,617,0,3,0,2,2
4,4,0,0,222,69,2,32,93,711,0,3,0,2,2
5,5,1,1,471,39,1,23,47,1512,0,2,0,3,3
1,7,1,0,103,83,3,23,79,721,1,3,0,1,2
6,4,0,0,123,74,3,39,44,1563,0,0,0,2,1
3,4,0,0,104,82,3,25,92,1463,1,3,0,1,1
1,6,2,0,52,82,1,34,84,691,1,3,0,1,1
3,3,0,0,142,78,2,35,93,583,0,1,0,2,2
0,6,2,1,548,34,0,22,46,1517,1,3,0,3,3
6,5,1,0,228,65,3,26,41,1624,0,3,0,2,2
4,5,1,0,208,69,1,38,42,914,0,3,0,2,2
0,2,0,0,345,52,3,21,92,529,0,3,0,2,2
6,6,2,1,575,32,3,26,64,1309,0,3,0,3,3
3,6,2,1,392,47,1,29,88,335,0,2,1,3,3
0,4,0,0,256,70,0,31,84,368,0,3,0,2,2
1,5,1,0,81,86,0,35,94,1659,0,3,0,1,1
1,7,1,0,257,65,3,40,46,335,0,3,0,2,2
5,5,1,0,147,75,1,35,92,625,0,3,0,2,2
5,3,0,0,313,63,2,21,57,812,0,3,0,2,0
4,3,0,0,120,80,1,24,70,1429,0,3,0,2,1
5,1,1,1,434,51,3,36,51,1325,0,1,0,3,3
2,0,2,0,152,78,0,32,42,1423,0,3,0,1,1
5,4,0,0,191,68,2,27,40,1075,0,3,0,2,2
4,2,0,0,73,82,3,40,53,1252,0,0,0,1,1
1,4,0,0,227,65,2,35,42,943,0,3,0,2,2
0,2,0,0,64,89,1,30,78,436,0,3,0,1,2
2,7,1,0,275,64,3,21,78,1789,0,3,0,2,2
3,7,1,0,256,62,1,26,55,1433,0,3,0,2,2
5,0,2,0,228,63,3,34,86,1422,1,3,1,2,0
0,0,2,0,90,77,1,40,58,1205,0,2,0,2,2
5,1,1,0,81,85,3,26,50,951,0,3,0,1,1
0,4,0,0,168,72,1,25,64,1691,1,3,0,2,2
3,1,1,0,314,63,2,30,82,302,0,3,0,0,0
5,6,2,1,637,22,1,27,65,1184,1,0,0,3,3
5,5,1,1,537,40,2,22,93,1106,0,3,0,3,3
1,7,1,0,139,73,2,21,78,1752,0,3,0,2,2
1,1,1,0,170,78,2,28,64,446,0,3,0,2,2
3,2,0,0,111,77,1,30,40,603,0,3,0,2,2
3,1,1,0,266,62,3,31,92,619,0,3,0,2,2
1,2,0,0,176,72,2,23,72,1222,0,2,0,2,2
3,0,2,1,490,38,1,39,88,366,1,3,0,3,3
1,3,0,0,131,76,1,21,85,1009,0,3,0,2,1
0,6,2,0,93,86,3,26,79,1262,0,3,0,1,1
5,2,0,0,84,77,0,30,44,1759,0,3,0,1,1
1,0,2,0,64,85,1,34,70,1470,0,3,0,1,2
0,1,1,0,104,80,2,35,53,1033,0,3,0,2,1
2,3,0,0,79,83,0,28,44,884,1,1,0,2,2
2,3,0,0,241,64,1,27,72,1671,0,3,0,2,2
0,5,1,1,692,19,1,30,57,1112,0,3,0,3,3
4,6,2,0,107,77,1,34,57,1797,0,3,0,1,1
6,5,1,0,130,79,2,36,71,442,0,3,0,2,2
6,3,0,0,226,73,2,28,44,653,0,3,0,2,2
0,3,0,1,447,47,2,35,79,1791,0,3,0,3,3
3,0,2,0,320,54,0,37,40,899,1,3,1,0,0
4,7,1,0,320,55,1,25,89,508,0,3,0,0,0
5,5,1,0,213,69,3,21,91,1500,0,3,0,2,2
1,5,1,1,568,36,1,25,53,1656,0,3,1,3,3
6,7,1,0,124,74,1,37,84,325,0,3,0,2,2
3,7,1,1,640,21,0,29,68,1664,0,1,0,3,3
4,4,0,1,693,17,3,24,71,693,0,3,0,3,3
0,2,0,0,110,82,0,20,94,915,1,3,0,2,2
2,6,2,0,203,72,3,28,59,1410,0,0,0,2,2
1,6,2,0,112,83,2,31,91,1147,1,3,0,2,1
1,2,0,1,605,29,2,32,91,1363,0,3,0,3,3
0,2,0,0,349,61,3,39,86,796,0,3,0,2,2
2,1,1,0,177,73,1,22,59,513,0,3,1,0,0
4,5,1,0,54,83,1,36,88,812,0,3,0,1,1
2,5,1,0,246,63,3,32,67,629,0,3,0,2,1
1,3,0,0,211,65,2,26,85,1402,0,2,0,2,2
1,1,1,0,230,62,2,37,43,931,0,3,0,2,2
1,4,0,1,531,34,3,30,76,1431,0,3,0,3,0
1,7,1,0,292,59,2,37,91,1203,0,3,0,0,2
2,1,1,0,340,56,1,33,55,1089,0,3,0,0,0
2,0,2,0,338,62,3,30,95,1617,0,3,0,2,2
4,4,0,0,208,67,1,23,45,1225,0,3,0,2,2
1,1,1,1,686,23,2,38,80,784,0,3,0,3,3
0,3,0,1,662,29,1,29,42,1272,0,3,0,3,3
4,3,0,1,550,30,0,38,46,1494,0,3,0,3,3
2,4,0,0,312,63,2,32,67,1263,0,3,0,2,0
0,3,0,0,265,63,0,23,57,707,0,3,0,2,2
0,4,0,0,93,77,2,28,85,387,0,3,1,2,2
5,5,1,1,693,18,1,26,84,390,0,3,0,3,3
0,3,0,1,433,48,3,21,94,803,0,3,0,0,0
0,6,2,0,163,71,1,25,77,1160,0,3,0,2,2
4,0,2,1,559,35,2,33,93,909,0,3,0,3,3
0,0,2,1,527,35,2,32,79,1450,0,3,0,3,3
4,1,1,0,181,67,3,33,46,1424,0,3,0,2,2
5,1,1,0,244,70,3,30,43,797,0,3,0,2,2
4,2,0,0,198,73,1,35,78,1263,0,3,0,2,2
2,1,1,0,231,67,1,27,68,614,0,3,0,2,2
0,7,1,0,140,80,3,39,85,506,0,3,0,1,1
0,5,1,0,221,66,2,24,90,1466,0,3,0,2,2
2,2,0,1,592,32,1,35,46,1425,0,3,0,3,3
6,5,1,0,115,76,0,30,69,1457,0,3,0,2,1
5,1,1,1,504,38,3,32,70,1185,0,3,0,3,3
0,6,2,0,226,72,3,36,92,1199,1,3,0,2,1
2,0,2,0,53,82,1,34,76,1045,0,3,0,1,1
0,3,0,1,683,20,0,31,91,1718,0,2,0,3,3
2,5,1,0,335,56,3,30,73,496,0,3,0,2,2
5,0,2,0,235,70,2,31,79,406,0,3,0,2,2
0,7,1,0,83,84,0,21,51,948,0,1,0,2,2
6,5,1,0,162,74,0,25,82,723,0,3,0,2,1
4,4,0,0,206,74,3,40,79,1529,0,3,0,2,1
2,0,2,0,185,76,0,32,40,1620,0,0,0,2,2
6,4,0,0,295,64,0,39,75,310,0,3,0,2,2
0,7,1,0,131,72,1,24,93,483,1,3,0,2,2
0,7,1,0,315,60,3,35,69,435,0,3,0,2,2
2,7,1,0,153,76,2,22,65,1556,0,3,0,2,2
1,1,1,1,397,55,1,22,60,993,0,3,0,3,3
6,6,2,0,78,78,1,22,69,1149,0,3,0,1,1
0,0,2,0,307,57,1,37,51,955,0,3,1,0,0
0,7,1,0,105,80,2,34,42,1102,0,3,0,2,2
5,3,0,0,163,73,1,35,85,415,1,3,0,2,2
0,0,2,0,165,76,0,20,49,630,0,3,0,1,1
0,1,1,1,507,45,2,23,57,1791,0,3,0,3,3
0,1,1,1,538,37,3,25,64,935,0,1,0,3,3
2,3,0,1,527,35,2,35,58,524,0,3,1,3,3
2,1,1,0,121,78,0,30,93,1207,0,3,0,2,2
0,4,0,0,139,78,2,31,48,719,0,3,0,2,1
1,5,1,0,116,80,2,31,79,1743,0,3,0,2,2
6,0,2,0,230,62,3,35,80,1685,0,3,0,1,1
6,6,2,0,148,78,1,37,87,356,0,3,0,1,1
0,6,2,0,268,60,2,23,75,928,0,3,0,2,2
3,0,2,0,180,75,1,21,91,531,0,3,0,2,2
5,4,0,0,272,64,1,34,63,832,0,3,0,2,2
5,2,0,0,237,66,3,40,73,423,0,2,0,2,2
5,4,0,1,675,21,2,22,83,959,0,3,0,3,3
0,3,0,1,648,28,1,21,94,742,0,3,0,3,3
3,5,1,0,201,70,1,28,51,1528,0,3,0,2,2
3,2,0,0,159,72,1,23,90,1444,0,3,0,2,1
4,1,1,0,272,68,1,24,86,385,0,1,1,0,3
6,1,1,0,215,67,3,22,74,1573,0,3,0,2,2
5,1,1,0,169,76,2,32,64,467,0,3,0,2,2
6,3,0,1,440,50,3,39,50,1731,0,3,0,0,0
0,7,1,0,177,73,3,36,50,993,0,3,0,2,2
1,1,1,0,170,75,3,24,95,797,0,3,0,2,1
1,6,2,0,207,67,3,37,56,543,0,3,0,1,1
4,2,0,0,241,64,0,32,92,1263,0,3,0,2,2
4,0,2,0,164,77,3,26,77,979,1,3,0,1,1
4,6,2,0,306,55,1,31,91,430,0,3,0,2,2
2,0,2,0,131,81,3,34,93,1605,0,3,0,1,1
2,5,1,0,199,71,0,20,78,1375,0,1,0,2,2
4,4,0,1,560,35,1,32,45,1770,0,3,0,3,3
3,4,0,0,243,61,2,40,79,1544,0,3,0,2,2
1,0,2,0,102,84,1,40,91,1083,0,3,0,1,1
0,3,0,0,202,73,0,22,89,1497,0,3,0,2,1
1,4,0,0,325,57,1,24,58,1036,0,3,0,2,2
1,0,2,0,337,58,2,37,58,853,0,3,0,2,0
2,4,0,0,209,68,3,25,85,1250,0,3,0,2,2
0,5,1,0,206,70,3,26,58,664,0,1,0,2,2
2,2,0,0,82,77,2,37,67,1135,0,3,0,1,2
3,6,2,1,699,17,1,33,70,1456,0,1,1,3,3
5,2,0,1,585,31,3,36,92,383,0,3,0,3,3
0,2,0,0,338,59,2,21,86,319,0,3,1,0,0
5,0,2,0,71,84,3,37,81,568,1,0,0,1,1
2,2,0,0,237,69,3,40,88,642,1,3,0,2,2
1,3,0,0,150,77,1,35,58,703,0,3,0,2,2
1,1,1,0,306,57,3,26,65,1268,0,3,0,2,2
2,5,1,0,216,64,2,30,93,453,0,3,0,2,2
3,6,2,0,87,78,3,21,55,1293,0,3,0,1,1
2,6,2,0,110,78,1,37,68,1472,0,3,0,1,2
0,5,1,0,269,65,3,30,93,1398,0,3,0,2,2
3,5,1,0,236,69,1,34,44,638,0,3,0,2,2
6,3,0,0,308,55,2,39,69,722,0,3,0,2,2
5,6,2,0,261,62,3,25,88,302,0,3,0,2,2
2,0,2,1,358,60,2,31,75,1037,0,3,0,0,3
0,6,2,0,252,68,2,21,45,391,0,3,0,2,2
1,5,1,1,409,47,2,34,63,1628,0,3,0,3,3
4,0,2,0,189,72,2,27,74,537,0,3,0,2,2
6,4,0,0,328,58,2,37,95,1014,0,0,0,0,0
3,7,1,0,113,83,2,22,44,926,0,3,0,2,1
2,7,1,0,79,83,0,32,95,1540,0,3,1,2,2
2,3,0,0,95,83,0,34,87,1109,0,0,0,2,2
4,5,1,0,163,79,0,25,88,1773,1,3,1,0,0
2,4,0,0,301,61,0,25,59,457,0,3,0,2,2
2,4,0,0,213,69,1,34,73,915,0,3,0,2,2
5,3,0,1,627,31,0,32,50,1557,0,0,1,3,3
4,6,2,0,303,58,2,21,68,1414,0,3,0,2,2
6,2,0,1,625,25,0,32,80,1568,1,3,0,3,3
1,4,0,0,339,54,0,36,93,1383,0,3,1,0,0
4,2,0,1,694,23,0,22,43,462,0,3,0,3,3
4,0,2,0,221,66,1,32,52,865,1,3,0,2,2
2,2,0,0,255,70,1,24,92,1321,0,3,0,2,2
2,1,1,1,456,46,0,20,52,1288,0,1,0,3,3
1,0,2,1,693,26,0,20,72,898,1,3,1,3,3
5,1,1,0,79,87,3,38,52,1201,0,3,0,1,1
6,2,0,0,287,62,0,33,75,668,0,3,0,2,2
2,7,1,0,226,71,0,20,75,771,1,3,0,2,2
3,2,0,0,234,71,1,31,55,793,0,3,0,2,2
1,6,2,0,75,81,0,26,55,1712,0,3,0,1,1
4,2,0,1,435,48,0,31,64,1136,0,1,0,3,3
2,5,1,0,144,79,3,21,53,660,0,0,0,2,1
6,4,0,0,133,76,3,36,50,1262,0,3,0,1,1
6,0,2,0,186,76,0,20,56,585,0,1,1,0,2
2,0,2,0,118,79,3,22,71,1272,0,3,0,1,1
5,4,0,1,390,54,1,39,81,743,1,3,0,3,3
2,6,2,0,261,66,0,32,41,769,0,3,0,2,2
2,2,0,0,55,86,2,39,77,911,0,3,0,1,1
3,3,0,0,300,64,1,22,47,704,1,3,0,2,0
1,1,1,0,104,84,1,26,60,352,0,3,0,2,2
6,7,1,0,213,67,3,38,68,386,0,3,0,2,2
5,4,0,0,284,62,2,24,43,823,1,3,0,2,0
2,6,2,0,212,73,0,38,58,710,0,3,0,2,2
6,7,1,0,281,64,1,39,60,1295,1,3,0,0,0
5,2,0,0,308,65,1,37,59,843,0,3,0,2,2
0,4,0,0,88,82,0,27,52,1528,0,3,0,1,1
0,3,0,1,405,50,0,22,62,1762,0,3,0,0,0
6,4,0,0,78,85,3,22,59,1065,0,3,0,1,1
5,5,1,0,194,75,1,28,67,332,1,3,0,2,2
5,6,2,0,272,61,2,23,42,1782,1,3,0,2,2
0,2,0,0,215,66,0,23,83,1269,0,3,0,2,2
6,4,0,0,75,86,2,34,75,1036,0,3,0,1,1
5,2,0,1,417,45,1,32,95,383,0,3,1,3,3
2,3,0,0,253,65,0,28,81,591,1,3,1,0,0
1,4,0,0,94,82,0,34,56,1197,0,0,0,2,2
2,2,0,1,509,41,1,29,44,355,0,0,0,3,3
1,2,0,0,196,68,3,21,91,528,0,3,0,1,2
4,1,1,0,68,86,2,31,50,1783,0,3,0,2,1
3,2,0,0,272,58,1,33,73,1541,0,3,0,2,2
5,6,2,0,247,70,2,40,77,673,0,3,0,2,2
3,6,2,1,696,20,2,27,70,1557,0,3,0,3,3
3,4,0,1,465,46,0,33,79,343,0,0,1,3,3
6,5,1,0,263,67,1,30,95,998,0,3,0,2,2
5,6,2,0,280,64,1,29,68,779,1,3,0,2,2
4,2,0,1,629,30,1,25,49,467,0,3,0,3,3
2,0,2,0,189,77,1,23,88,341,1,1,0,2,2
2,2,0,0,268,69,1,26,74,1735,0,3,1,0,0
3,2,0,1,450,50,0,36,54,980,0,3,0,0,3
2,5,1,1,374,54,1,36,59,1769,1,3,0,3,3
5,5,1,0,139,76,2,35,65,1037,0,3,0,2,2
3,6,2,1,536,38,3,33,92,1313,0,3,0,0,3
6,4,0,1,691,24,2,39,69,1577,0,3,0,3,3
6,6,2,1,583,36,1,30,80,1272,0,3,0,3,3
2,5,1,0,172,76,3,20,74,616,0,3,0,2,1
5,4,0,0,309,62,2,21,80,387,0,3,0,2,2
3,0,2,0,166,74,2,21,46,1457,1,0,0,2,2
6,4,0,0,341,53,1,23,65,1046,0,3,0,2,0
1,4,0,0,241,67,2,31,43,421,0,2,0,0,0
1,0,2,0,318,57,2,36,47,983,0,3,0,2,0
5,6,2,0,276,63,1,36,87,1303,0,3,0,2,2
2,0,2,0,284,65,3,27,48,1366,1,3,0,2,2
3,1,1,0,308,65,2,23,72,1667,1,3,0,0,0
6,0,2,0,68,89,2,37,85,316,0,3,0,1,1
4,4,0,0,334,54,3,34,80,1040,0,0,0,2,2
6,4,0,0,121,79,2,37,68,1245,0,3,0,2,2
6,2,0,0,277,59,3,40,40,934,0,3,0,2,2
3,5,1,0,256,70,0,40,52,865,0,3,0,2,2
0,5,1,0,276,59,0,37,75,834,0,3,0,2,2
1,1,1,0,132,81,3,21,50,1470,0,3,1,2,2
4,2,0,0,319,61,1,25,72,731,1,3,0,0,0
2,5,1,0,240,63,3,33,50,1223,0,1,0,2,2
3,5,1,0,164,74,2,39,85,784,0,0,0,2,0
1,2,0,0,84,82,0,30,81,430,0,0,0,2,1
2,3,0,0,258,65,0,36,61,1149,0,3,0,2,2
1,3,0,0,287,63,2,33,44,1018,0,3,0,2,2
3,6,2,0,102,85,0,23,40,823,0,2,0,1,1
2,4,0,0,133,74,3,34,66,574,0,3,0,1,1
6,2,0,0,252,68,0,39,42,1674,0,3,0,2,2
0,7,1,0,245,70,1,21,49,1219,0,1,0,0,0
4,2,0,1,419,44,1,23,76,340,0,3,0,3,0
5,5,1,0,127,76,2,22,80,1282,0,1,1,0,0
1,0,2,1,681,18,2,31,88,484,0,3,0,3,3
2,4,0,0,154,71,3,37,56,321,0,3,0,1,1
5,5,1,1,464,44,1,39,52,698,0,3,1,3,3
2,1,1,1,488,40,1,28,55,404,1,3,1,3,3
1,3,0,1,548,32,1,21,82,775,0,3,1,3,3
2,7,1,0,244,67,2,40,42,1484,0,3,0,2,2
6,1,1,0,283,61,3,30,68,918,0,3,0,2,2
0,5,1,1,524,35,3,20,87,1573,1,3,0,3,3
4,2,0,0,130,79,2,34,44,1796,0,3,0,2,2
5,7,1,1,652,28,1,28,78,1677,0,3,1,3,3
0,4,0,0,167,77,0,38,61,376,0,3,0,2,1
3,1,1,0,254,62,3,20,69,768,0,3,0,2,2
5,5,1,0,315,56,1,24,68,813,1,3,0,0,0
0,1,1,0,289,57,2,36,66,980,0,3,0,0,2
3,2,0,0,159,72,2,22,63,567,0,3,0,2,2
1,4,0,1,399,51,0,22,81,317,0,3,0,0,3
4,1,1,0,193,72,1,23,48,1130,0,3,0,2,2
5,2,0,0,237,71,2,35,50,1542,0,3,0,2,2
0,7,1,0,295,64,2,22,88,1127,0,3,0,0,0
5,3,0,1,598,26,2,40,59,962,0,3,0,3,3
3,7,1,0,321,53,0,20,49,1615,0,3,0,2,2
2,5,1,0,295,63,3,26,58,581,1,3,0,2,2
0,3,0,0,260,63,0,37,68,1134,0,3,0,2,2
5,7,1,1,538,33,0,24,46,542,0,3,1,3,3
5,3,0,1,670,25,1,34,78,1357,0,3,0,3,3
0,1,1,0,329,59,0,29,64,929,0,2,0,0,0
0,2,0,0,231,69,2,29,77,1053,0,3,0,2,2
5,0,2,0,125,83,0,32,42,320,0,3,0,1,1
1,1,1,0,52,80,3,36,57,1688,0,3,0,1,1
1,5,1,0,219,72,1,23,64,798,0,3,0,2,2
4,7,1,0,202,65,1,31,68,1300,0,3,0,2,2
0,0,2,0,323,56,2,25,69,466,0,3,0,2,0
2,4,0,0,345,59,3,32,63,1050,0,3,0,2,2
0,2,0,0,190,66,3,31,90,1364,0,0,0,2,2
5,5,1,0,271,61,2,39,65,1527,1,3,1,0,0
3,6,2,0,254,63,3,20,62,437,0,3,0,1,2
0,0,2,0,212,71,0,21,82,1704,0,3,0,2,2
5,5,1,0,319,60,2,36,56,1655,0,3,0,0,0
1,2,0,0,277,59,1,40,87,1369,0,3,1,0,0
4,5,1,0,269,69,0,20,61,416,0,0,0,0,0
0,2,0,0,189,77,1,33,70,936,0,3,0,2,2
5,6,2,0,149,81,0,25,82,1671,0,3,0,1,1
3,0,2,1,378,58,2,26,48,1552,0,3,0,0,0
4,3,0,0,123,75,1,21,49,1588,0,3,0,2,2
6,2,0,0,341,51,0,40,44,777,0,3,0,2,2
0,6,2,0,117,77,2,28,53,606,0,3,0,1,1
3,0,2,1,452,47,0,32,74,1592,1,3,0,0,3
1,1,1,1,518,43,3,27,90,1731,0,3,0,3,3
0,3,0,1,525,35,3,33,44,1131,0,3,0,3,3
3,3,0,0,333,57,0,38,52,1357,1,3,0,2,2
1,5,1,0,187,73,3,30,89,559,0,3,0,2,2
3,4,0,0,87,87,0,20,67,585,0,3,0,1,1
2,7,1,0,291,60,1,25,59,1680,0,3,0,2,0
3,0,2,0,296,64,2,29,62,596,0,2,0,0,2
6,2,0,1,599,33,3,40,62,694,1,3,0,3,3
4,2,0,1,533,36,0,38,83,1727,0,3,0,3,3
3,1,1,0,193,70,1,35,91,1160,0,3,0,2,2
2,2,0,1,351,54,0,34,74,1086,0,0,0,0,3
6,4,0,0,329,57,2,32,86,1219,0,3,0,2,0
4,6,2,0,201,68,2,21,89,1343,0,3,0,2,2
3,5,1,0,213,66,0,28,53,854,0,3,0,2,2
4,5,1,0,258,69,1,30,85,1304,0,3,0,2,2
2,3,0,0,64,83,2,40,81,756,0,3,0,1,1
3,5,1,1,560,33,1,31,90,647,0,3,0,3,3
6,6,2,1,548,40,3,37,43,1498,0,3,0,0,0
0,3,0,0,330,59,2,29,71,1767,0,3,0,2,2
6,2,0,1,652,20,0,24,74,1647,1,3,0,3,3
0,1,1,0,241,70,0,33,85,1090,0,1,0,2,2
1,3,0,1,556,39,0,21,56,305,0,3,0,3,3
2,6,2,1,472,46,3,36,49,1703,0,3,0,0,0
1,0,2,1,392,55,1,27,51,1636,0,0,0,3,0
2,5,1,1,470,40,0,33,70,584,0,3,0,3,3
3,4,0,1,486,39,2,37,57,1325,0,3,0,3,3
4,6,2,0,184,73,1,35,92,1369,0,3,0,2,2
1,6,2,0,77,81,3,29,75,1020,0,3,0,1,1
5,5,1,1,656,21,3,32,71,1105,0,3,0,3,3
5,5,1,0,56,90,0,35,78,631,0,3,1,2,2
2,0,2,1,526,38,0,39,54,1591,0,3,0,3,0
0,3,0,0,301,65,1,25,44,1293,0,3,0,2,2
6,5,1,0,333,57,0,37,70,1775,0,3,0,2,2
3,3,0,1,588,36,2,37,91,1402,1,3,0,3,3
3,3,0,0,223,71,3,28,53,1393,0,3,0,2,2
1,2,0,0,290,62,0,35,71,334,0,3,0,2,2
5,7,1,0,56,85,3,24,95,1532,0,3,1,2,2
4,3,0,0,260,60,0,22,60,1438,0,2,0,2,2
1,2,0,0,60,85,3,39,69,1485,1,2,0,2,1
2,6,2,0,292,58,2,23,48,1670,0,3,0,2,2
2,7,1,0,99,82,1,29,90,1665,0,3,0,2,2
4,7,1,1,455,47,1,28,70,1130,0,3,0,3,3
6,0,2,0,151,73,1,39,44,929,0,1,1,0,0
1,4,0,0,333,54,0,23,46,529,1,3,1,0,0
0,0,2,0,276,59,1,25,91,1533,0,3,0,2,2
0,1,1,1,468,48,0,26,46,1168,1,3,0,3,3
4,5,1,0,160,77,0,35,74,1654,0,3,0,2,2
3,3,0,0,199,72,1,22,59,1604,0,3,0,2,2
5,0,2,0,179,68,1,36,73,1608,0,3,0,2,1
5,6,2,0,51,80,1,30,93,384,1,3,0,1,1
2,0,2,0,55,80,3,30,54,1727,0,3,0,1,1
0,0,2,1,369,54,2,34,64,1210,0,3,0,0,0
5,7,1,0,308,63,0,30,89,1051,0,3,0,2,2
1,1,1,0,278,67,1,33,89,1319,0,3,0,2,0
6,7,1,0,338,58,1,29,76,775,0,3,0,0,0
0,0,2,0,283,66,0,35,78,1239,0,3,0,2,2
0,3,0,0,342,57,0,27,63,691,0,3,0,2,2
5,1,1,0,169,69,3,40,47,471,0,3,0,2,2
3,5,1,0,229,63,3,35,93,1693,1,3,0,2,2
2,7,1,0,340,55,1,35,76,1508,0,3,0,0,0
2,1,1,1,476,46,2,36,71,1234,0,3,0,3,3
0,6,2,0,308,60,0,27,57,563,1,3,0,2,2
6,5,1,0,289,62,0,30,58,553,1,3,0,2,0
0,5,1,0,271,65,0,36,73,900,0,3,0,2,0
1,1,1,0,180,70,2,36,95,1636,0,3,0,2,2
6,4,0,1,480,37,1,39,45,1073,0,3,0,3,3
0,4,0,0,234,67,0,25,73,1149,0,3,0,2,2
1,7,1,0,165,77,1,39,83,779,0,3,0,2,2
1,1,1,0,229,66,0,37,53,400,0,3,0,2,2
4,2,0,1,476,48,2,37,68,1233,0,3,0,3,3
6,6,2,0,208,69,0,39,43,1667,0,0,0,2,2
2,1,1,0,281,64,2,22,86,769,0,3,0,2,0
3,2,0,0,116,83,1,27,73,1667,0,3,0,2,1
6,2,0,1,458,50,2,36,95,478,1,3,0,3,3
1,4,0,1,677,21,0,33,75,1262,1,3,0,3,3
0,6,2,1,606,25,1,25,46,1513,0,3,0,3,3
2,7,1,0,225,64,3,22,82,1146,1,3,0,2,2
1,0,2,0,231,66,1,29,56,1672,0,3,0,2,2
0,1,1,0,310,58,2,24,84,941,0,3,0,0,0
4,5,1,0,319,54,0,21,90,1409,1,3,0,0,0
3,2,0,0,129,75,2,31,67,750,0,2,0,2,2
0,1,1,0,283,60,0,32,44,1746,0,2,1,0,3
1,5,1,0,232,65,3,40,48,817,0,3,0,2,2
2,4,0,0,335,60,0,37,65,1033,0,3,0,2,0
5,2,0,1,631,22,3,40,81,567,0,3,1,3,3
0,3,0,0,135,74,0,30,46,1610,0,0,0,2,1
3,1,1,1,666,26,0,29,58,1643,1,3,0,3,3
4,4,0,0,267,62,0,21,40,324,0,3,0,2,2
6,4,0,1,359,52,1,21,89,969,1,1,0,3,3
4,0,2,0,144,78,3,31,64,1229,0,3,0,1,1
4,7,1,0,324,61,0,23,61,967,0,3,0,2,0
6,0,2,0,333,52,3,37,80,1447,0,1,0,2,2
1,7,1,0,199,69,0,37,91,840,0,3,0,2,2
6,2,0,0,131,79,0,25,81,1581,0,3,0,1,1
2,6,2,1,677,22,2,40,95,889,1,3,0,3,3
1,6,2,0,56,84,3,35,56,1030,0,3,0,1,1
0,5,1,0,140,71,1,36,67,1101,0,3,0,2,2
0,1,1,0,102,79,0,29,74,821,0,0,0,2,2
3,2,0,0,140,79,1,22,78,662,0,3,0,2,2
6,1,1,1,631,32,1,21,73,306,0,0,0,3,3
1,4,0,1,459,48,0,39,75,1609,0,3,0,3,0
5,3,0,0,225,63,3,36,61,840,0,2,0,2,2
3,3,0,0,249,65,0,25,47,1375,0,3,0,2,2
5,6,2,0,217,65,0,39,42,1189,0,3,0,2,1
2,0,2,1,564,30,3,38,48,1145,0,1,0,3,3
0,6,2,1,643,23,2,33,54,1635,0,1,0,3,3
0,1,1,0,103,79,2,39,83,1463,0,3,0,2,2
4,1,1,1,560,35,3,26,43,603,0,3,0,3,3
4,6,2,0,229,73,1,36,89,1421,0,3,0,2,2
2,3,0,0,273,63,2,23,40,1799,0,3,0,2,2
0,5,1,0,331,62,1,39,91,961,0,3,0,0,0
6,3,0,0,57,86,2,34,62,1346,0,3,0,1,2
0,0,2,1,453,46,3,22,74,316,0,3,0,0,0
3,6,2,0,101,85,1,23,43,1120,0,1,0,2,2
6,1,1,0,123,75,1,31,65,996,0,1,0,2,2
1,5,1,0,87,87,3,23,90,758,0,3,0,1,1
6,1,1,0,225,68,2,26,45,1469,0,3,0,2,2
3,3,0,0,350,58,2,31,73,1216,0,3,0,0,2
6,3,0,1,643,23,2,27,51,374,1,3,0,3,3
1,6,2,1,548,36,1,25,68,1266,0,3,0,3,3
1,0,2,0,91,86,3,24,87,1199,1,3,0,1,1
1,1,1,1,590,28,2,37,70,478,0,3,0,3,3
2,7,1,0,175,73,0,40,55,1704,0,0,0,2,2
2,4,0,0,145,72,3,37,89,753,1,3,0,1,1
6,2,0,0,122,77,1,31,80,598,0,3,0,2,2
2,1,1,0,276,68,3,31,70,732,0,3,0,2,2
5,6,2,0,346,56,3,32,94,1421,0,3,0,2,2
5,7,1,1,616,28,2,22,40,431,0,3,0,3,3
0,5,1,1,638,31,2,28,69,1542,1,3,0,3,3
3,7,1,0,310,64,0,33,42,1468,1,3,0,0,2
2,5,1,0,279,67,2,39,52,478,0,1,0,0,0
0,5,1,0,271,66,2,20,60,1334,0,3,0,2,0
3,7,1,0,344,56,2,36,70,857,0,3,0,0,0
1,7,1,1,487,40,0,30,91,781,0,3,0,3,3
2,3,0,0,260,67,0,36,93,302,0,2,0,2,2
3,3,0,0,202,65,0,25,76,1006,0,3,1,2,0
2,3,0,0,241,70,3,21,56,752,0,3,0,2,2
1,4,0,0,210,69,2,25,84,1398,0,3,1,0,0
3,1,1,0,107,82,2,31,53,1414,0,1,0,2,2
5,6,2,0,75,87,0,20,63,326,0,3,0,1,1
6,2,0,0,185,70,2,23,53,1364,1,3,0,2,2
6,0,2,0,312,59,0,24,57,1085,0,3,0,2,2
3,6,2,0,300,62,1,30,86,1270,0,3,0,2,2
3,7,1,0,120,76,2,22,70,994,0,3,0,2,2
6,5,1,0,83,82,0,28,94,824,1,3,0,2,1
1,1,1,0,53,80,3,21,46,390,0,3,0,1,1
0,2,0,0,101,85,0,20,92,953,0,3,1,2,2
4,5,1,0,87,87,1,23,53,1648,0,3,0,2,2
5,2,0,0,63,87,3,31,73,1035,0,3,0,1,1
2,7,1,0,264,69,0,21,48,799,0,3,0,2,2
6,1,1,0,333,56,3,40,71,1219,0,2,0,0,2
5,7,1,1,535,33,2,29,67,928,0,3,0,3,3
6,4,0,0,56,80,3,34,59,1130,0,3,0,1,1
0,6,2,0,234,72,3,37,73,552,0,3,1,2,2
5,4,0,1,464,40,3,38,57,1170,0,3,0,0,0
1,5,1,1,508,38,3,27,77,670,0,3,0,3,3
6,6,2,0,238,68,2,27,76,1089,0,3,0,2,2
0,0,2,1,612,24,1,29,84,318,0,3,0,3,3
1,3,0,0,264,65,1,33,66,1158,0,3,0,2,2
4,0,2,0,236,70,1,35,79,376,1,3,1,0,2
3,2,0,0,337,61,3,33,52,1369,0,1,0,2,0
4,6,2,0,279,64,2,33,63,1037,0,3,0,2,2
4,3,0,0,178,76,3,32,85,1218,0,3,0,1,2
4,5,1,1,480,39,2,32,95,1564,0,3,0,3,3
0,0,2,0,209,74,3,39,52,866,0,3,0,1,1
0,0,2,1,695,26,0,33,84,1286,0,0,0,3,3
6,5,1,0,240,71,1,21,63,682,0,3,0,2,2
1,4,0,0,68,87,0,25,95,1159,0,2,0,2,2
5,3,0,0,122,74,1,38,86,1296,0,3,0,2,2
0,3,0,1,558,34,1,30,90,766,0,3,0,3,3
6,3,0,0,276,65,0,33,68,716,1,1,0,0,2
4,0,2,0,143,79,3,21,81,767,0,3,0,1,1
6,0,2,0,224,70,2,35,64,718,0,3,0,2,2
3,3,0,0,304,64,3,29,92,1698,0,3,1,0,2
2,4,0,1,609,31,0,23,72,473,0,0,0,3,3
0,1,1,0,94,78,0,21,49,1526,0,3,0,1,2
5,0,2,0,284,60,1,35,84,603,0,1,0,2,2
4,5,1,0,186,74,0,38,69,424,1,3,0,2,2
4,1,1,0,130,82,3,24,75,1618,0,3,0,1,1
4,4,0,0,210,70,3,33,78,1183,0,3,0,2,1
5,6,2,0,172,71,1,39,84,1157,0,3,0,2,2
2,3,0,0,327,58,0,40,80,1154,0,3,0,2,2
6,4,0,0,131,77,0,24,75,1684,0,3,0,1,2
3,5,1,0,127,81,0,26,64,1276,0,2,0,2,2
0,4,0,0,83,81,0,22,64,562,0,1,0,2,1
5,2,0,0,194,68,2,32,87,1577,1,0,0,0,2
0,7,1,0,229,67,1,22,87,379,0,3,0,2,2
2,1,1,0,161,75,3,30,69,1727,0,3,0,2,2
1,0,2,0,53,82,0,23,83,1161,0,3,0,1,1
0,0,2,0,127,76,0,25,55,836,1,3,0,1,1
2,2,0,0,334,53,1,28,85,439,0,3,0,2,2
1,6,2,0,340,51,3,36,93,967,1,1,0,2,2
6,7,1,0,186,77,3,22,72,372,0,3,0,2,2
0,4,0,0,142,78,0,33,63,1214,0,3,0,1,2
5,5,1,0,151,80,2,25,81,1643,0,2,0,2,2
2,2,0,0,139,82,2,24,60,880,0,3,0,2,2
5,3,0,0,344,54,0,37,70,1404,0,0,0,0,0
5,2,0,0,57,90,3,24,92,841,0,3,0,1,1
5,5,1,0,200,70,3,28,85,697,1,3,0,2,2
3,1,1,1,468,47,2,21,67,381,0,1,0,3,3
3,5,1,0,198,76,1,24,61,566,0,3,0,2,2
2,3,0,0,197,71,0,36,58,450,0,3,0,2,2
0,1,1,1,528,43,2,37,49,1500,0,3,0,3,3
3,4,0,1,689,21,0,25,82,833,0,1,1,3,3
2,0,2,0,233,70,2,25,88,672,1,3,0,2,2
5,6,2,0,222,69,1,24,71,1208,0,3,0,2,1
4,7,1,0,255,66,0,22,51,421,0,3,0,2,2
3,3,0,1,647,23,0,24,62,708,0,3,0,3,3
0,1,1,0,73,80,3,36,62,493,0,3,0,1,1
2,0,2,0,258,65,0,32,88,634,0,3,0,2,1
3,6,2,0,207,70,1,28,93,1793,0,1,0,2,2
0,6,2,0,335,61,1,35,48,1624,0,3,0,2,2
6,7,1,0,61,82,0,27,53,1127,0,3,0,1,1
2,2,0,0,157,71,3,35,82,905,0,3,1,2,2
6,0,2,0,178,78,0,31,66,526,0,3,0,1,1
1,3,0,1,635,29,1,21,58,662,0,3,0,3,3
2,1,1,0,138,81,0,22,44,1344,0,3,0,2,1
3,6,2,0,253,64,1,34,70,590,0,0,0,2,0
4,4,0,0,226,71,0,40,48,1073,1,3,0,2,2
3,0,2,0,339,58,0,35,72,1094,1,2,0,0,0
3,3,0,0,118,84,1,37,71,1404,0,0,0,2,2
5,4,0,0,313,58,0,37,47,374,0,3,0,2,2
0,3,0,1,421,50,1,20,44,994,1,3,0,3,3
6,4,0,1,599,35,0,30,54,1452,0,3,1,3,3
0,7,1,0,300,62,3,25,59,854,1,3,0,2,2
4,7,1,1,511,37,1,21,76,1773,0,2,0,3,3
6,0,2,0,349,54,0,33,87,1516,0,1,0,2,0
3,5,1,1,535,38,1,29,43,1199,0,3,0,3,3
4,3,0,0,172,68,0,29,77,816,0,3,0,2,2
2,4,0,0,326,56,2,21,88,537,0,3,0,2,0
4,6,2,0,269,63,0,30,58,1550,0,3,0,2,2
2,7,1,1,670,26,2,26,49,1236,0,3,0,3,3
6,0,2,0,179,74,3,33,87,498,0,3,0,1,1
4,4,0,1,522,39,0,37,72,606,0,3,0,3,3
5,1,1,0,188,67,3,24,50,1209,0,3,0,2,2
5,3,0,1,674,19,1,35,63,321,0,3,0,3,3
2,5,1,0,274,58,2,40,80,547,0,3,0,2,2
4,1,1,0,308,60,1,35,94,582,1,0,0,0,0
1,0,2,1,554,35,1,29,69,1572,0,2,0,3,3
6,3,0,0,305,61,3,40,94,340,0,3,0,2,2
5,6,2,1,385,47,3,32,43,1056,0,3,0,0,2
1,6,2,0,336,61,2,36,55,1039,0,3,1,0,0
3,6,2,0,314,59,1,40,93,1077,0,3,0,2,2
3,1,1,0,206,69,0,38,65,1182,0,3,0,2,2
3,4,0,1,521,43,0,21,83,993,1,3,1,3,3
4,7,1,1,566,35,1,40,60,1304,0,3,0,3,3
1,2,0,0,206,74,3,26,90,386,0,3,0,2,2
3,2,0,0,173,73,3,27,90,800,0,3,0,1,1
0,4,0,0,142,78,0,32,91,885,1,3,0,2,2
2,0,2,0,85,87,3,26,68,1552,0,0,0,1,1
0,5,1,0,339,59,3,39,74,1374,0,3,0,2,2
4,3,0,0,76,78,2,30,47,663,0,3,0,1,1
0,6,2,0,149,74,1,32,43,1066,0,3,0,1,1
2,7,1,0,127,78,2,33,74,790,0,3,0,2,2
6,0,2,1,550,32,1,25,43,1132,0,3,0,3,3
5,6,2,0,80,84,0,33,52,1668,0,3,0,1,1
0,3,0,1,425,49,3,34,50,361,0,3,0,0,0
1,6,2,0,74,86,1,28,52,611,0,3,0,1,1
3,1,1,0,263,69,0,31,46,425,0,3,0,2,2
5,5,1,0,132,76,0,22,77,1037,0,3,0,2,2
1,3,0,0,144,73,0,28,56,1689,1,0,0,2,2
6,5,1,0,129,80,2,38,88,1444,0,3,0,2,2
2,2,0,0,141,79,2,31,77,1742,0,3,0,2,2
3,3,0,0,303,61,1,34,44,1350,0,3,0,2,2
3,7,1,0,219,74,0,39,93,882,0,3,0,2,2
5,4,0,0,114,74,2,36,79,1396,0,3,0,2,1
4,5,1,1,477,45,2,34,62,341,0,3,0,3,3
3,1,1,0,333,55,0,39,93,1367,0,3,1,0,0
6,1,1,0,133,78,1,23,66,1171,0,3,0,2,1
1,5,1,0,253,65,1,38,82,1700,1,3,0,2,0
5,6,2,0,320,57,1,27,72,536,0,3,0,2,2
4,2,0,1,649,21,0,20,71,506,0,3,0,3,3
2,1,1,0,239,72,0,29,65,1589,0,3,0,2,2
4,7,1,0,309,59,2,22,83,1691,0,3,0,0,2
3,4,0,0,192,66,2,28,65,699,0,3,0,2,2
4,3,0,0,268,60,0,36,71,745,0,3,0,2,2
1,2,0,0,102,83,0,30,55,1012,0,3,0,1,2
4,3,0,1,688,24,1,22,78,814,0,3,0,3,3
6,0,2,0,239,62,2,25,82,1461,0,3,0,2,2
6,1,1,0,303,65,0,22,53,427,0,3,1,0,0
6,0,2,1,510,40,0,38,89,382,1,3,0,3,3
0,2,0,0,235,65,1,32,83,761,0,3,0,2,2
2,3,0,0,156,80,2,35,52,540,1,3,0,2,2
2,6,2,0,279,66,2,22,77,1597,0,0,0,2,0
1,5,1,0,211,67,2,36,71,904,0,3,0,2,2
3,2,0,0,151,77,1,31,78,1794,0,3,0,2,2
0,6,2,0,320,62,1,36,76,1521,0,3,0,2,2
3,2,0,0,218,69,2,33,80,994,0,3,0,2,2
3,1,1,1,434,49,3,25,78,1743,0,3,0,0,0
5,1,1,0,65,80,1,27,89,819,0,3,0,2,2
6,6,2,0,290,58,3,35,54,591,0,3,1,2,2
4,1,1,0,226,68,0,38,75,679,0,3,0,2,2
3,2,0,0,202,65,3,28,61,358,0,3,0,1,1
1,4,0,1,650,29,1,21,61,999,0,3,0,3,3
2,5,1,0,346,54,1,27,84,1779,0,3,0,0,0
1,1,1,0,233,63,0,23,51,391,0,3,0,2,2
2,5,1,0,155,79,2,20,80,387,0,3,0,2,2
2,5,1,0,163,78,2,29,69,1098,0,2,0,2,2
3,7,1,0,190,75,0,34,70,895,0,3,0,2,2
0,7,1,0,140,80,0,32,80,1730,0,3,0,2,1
2,1,1,0,268,59,1,24,95,794,0,3,0,2,2
3,6,2,0,265,69,2,20,49,1500,0,3,1,0,0
4,4,0,0,333,55,3,27,64,1184,0,3,0,2,2
1,4,0,0,337,54,2,39,88,1726,0,3,0,0,0
1,7,1,0,348,51,1,26,40,1495,0,3,0,0,0
2,3,0,0,160,75,1,24,56,850,0,0,0,2,2
5,2,0,1,570,30,2,32,51,1741,0,3,0,3,3
6,2,0,0,320,63,0,25,56,312,0,3,0,2,2
2,3,0,0,291,65,1,33,70,530,0,3,0,2,2
3,5,1,0,271,59,0,29,51,1614,0,3,0,2,2
1,1,1,0,269,60,3,21,90,710,0,3,0,2,2
0,0,2,0,267,62,2,35,59,1353,0,3,0,2,2
5,7,1,1,418,52,3,37,80,954,1,3,0,3,3
3,7,1,0,72,87,2,33,81,1195,0,3,0,2,1
2,7,1,0,63,80,0,25,40,1651,0,3,0,1,1
6,1,1,0,252,63,3,34,87,1691,0,3,0,2,2
6,1,1,1,596,33,3,23,84,1206,0,3,0,3,3
1,6,2,1,537,35,3,28,92,1208,0,3,0,0,0
6,6,2,0,103,76,1,36,89,338,0,3,1,2,2
1,1,1,0,282,64,2,20,76,429,0,2,0,0,0
1,0,2,1,556,35,1,30,94,783,0,3,0,3,3
2,0,2,0,109,76,2,31,95,1339,0,1,0,2,2
6,1,1,0,346,53,2,36,80,1370,0,0,0,0,0
0,2,0,0,147,81,1,24,53,493,0,3,0,2,1
1,5,1,0,173,78,2,37,50,1527,0,3,1,0,0
3,0,2,1,575,29,0,25,64,900,0,3,0,3,3
2,0,2,0,337,53,3,37,45,1168,0,3,0,2,2
2,1,1,0,244,69,3,26,94,1775,0,3,0,2,2
5,4,0,1,442,44,2,28,66,1576,0,3,0,3,3
1,3,0,0,251,67,1,37,64,484,0,3,1,0,0
6,7,1,0,267,66,3,38,49,1297,0,3,0,2,2
0,2,0,1,356,50,2,27,89,838,0,3,0,0,0
4,2,0,0,249,70,0,29,69,646,0,2,0,2,0
6,5,1,0,287,66,1,25,48,1333,0,3,0,2,2
3,7,1,1,451,41,2,33,44,641,1,3,0,3,3
3,0,2,0,272,68,0,33,65,1401,0,1,0,2,2
6,0,2,0,131,75,1,32,88,423,0,3,0,1,1
2,3,0,0,298,60,1,35,93,635,0,3,0,2,0
1,3,0,0,125,75,0,38,80,500,0,3,0,1,1
4,4,0,0,176,72,0,30,45,385,0,2,0,2,2
4,5,1,1,506,40,2,22,66,979,0,3,0,3,3
5,7,1,1,684,19,3,27,82,1711,0,3,0,3,3
5,1,1,0,94,76,1,31,68,723,0,3,1,2,2
4,1,1,0,275,61,2,38,87,948,0,1,0,0,0
2,5,1,0,114,76,0,39,74,1285,0,1,0,2,2
3,7,1,0,329,63,0,24,86,1560,0,0,0,0,0
4,2,0,0,265,64,2,32,71,1721,1,1,0,0,0
6,0,2,0,114,79,0,30,54,1009,0,3,0,1,1
2,3,0,0,268,64,1,38,89,816,0,3,0,2,2
3,4,0,0,324,53,0,37,75,392,0,3,0,2,2
1,5,1,1,662,24,0,24,81,962,0,3,0,3,3
1,7,1,1,666,25,1,22,95,1461,0,3,0,3,3
3,3,0,0,289,61,2,27,66,1276,0,3,0,2,2
3,4,0,1,446,51,0,40,93,1109,0,3,0,0,3
2,3,0,0,236,64,2,30,81,311,1,3,1,0,0
4,5,1,0,309,58,2,37,79,1483,1,3,0,0,0
3,3,0,0,151,79,0,33,89,1610,0,3,0,1,2
2,5,1,0,206,70,1,24,52,1575,0,3,0,2,2
2,1,1,0,296,66,1,29,46,525,1,3,0,0,0
5,4,0,0,128,74,3,35,90,498,1,3,0,1,1
4,3,0,0,246,65,1,36,46,1516,0,3,0,2,2
1,1,1,0,258,60,0,22,81,503,0,3,0,2,2
4,6,2,0,188,69,2,25,62,889,1,3,0,2,2
1,0,2,1,366,58,2,30,74,1352,0,3,0,0,0
1,1,1,0,131,82,3,31,85,1046,0,3,0,1,1
0,0,2,0,238,72,0,35,70,311,0,3,0,2,1
2,0,2,1,448,46,3,33,69,323,0,3,0,0,0
2,4,0,0,288,57,2,38,47,1642,0,0,0,0,0
4,4,0,0,138,73,2,21,80,1369,0,3,0,2,2
4,1,1,0,128,79,3,24,55,1668,0,3,0,1,1
2,1,1,0,271,60,3,25,95,1189,0,3,1,0,2
5,0,2,0,55,86,0,31,65,1446,0,3,0,1,1
0,0,2,1,633,22,0,37,75,773,0,0,0,3,3
5,6,2,0,171,72,1,21,47,1035,1,0,0,2,2
1,0,2,0,186,72,3,28,64,1433,1,3,0,1,1
2,3,0,0,346,59,0,38,89,1694,0,3,0,2,2
1,7,1,0,50,82,1,22,49,1200,0,0,0,2,2
1,6,2,0,193,67,0,40,79,1581,0,3,0,1,1
2,6,2,0,253,70,2,25,57,357,0,3,0,2,2
1,7,1,0,85,85,1,35,94,1140,0,0,0,2,2
5,0,2,0,339,60,0,22,69,848,1,3,0,2,0
5,4,0,0,297,62,2,28,45,1708,1,3,0,0,2
4,5,1,0,259,64,3,23,49,1338,0,1,0,2,0
1,5,1,0,165,76,3,25,88,367,0,3,0,2,1
3,4,0,0,329,60,0,37,50,319,0,3,0,2,2
1,6,2,0,104,75,1,26,80,1621,0,3,0,1,1
2,7,1,0,348,59,1,40,59,822,0,3,0,0,2
5,4,0,0,181,69,1,36,44,567,0,3,0,2,2
5,3,0,0,275,65,1,30,93,765,0,3,1,0,0
3,3,0,0,179,76,1,40,51,591,0,1,0,2,2
5,1,1,0,73,88,2,34,58,1648,0,3,0,2,2
5,5,1,0,119,84,3,31,57,1231,0,3,0,1,1
2,4,0,0,142,71,1,26,47,1763,1,3,0,2,2
0,4,0,0,239,64,3,27,42,530,0,3,0,2,1
0,2,0,0,159,77,2,22,44,1701,0,1,0,2,0
4,2,0,0,145,73,1,28,47,419,0,3,0,2,1
2,3,0,0,80,84,0,37,68,835,0,3,0,1,1
2,1,1,1,361,57,2,32,62,1220,0,3,0,3,3
6,1,1,0,336,52,0,28,55,373,0,3,0,2,2
0,1,1,0,252,62,1,27,86,1792,0,2,0,0,2
5,0,2,0,345,53,0,40,72,545,0,3,0,2,2
4,3,0,1,626,31,0,39,90,1633,0,3,0,3,3
3,0,2,0,288,59,2,26,73,1204,0,3,0,2,2
4,6,2,0,253,66,2,28,65,954,0,3,0,2,2
3,5,1,0,136,80,1,32,42,1678,0,1,0,2,0
3,5,1,0,252,66,1,33,52,482,0,3,0,2,2
6,2,0,1,533,40,2,39,69,325,1,3,0,3,3
3,2,0,1,425,44,0,37,58,1293,0,3,0,0,0
3,7,1,0,290,61,1,20,75,480,0,3,0,2,0
5,0,2,1,666,27,1,23,58,1203,1,1,0,3,3
2,7,1,0,136,80,3,20,83,877,0,3,1,2,2
1,7,1,1,541,41,3,20,67,1653,0,3,0,3,3
4,1,1,0,56,80,3,24,53,993,0,3,0,1,1
0,6,2,0,312,62,0,26,60,1238,0,3,0,2,2
3,0,2,1,592,36,0,30,92,1071,0,3,0,3,3
0,3,0,1,543,36,2,20,41,1152,0,0,0,3,3
1,7,1,1,385,57,1,26,64,1414,0,0,0,3,3
6,7,1,0,54,89,0,36,44,864,0,3,0,1,2
2,3,0,0,219,72,1,30,48,709,0,1,0,2,2
3,1,1,0,207,69,3,31,53,1086,0,1,0,2,2
6,5,1,1,604,25,3,38,95,1403,0,3,0,3,3
1,3,0,1,386,48,2,29,45,1567,0,3,0,3,3
6,2,0,0,134,74,3,22,56,1486,1,3,0,1,1
1,6,2,0,178,70,2,36,48,1318,0,3,0,2,2
2,5,1,0,54,80,0,28,95,472,0,3,0,1,2
0,3,0,0,50,83,3,24,51,399,0,3,0,1,1
6,4,0,0,142,76,3,24,50,1479,0,3,0,1,2
5,0,2,0,174,74,1,21,84,396,0,3,0,2,2
3,5,1,0,280,59,2,40,49,1272,0,3,0,2,2
5,3,0,0,102,85,0,26,66,1381,0,3,0,1,1
5,6,2,0,348,53,0,25,83,1252,0,2,0,2,0
2,7,1,0,132,79,3,25,72,1324,0,3,0,1,1
3,3,0,0,267,68,0,22,42,750,0,3,0,2,2
5,1,1,0,242,62,0,24,48,738,0,3,0,2,2
5,2,0,0,348,55,3,32,53,1506,0,3,0,2,2
2,4,0,0,98,81,1,39,46,1053,0,3,0,1,1
0,6,2,0,287,66,1,31,83,1586,0,3,0,2,2
6,6,2,0,120,74,2,20,72,638,0,3,0,1,1
6,4,0,0,233,66,2,38,64,1638,0,3,0,2,2
5,2,0,0,335,53,3,29,73,337,0,0,0,2,2
0,3,0,0,195,72,2,34,85,413,0,3,0,2,2
2,6,2,0,224,72,3,27,68,433,0,3,0,1,1
2,3,0,0,170,74,1,26,60,1559,0,3,0,2,1
6,2,0,0,219,72,1,28,44,473,0,3,0,2,2
4,3,0,0,262,59,2,28,53,1411,0,3,0,2,2
1,4,0,0,282,57,1,21,87,799,0,3,0,2,2
2,3,0,1,537,33,0,28,66,1698,1,3,0,3,3
6,7,1,0,85,78,1,21,69,934,0,3,0,2,1
3,6,2,0,116,81,3,36,80,1013,0,1,0,1,2
5,0,2,0,327,55,1,37,60,756,1,3,0,2,2
1,6,2,0,316,60,3,32,94,1353,0,3,0,2,2
0,6,2,1,660,26,3,25,56,819,1,3,0,3,3
4,4,0,0,331,58,3,37,64,1250,1,1,0,0,0
0,6,2,1,481,40,2,34,73,306,1,3,0,3,3
4,1,1,1,379,52,0,21,71,1547,0,3,0,0,0
4,5,1,0,100,83,3,21,48,865,0,3,0,1,2
5,1,1,1,699,24,1,37,58,695,0,3,0,3,3
6,6,2,1,672,28,2,24,55,986,0,3,0,3,3
0,0,2,0,163,77,2,31,87,1665,0,1,0,2,2
4,7,1,0,221,67,2,30,49,762,0,0,0,0,0
5,0,2,0,117,77,0,37,73,538,1,2,0,2,2
5,2,0,0,180,71,3,34,49,411,0,3,0,1,1
5,1,1,0,227,65,2,38,75,1035,1,3,0,2,2
2,4,0,0,303,57,1,24,70,392,1,3,0,2,0
2,0,2,0,118,77,0,25,63,1034,0,3,0,1,2
2,7,1,0,202,75,3,28,62,1537,0,3,0,2,1
0,3,0,0,300,58,1,35,63,663,0,3,0,2,2
4,0,2,0,261,64,3,23,81,442,0,3,1,2,2
3,6,2,0,106,83,1,28,45,847,1,3,0,2,2
5,3,0,0,115,84,2,38,57,1746,0,3,1,2,2
0,0,2,0,61,81,1,39,74,1050,1,3,1,2,2
3,7,1,0,231,63,3,24,91,579,0,3,0,2,2
5,4,0,0,131,80,2,24,83,1497,0,3,0,2,1
0,4,0,0,326,55,1,33,60,589,0,0,0,0,0
1,0,2,0,298,56,0,20,83,1716,0,3,0,2,2
6,3,0,0,171,77,0,35,62,439,0,3,0,2,2
3,3,0,0,321,62,0,38,91,338,1,3,0,2,2
5,6,2,0,299,61,1,37,41,842,0,3,1,0,2
3,6,2,0,308,57,3,40,81,925,0,3,0,2,2
0,1,1,0,280,60,3,40,49,1231,1,3,0,2,2
0,0,2,1,375,48,1,35,40,301,0,0,0,3,0
5,4,0,1,507,41,3,27,57,493,0,3,0,3,0
3,1,1,1,537,42,1,30,60,418,0,3,0,3,3
6,6,2,0,261,67,3,32,61,479,0,3,0,2,2
3,4,0,0,350,57,0,40,45,841,1,0,0,0,0
3,1,1,0,112,80,3,38,76,353,0,3,0,1,1
0,2,0,1,581,35,3,33,83,1715,0,3,1,3,3
0,4,0,0,111,82,0,39,57,827,0,3,1,2,2
2,1,1,0,310,58,0,24,83,805,0,3,0,2,0
6,4,0,0,122,73,2,20,40,464,1,3,0,2,2
1,3,0,0,296,66,3,30,68,1407,0,0,0,2,2
6,3,0,0,218,73,0,33,50,910,0,3,0,2,2
5,4,0,0,110,77,3,27,67,1764,1,3,0,1,1
3,3,0,0,130,76,3,38,55,643,0,3,0,1,2
6,7,1,0,72,86,0,28,82,1219,0,3,0,1,1
6,0,2,0,179,76,3,25,55,588,0,0,0,2,1
3,3,0,0,206,74,1,32,80,353,1,3,0,2,2
3,7,1,0,192,68,1,40,69,1577,0,3,0,2,2
4,5,1,0,197,73,3,21,50,1154,0,3,0,2,2
0,1,1,0,248,65,3,33,79,1457,0,3,0,2,2
4,6,2,0,249,68,0,22,90,880,0,3,0,2,2
3,1,1,0,83,81,2,32,60,845,0,3,0,2,1
4,1,1,0,64,88,0,40,83,1131,0,1,1,2,0
1,7,1,0,69,81,0,27,65,1475,0,3,0,1,2
1,0,2,0,149,73,1,30,74,1408,0,3,0,1,1
1,1,1,0,65,79,0,27,72,1324,0,1,0,2,2
1,3,0,0,51,90,1,36,87,412,0,3,0,1,1
1,1,1,0,137,82,1,31,61,462,0,1,0,2,2
3,0,2,0,257,70,2,21,82,1642,0,2,0,2,2
2,6,2,0,153,72,1,22,82,626,1,3,0,2,2
5,2,0,0,192,66,2,38,91,1417,0,3,0,2,2
1,5,1,0,112,78,2,26,57,1570,0,3,0,2,2
5,4,0,0,138,79,2,21,72,864,0,3,0,2,1
0,5,1,0,106,77,0,26,43,1625,0,3,0,2,1
1,2,0,0,244,61,3,40,60,1708,0,1,0,2,2
0,2,0,0,302,59,3,35,51,907,0,3,0,2,2
4,7,1,1,576,38,1,23,95,470,0,3,0,3,3
0,4,0,0,52,87,3,25,58,595,0,3,1,2,2
4,6,2,1,495,37,2,39,92,1561,1,3,0,3,3
0,2,0,0,292,57,3,23,84,419,1,3,0,2,2
5,6,2,0,181,73,2,36,68,673,0,3,0,2,2
6,0,2,0,255,62,0,21,83,455,0,3,0,2,1
5,6,2,1,637,32,3,29,68,572,0,3,0,3,3
2,5,1,0,335,54,1,38,80,368,0,3,0,0,0
2,5,1,0,322,56,3,40,48,1334,0,3,0,2,2
1,3,0,0,181,70,0,33,61,1654,0,3,0,2,2
6,5,1,0,52,84,0,38,80,356,0,3,0,1,1
5,0,2,0,123,77,0,40,54,584,0,3,0,1,1
1,7,1,0,101,76,3,28,45,672,0,3,0,1,1
3,3,0,0,178,69,3,24,40,1078,0,3,0,1,1
3,6,2,1,420,44,1,30,86,759,0,3,0,0,3
2,2,0,0,152,75,0,30,46,1631,0,3,1,2,2
5,6,2,0,176,76,1,26,51,1242,0,3,0,2,2
1,6,2,0,138,74,3,22,82,1431,0,3,0,1,1
0,7,1,0,146,72,1,32,45,693,0,3,0,2,2
0,5,1,0,231,66,0,33,80,1311,0,3,0,2,2
2,0,2,0,153,72,1,32,89,992,0,3,0,1,1
4,4,0,0,346,55,3,39,43,531,0,3,0,2,2
2,5,1,0,166,79,2,32,58,1443,0,3,0,2,2
6,6,2,1,519,35,1,26,54,1316,0,0,0,3,3
0,3,0,0,179,75,1,35,48,816,0,3,0,2,2
0,0,2,0,163,77,0,36,59,666,0,3,0,1,1
4,1,1,1,489,43,2,31,76,1669,0,3,0,3,3
6,3,0,0,137,73,2,32,56,1013,0,3,1,2,0
6,6,2,1,522,36,1,35,73,492,0,3,0,3,3
4,2,0,0,88,85,3,31,51,1590,1,3,0,1,1
2,5,1,0,96,83,1,34,68,1230,0,3,0,2,1
6,7,1,0,204,65,2,36,83,1084,0,3,1,0,0
6,6,2,1,435,48,3,31,90,556,0,3,0,0,0
5,0,2,0,267,67,2,34,56,818,1,3,0,2,2
4,1,1,0,346,59,3,38,53,483,0,3,0,2,0
0,0,2,0,167,77,2,34,84,456,0,3,0,2,2
4,5,1,0,277,67,0,40,72,1243,0,3,0,2,2
5,0,2,0,91,80,2,32,64,923,0,3,0,1,1
4,6,2,1,556,38,1,22,50,1200,0,2,0,3,3
4,2,0,0,186,77,3,32,56,599,1,3,0,2,1
4,2,0,1,351,58,1,37,66,1603,0,3,0,0,3
4,3,0,0,240,69,1,33,61,1390,0,3,0,2,2
3,0,2,0,203,70,2,24,94,1272,0,3,0,2,1
2,3,0,0,312,55,1,37,52,1728,0,3,0,2,0
5,7,1,1,661,29,1,34,44,1689,0,3,0,3,3
2,5,1,1,511,34,3,38,47,986,1,0,0,3,3
6,0,2,0,188,72,2,40,67,1753,0,3,0,2,2
0,3,0,1,411,50,3,40,76,952,0,3,0,0,0
2,0,2,0,99,82,1,38,76,1242,1,3,0,1,1
6,2,0,1,554,40,1,32,43,1314,0,3,0,3,3
0,2,0,0,264,64,2,20,55,429,0,3,0,2,0
0,5,1,1,698,16,0,22,44,523,0,3,0,3,3
1,0,2,0,298,56,2,39,48,607,0,3,0,2,2
2,6,2,0,76,79,0,23,68,1550,0,3,0,1,1
3,5,1,0,333,61,2,20,86,893,0,3,0,0,0
1,4,0,1,442,46,1,21,61,552,0,3,0,3,3
3,3,0,1,386,56,2,36,95,1547,0,3,0,3,3
4,3,0,0,72,82,3,36,58,989,0,3,0,1,1
1,4,0,0,161,74,2,37,44,1068,1,3,0,2,2
5,3,0,0,255,68,0,20,80,1422,0,3,0,2,2
0,6,2,0,245,69,0,25,76,1210,1,3,0,2,2
5,1,1,0,174,72,0,31,92,1759,0,3,0,2,2
0,7,1,0,166,73,2,33,93,1532,0,3,1,0,0
5,2,0,0,281,57,3,32,93,447,0,3,0,2,2
1,7,1,0,137,77,3,34,84,1009,1,3,0,2,2
3,5,1,0,183,76,1,32,46,1201,0,3,0,2,2
6,3,0,0,116,82,1,22,95,1585,0,3,0,2,2
2,7,1,1,681,26,1,29,90,988,0,3,1,3,3
1,7,1,0,154,80,2,37,74,1196,0,3,0,2,2
2,5,1,0,270,63,0,35,53,1546,0,3,0,2,0
3,0,2,0,288,63,2,28,71,1436,0,3,0,2,2
0,5,1,0,277,58,1,29,81,589,0,3,0,2,2
4,4,0,0,164,70,2,23,74,419,0,3,0,2,2
6,2,0,0,128,82,2,34,61,1684,0,3,0,2,2
4,7,1,0,274,59,1,33,77,393,0,3,0,2,2
2,3,0,0,151,78,3,23,65,1165,0,1,0,2,2
3,3,0,0,278,68,1,21,72,356,0,3,0,2,2
3,4,0,1,444,47,1,22,80,755,0,3,0,3,0
4,1,1,1,698,19,0,29,46,1681,1,0,0,3,3
5,7,1,1,353,56,1,39,64,1321,0,3,0,0,3
4,6,2,0,104,82,3,39,47,1445,0,1,0,1,1
3,3,0,0,266,65,1,30,50,1669,0,3,0,2,2
4,5,1,0,166,71,1,34,59,1017,0,3,0,2,2
5,4,0,1,431,43,0,36,93,1622,0,3,0,0,0
2,4,0,0,127,74,1,35,77,1170,0,1,0,2,2
2,7,1,0,329,53,1,33,62,1289,0,3,0,0,2
2,1,1,1,646,29,1,40,83,1105,0,3,0,3,3
5,7,1,0,222,69,2,39,65,960,0,3,1,0,0
2,0,2,1,569,33,0,26,94,1082,0,3,0,3,3
1,2,0,0,247,66,3,26,75,902,0,3,0,2,1
3,5,1,0,285,57,0,21,41,1597,0,3,0,2,2
5,1,1,0,63,81,1,35,94,844,0,3,0,2,1
6,6,2,0,143,78,3,29,68,365,0,3,0,1,1
1,2,0,0,64,80,3,24,62,621,0,3,0,1,1
3,6,2,0,229,73,2,31,46,1377,0,3,0,2,2
6,4,0,0,230,72,2,40,68,1663,1,1,0,0,0
3,7,1,0,182,75,2,34,90,513,0,3,0,2,2
6,7,1,1,575,33,2,29,57,1224,0,3,0,3,3
4,0,2,0,106,79,0,33,83,510,0,3,0,1,1
3,0,2,1,377,56,2,22,54,1526,0,3,0,0,0
0,6,2,0,241,62,3,26,88,800,0,3,0,1,1
4,4,0,1,463,41,3,21,86,1097,0,1,0,3,0
4,1,1,1,402,46,2,28,53,645,1,3,0,3,3
3,3,0,0,202,71,0,26,93,803,0,3,0,2,2
4,4,0,0,207,65,2,38,83,1269,0,1,0,2,2
0,6,2,0,166,73,1,33,75,405,0,3,0,2,1
1,0,2,1,658,23,3,28,82,516,1,3,0,3,3
1,4,0,0,260,61,2,30,40,818,0,3,0,2,2
0,5,1,0,318,61,3,39,68,301,1,0,0,0,0
3,4,0,0,274,58,1,38,83,1343,0,0,0,0,0
5,3,0,0,154,73,3,35,83,435,0,3,0,1,1
1,1,1,0,240,68,0,38,71,1760,0,3,0,2,2
6,3,0,0,223,71,1,37,66,800,0,3,0,2,2
6,5,1,0,174,77,0,23,60,415,0,3,0,2,1
3,4,0,0,149,74,0,28,94,1649,1,3,0,2,1
2,5,1,0,158,78,0,32,58,828,0,3,0,2,2
3,7,1,1,499,36,0,23,90,480,0,3,1,3,3
5,1,1,1,447,50,3,24,64,444,0,3,0,0,3
1,1,1,0,66,83,1,30,71,334,0,3,0,2,2
1,4,0,1,490,40,2,33,50,688,0,3,0,3,3
5,5,1,1,459,45,3,37,42,1234,0,3,0,3,3
6,3,0,0,281,59,3,28,95,1743,1,3,0,2,2
0,2,0,0,295,56,2,33,91,369,0,3,0,2,2
2,2,0,1,562,37,1,40,82,1014,0,3,0,3,3
3,4,0,0,256,63,2,21,74,1780,1,3,0,2,2
0,0,2,0,317,56,1,26,59,699,0,3,0,2,2
4,6,2,0,311,63,2,25,51,1061,1,3,0,2,0
5,0,2,0,211,64,1,34,65,874,0,3,0,2,2
4,4,0,0,105,77,3,37,65,1387,1,3,0,1,2
6,5,1,0,122,81,3,22,48,1158,0,3,0,1,1
1,2,0,0,123,76,0,20,66,482,0,0,1,2,2
1,0,2,0,258,63,3,28,87,446,0,3,0,2,1
0,1,1,0,349,58,1,35,52,943,0,3,1,0,0
6,3,0,1,681,23,3,26,85,1440,0,3,0,3,3
6,0,2,0,261,67,0,31,51,807,0,3,0,2,2
1,0,2,0,329,54,3,34,58,941,0,3,0,2,2
2,1,1,0,195,75,3,24,70,647,0,3,0,2,2
5,3,0,1,369,55,3,35,69,1037,1,3,0,0,0
0,0,2,0,230,62,2,31,51,619,0,3,0,2,2
3,7,1,0,292,57,1,21,41,1576,0,3,0,2,2
5,0,2,1,633,25,3,39,89,1382,1,0,0,3,3
1,1,1,0,104,76,1,26,62,351,0,3,0,2,1
0,1,1,0,157,79,3,26,90,995,0,1,0,2,2
3,5,1,1,404,54,1,23,91,602,0,3,1,3,3
1,1,1,1,465,44,0,25,83,950,1,3,0,3,3
6,7,1,0,57,90,1,28,89,1232,0,3,0,2,1
1,0,2,0,234,62,0,31,68,1312,0,3,0,2,2
3,4,0,0,186,67,0,37,53,1255,0,3,0,2,1
6,2,0,0,317,55,1,22,76,410,1,3,0,0,2
3,2,0,0,244,64,1,20,83,1195,0,3,0,2,2
5,2,0,0,333,52,2,34,62,1062,0,1,1,3,3
0,0,2,1,536,36,1,40,92,1060,1,1,0,3,3
4,0,2,1,418,51,1,31,61,301,0,1,1,3,3
6,2,0,1,555,32,3,23,47,1165,0,0,0,3,3
1,3,0,0,160,71,1,32,75,1798,0,3,0,2,2
0,0,2,0,198,75,0,22,69,1010,0,3,0,1,2
2,5,1,0,287,63,0,36,68,724,0,3,1,0,0
3,4,0,0,139,73,0,36,76,1798,0,2,0,2,2
5,2,0,0,318,57,2,36,84,1424,0,3,0,2,0
1,1,1,0,163,78,3,39,60,1291,0,3,0,2,1
3,1,1,0,197,66,2,37,90,1389,0,1,0,0,0
5,3,0,0,248,67,3,31,94,863,0,3,0,2,1
6,7,1,0,304,65,2,36,61,794,0,3,0,0,2
4,5,1,0,212,69,1,35,79,1034,1,3,0,2,0
3,3,0,0,95,79,0,39,86,1583,1,3,0,1,1
3,2,0,0,116,77,1,27,78,1158,0,3,0,2,1
5,3,0,0,131,76,0,33,87,1132,0,3,0,1,1
4,5,1,0,138,81,0,24,94,538,0,3,0,2,2
3,4,0,0,331,58,3,38,44,984,0,3,0,2,2
6,1,1,0,290,61,2,24,91,507,0,3,0,0,2
0,0,2,0,175,75,0,35,52,1256,0,3,0,1,2
2,2,0,1,467,43,2,35,71,1225,1,3,0,3,3
2,7,1,0,349,51,1,37,51,918,0,3,1,0,0
6,6,2,1,568,33,0,27,72,1474,0,3,0,3,3
3,4,0,0,278,65,0,30,70,339,0,3,0,2,2
6,4,0,0,120,73,0,40,49,1728,0,3,0,1,2
5,0,2,0,312,58,0,29,55,1782,0,3,0,2,2
3,6,2,0,189,69,0,33,43,669,0,3,0,1,2
5,5,1,0,94,83,0,33,46,1454,1,3,1,2,2
4,5,1,0,243,69,1,22,83,724,0,3,0,2,2
5,7,1,1,370,55,0,23,77,1713,0,2,1,3,3
6,2,0,0,328,53,1,28,55,1428,0,3,0,2,2
1,6,2,1,686,18,1,33,51,603,0,3,0,3,3
5,2,0,0,103,80,0,38,59,819,0,1,0,2,2
5,0,2,0,274,65,0,31,71,1325,0,3,0,2,2
2,4,0,0,111,75,0,27,74,778,1,3,0,2,1
5,5,1,0,282,57,0,27,93,1336,0,3,0,2,2
4,1,1,1,597,35,0,22,95,1735,0,0,0,3,3
6,7,1,0,77,87,3,33,58,407,0,3,0,1,1
6,5,1,0,200,69,3,25,75,841,0,3,0,2,2
2,1,1,0,282,59,3,37,50,418,0,0,0,2,0
4,4,0,0,337,55,2,33,93,768,0,3,0,0,2
5,0,2,0,67,88,1,32,77,1007,0,3,0,1,1
1,3,0,0,334,60,2,24,84,404,0,3,0,2,0
2,1,1,1,572,37,0,34,75,876,1,3,0,3,3
3,4,0,0,54,84,3,39,79,1158,0,3,0,1,1
4,1,1,1,576,29,2,38,50,826,0,3,0,3,3
3,6,2,0,326,61,2,32,74,1001,0,3,1,0,0
1,2,0,0,82,77,3,35,80,765,0,3,0,1,1
6,5,1,0,288,64,3,31,90,1620,1,3,0,2,0
4,7,1,0,87,87,2,39,65,1326,0,3,0,2,2
3,5,1,0,212,71,0,40,60,1557,1,3,0,2,2
1,0,2,1,555,36,0,35,91,525,0,3,0,3,3
2,5,1,1,675,28,0,31,87,426,0,0,0,3,3
4,4,0,0,191,73,0,26,93,1448,0,2,0,2,2
2,3,0,1,678,23,2,27,48,806,0,3,0,3,3
5,3,0,1,619,26,3,28,54,753,0,3,0,3,3
0,6,2,0,313,57,1,32,64,435,0,3,0,2,2
6,5,1,0,108,83,2,34,56,1242,0,3,0,2,2
5,2,0,0,63,80,1,32,58,450,0,3,0,1,1
4,7,1,0,227,66,0,38,45,1084,0,3,0,2,2
2,2,0,0,277,61,0,25,57,309,0,3,0,2,2
2,5,1,0,81,82,3,31,51,1171,0,0,0,2,1
3,3,0,0,230,67,2,31,81,1341,0,0,0,2,0
0,4,0,0,164,79,0,33,45,1309,0,3,0,2,2
3,4,0,1,365,49,1,28,70,984,0,1,0,3,3
5,6,2,0,258,64,3,33,88,1025,0,3,0,2,1
4,1,1,0,275,61,0,21,46,1190,0,3,1,0,0
1,3,0,0,297,59,1,31,74,881,0,3,0,2,2
0,4,0,0,344,61,2,20,42,311,0,3,0,0,0
1,4,0,0,102,81,2,39,76,1018,0,3,0,2,1
3,6,2,0,106,77,0,36,45,1299,0,3,0,1,1
6,3,0,0,201,75,0,31,60,452,0,3,0,2,2
5,6,2,0,73,81,2,37,87,1105,0,3,1,2,2
6,2,0,0,250,62,2,39,85,1149,0,3,0,2,2
2,7,1,0,254,63,3,25,70,782,0,3,0,2,2
3,7,1,0,167,77,3,37,82,1446,0,1,0,2,2
6,0,2,0,261,65,3,27,68,1433,0,3,0,2,2
0,7,1,0,305,60,2,33,72,1194,0,3,0,0,0
0,0,2,0,202,69,0,28,47,1057,0,3,0,1,2
1,5,1,0,124,77,2,29,72,937,0,3,0,2,2
4,5,1,1,489,42,2,28,69,1758,0,3,0,3,3
4,4,0,0,87,84,1,37,46,1366,1,3,0,2,2
3,4,0,0,246,65,2,35,61,1749,0,3,0,2,2
1,6,2,1,577,35,0,29,58,1774,0,3,1,3,3
1,3,0,1,543,36,1,21,69,1487,0,3,0,3,3
5,2,0,0,106,83,1,38,78,652,0,3,0,2,1
1,2,0,1,497,40,0,40,73,463,0,3,0,3,3
6,2,0,0,201,71,3,29,82,647,0,3,0,1,1
2,4,0,0,265,59,0,31,87,787,0,3,0,2,2
4,7,1,1,508,44,3,30,51,1510,0,3,0,3,3
3,0,2,1,456,40,2,35,50,932,0,3,0,3,0
4,2,0,1,690,21,2,29,92,1316,1,1,0,3,3
1,3,0,0,260,69,2,35,83,1290,1,3,0,2,2
1,0,2,0,124,73,2,40,60,1672,0,1,0,2,2
3,0,2,0,276,67,1,30,86,1375,0,3,0,2,2
3,2,0,0,276,68,2,22,74,421,0,1,0,0,0
0,0,2,0,312,55,3,37,44,1777,0,3,0,2,2
3,4,0,0,115,77,0,40,85,1342,0,3,0,1,2
1,3,0,0,249,67,3,29,40,1151,0,3,0,2,2
3,0,2,0,255,69,1,20,86,967,0,3,0,2,2
0,0,2,0,61,86,1,27,83,771,1,1,0,2,2
1,4,0,1,611,31,0,22,45,423,0,3,0,3,3
0,3,0,0,148,79,3,38,40,415,0,3,0,1,1
3,6,2,0,125,78,1,35,64,608,0,3,0,1,1
2,2,0,1,610,30,3,26,41,1396,0,3,0,3,3
0,4,0,0,286,57,3,20,83,424,0,3,0,2,2
6,0,2,1,395,49,1,40,93,1789,0,1,0,3,3
1,2,0,0,146,77,3,21,85,1201,0,0,0,2,1
6,0,2,0,154,80,2,37,91,646,0,3,0,2,2
6,3,0,0,244,70,2,22,91,916,0,3,0,2,2
0,1,1,0,86,79,2,22,41,1127,0,0,0,2,2
6,4,0,0,129,74,2,28,62,1535,0,3,0,2,2
2,1,1,1,470,42,0,24,81,1785,0,0,0,3,3
4,5,1,1,527,35,1,22,44,665,0,3,1,3,3
6,7,1,0,332,61,3,31,85,1084,0,3,0,2,2
6,5,1,0,322,61,3,28,51,1424,0,3,0,2,2
6,4,0,0,280,62,3,36,83,739,0,1,0,2,2
6,0,2,0,133,80,2,20,80,1236,0,3,0,1,2
5,5,1,0,237,62,0,38,92,302,0,3,0,2,2
2,4,0,0,239,67,0,24,41,970,0,3,0,2,2
3,5,1,0,121,82,0,27,56,1258,0,3,0,2,2
3,2,0,0,281,59,2,36,91,1549,0,3,0,2,2
5,6,2,0,155,78,1,35,44,1061,0,1,0,2,2
4,1,1,0,216,74,2,28,75,1681,0,3,0,2,2
2,1,1,0,265,65,0,27,89,672,0,3,0,2,2
4,5,1,1,467,47,0,22,65,942,0,1,0,3,3
6,6,2,0,314,64,0,34,61,1333,1,3,0,2,2
4,7,1,1,412,45,3,36,44,374,0,3,0,0,0
6,0,2,1,552,37,1,24,66,1231,0,3,0,3,3
5,3,0,0,127,73,3,33,68,1454,0,3,0,1,1
4,0,2,0,327,58,0,26,60,1694,0,0,0,2,2
1,4,0,0,255,62,1,39,49,327,1,3,0,2,2
2,6,2,0,80,86,3,29,87,1197,1,0,0,1,2
3,5,1,0,168,73,3,22,93,646,0,3,0,2,2
2,2,0,1,647,26,3,27,73,562,0,3,0,3,3
2,1,1,0,235,62,2,30,65,1350,1,3,0,2,2
3,2,0,0,279,67,1,24,71,1243,0,3,0,2,2
2,6,2,0,304,57,3,32,88,1179,0,3,0,2,2
2,5,1,0,108,76,3,26,88,1314,0,3,0,1,1
0,5,1,0,97,85,3,26,46,354,0,3,0,1,1
3,1,1,1,381,55,1,33,60,1010,0,3,0,3,3
0,3,0,0,249,66,1,26,49,633,0,3,0,2,2
1,4,0,0,271,58,3,23,72,585,0,3,0,2,2
4,4,0,0,85,78,0,23,40,1453,0,3,1,2,2
6,1,1,0,56,89,2,30,82,1016,0,3,0,2,1
4,0,2,0,52,81,3,24,74,1298,0,3,0,1,1
5,6,2,0,136,82,0,23,56,1522,0,3,0,1,1
3,1,1,0,240,66,1,30,56,1381,0,3,0,2,2
2,5,1,1,699,21,3,24,40,1652,0,3,0,3,3
2,5,1,0,130,75,3,39,68,1529,0,3,0,1,1
3,6,2,0,144,76,3,27,78,364,0,2,0,1,1
4,4,0,0,243,70,3,33,85,645,0,3,0,2,2
3,0,2,0,240,67,0,24,72,1467,0,3,1,2,2
4,0,2,0,317,57,1,31,51,449,0,3,0,2,2
3,7,1,1,594,35,1,40,76,408,0,3,0,3,3
3,6,2,0,302,63,0,29,65,1596,0,3,0,2,2
1,3,0,1,404,49,2,35,91,1385,0,1,0,3,3
5,6,2,1,525,37,3,26,94,1096,0,0,0,3,3
5,5,1,0,162,71,1,25,90,1607,0,3,0,2,2
4,3,0,0,318,59,3,32,94,1301,0,3,0,2,2
1,5,1,1,551,32,0,28,89,690,0,2,0,3,3
2,7,1,0,317,61,3,32,60,875,0,3,0,2,2
1,4,0,0,94,86,2,37,55,642,0,3,0,2,2
4,2,0,0,176,73,0,36,55,1444,0,3,0,2,2
2,6,2,0,260,68,2,26,66,875,0,3,1,0,2
6,3,0,0,128,74,3,39,57,321,0,0,0,2,2
2,5,1,1,546,40,1,29,78,1575,1,3,0,3,3
3,0,2,0,50,87,0,27,75,1522,0,3,0,1,1
4,0,2,0,211,66,0,24,55,1607,0,0,0,2,2
3,7,1,0,288,65,3,31,59,858,0,3,0,2,2
0,0,2,0,258,70,2,40,57,1686,0,3,0,2,2
1,0,2,1,582,32,3,26,58,453,1,3,1,3,3
0,1,1,0,219,67,0,35,85,595,0,3,0,2,2
2,4,0,0,57,86,1,39,46,316,0,2,0,2,1
1,5,1,0,96,80,3,20,76,1453,0,3,1,2,2
5,6,2,1,668,25,0,21,69,1664,1,3,0,3,3
5,0,2,0,268,69,3,30,49,1722,0,0,0,2,2
1,5,1,0,65,80,1,29,54,1331,0,3,0,2,1
1,7,1,0,298,63,2,27,87,1596,0,1,0,0,0
2,7,1,0,52,90,3,23,60,1251,0,3,0,1,1
5,3,0,0,69,82,1,29,57,1407,0,3,0,1,2
0,1,1,0,142,75,1,21,55,1416,0,1,0,2,2
2,1,1,0,209,65,2,28,51,1254,0,3,0,2,2
3,4,0,1,448,48,1,35,94,698,0,3,0,3,0
4,4,0,0,123,73,2,40,75,545,0,3,1,2,2
3,1,1,0,349,53,3,28,64,1599,0,0,0,0,0
0,3,0,0,338,54,3,29,86,1735,0,3,1,0,0
0,5,1,0,254,66,0,21,48,1596,0,2,0,2,0
1,2,0,0,304,58,3,28,74,1796,0,3,0,2,2
4,6,2,0,137,76,3,24,77,1763,1,3,0,1,2
4,6,2,0,322,54,2,37,67,437,0,3,0,2,2
6,6,2,0,189,74,0,21,84,1028,1,3,0,2,2
4,4,0,0,280,64,0,22,80,642,1,3,0,2,0
2,0,2,0,298,58,2,37,88,871,1,3,0,2,2
2,3,0,0,53,83,1,20,47,1356,0,3,0,1,1
3,6,2,0,132,77,0,24,70,1279,0,3,0,1,1
4,0,2,1,355,57,3,21,78,1789,0,1,0,0,0
4,0,2,0,246,65,0,40,69,1259,0,3,0,2,2
6,1,1,0,289,59,3,21,71,1035,0,3,0,2,2
0,3,0,0,321,54,1,24,46,1000,0,3,1,0,0
1,0,2,0,251,70,3,32,49,1316,1,3,0,2,2
0,6,2,0,335,52,3,37,83,541,1,3,0,2,2
1,6,2,0,349,61,0,40,49,679,1,3,0,2,0
3,5,1,1,661,28,2,33,46,1784,0,3,0,3,3
4,3,0,0,347,61,1,37,48,356,1,2,0,0,0
1,7,1,0,212,64,1,20,54,793,1,3,0,2,2
1,5,1,0,57,86,3,27,86,1717,1,3,0,1,1
6,7,1,0,325,58,1,31,81,1365,0,3,0,0,0
5,1,1,0,227,71,0,23,75,433,0,3,0,2,2
6,7,1,0,62,81,3,20,60,1395,0,1,0,2,2
2,1,1,0,265,69,1,27,83,1460,0,3,0,2,0
2,0,2,0,65,81,2,39,73,684,0,3,0,1,2
5,6,2,0,312,58,1,23,51,1619,0,3,0,2,2
2,6,2,0,139,74,3,27,88,701,0,3,0,1,1
3,3,0,0,205,68,0,30,90,1665,1,3,0,2,2
6,0,2,0,234,72,2,37,54,1571,0,3,0,2,2
1,6,2,0,290,61,2,38,72,1018,0,3,0,2,2
2,5,1,0,77,78,2,20,73,1530,0,1,0,2,2
3,0,2,0,158,74,2,36,52,859,0,3,0,2,2
4,3,0,0,174,76,1,29,54,1525,0,3,0,2,2
6,2,0,0,102,79,2,20,94,1485,0,3,0,2,2
1,1,1,0,301,65,2,27,93,1351,0,3,0,0,2
1,7,1,0,144,78,3,21,45,1052,0,1,0,2,2
4,2,0,0,112,80,3,23,50,1277,0,2,1,2,0
3,6,2,0,288,60,1,26,81,527,1,2,0,0,0
5,1,1,0,127,79,3,26,58,896,1,3,0,2,1
6,4,0,0,275,58,2,24,83,1156,0,3,0,2,2
0,6,2,1,604,35,1,28,90,973,0,3,0,3,3
4,7,1,1,579,32,0,30,63,395,1,3,0,3,3
3,5,1,1,641,26,1,35,78,629,1,1,0,3,3
5,0,2,0,70,86,2,38,74,516,0,2,0,2,2
5,2,0,0,87,84,1,25,77,974,0,3,0,1,1
6,3,0,1,394,46,2,20,54,552,0,3,0,3,3
5,1,1,0,143,76,0,39,92,577,0,3,0,2,1
4,0,2,0,271,68,3,39,86,1330,0,3,0,2,2
5,1,1,0,186,73,0,23,59,1039,0,3,0,2,2
2,3,0,0,306,59,1,30,54,626,0,3,0,2,2
5,2,0,0,286,65,0,39,66,938,0,1,0,2,0
0,3,0,0,153,74,1,35,57,1739,0,2,0,2,2
0,4,0,1,534,40,2,32,65,547,1,3,0,3,3
3,4,0,0,98,79,1,31,80,1711,0,1,0,2,2
0,0,2,0,138,72,0,36,77,410,0,3,0,1,1
4,4,0,0,158,72,0,23,66,702,0,3,0,2,2
6,7,1,0,314,61,2,26,71,1255,0,3,0,0,2
2,0,2,0,314,64,1,33,57,1774,0,1,1,0,0
2,2,0,1,640,31,1,25,89,1396,0,2,0,3,3
4,5,1,0,202,66,3,32,72,475,0,3,0,2,1
2,0,2,0,128,78,0,37,61,1679,0,3,0,1,1
5,0,2,0,179,75,2,29,87,1017,0,3,0,2,1
4,2,0,0,213,73,0,34,50,1186,0,1,0,2,2
4,4,0,0,258,67,3,28,58,939,1,1,0,2,2
6,1,1,0,81,83,2,33,43,1205,0,2,0,2,2
4,7,1,0,216,71,2,25,50,1047,0,3,0,2,2
2,2,0,1,648,28,0,30,52,1405,0,3,0,3,3
6,0,2,1,592,34,2,32,80,573,0,3,0,3,3
1,3,0,0,140,73,1,21,65,834,0,3,0,2,2
2,6,2,0,178,74,3,30,93,1642,0,3,0,1,1
5,6,2,0,164,70,0,38,95,608,0,3,0,1,1
3,4,0,0,187,75,0,33,82,1782,0,1,0,2,2
2,2,0,0,268,60,2,22,91,1671,0,3,0,2,2
0,4,0,1,660,22,1,20,72,921,0,3,0,3,3
1,2,0,0,95,79,1,39,65,368,0,3,0,1,2
5,0,2,0,244,64,2,40,80,488,1,0,0,0,0
0,7,1,0,256,69,1,40,52,412,0,3,0,2,2
6,3,0,0,62,89,3,33,86,876,0,2,0,1,1
2,5,1,1,384,47,3,26,80,649,0,3,0,0,0
4,6,2,1,582,27,3,22,43,392,1,0,0,3,3
0,1,1,0,90,86,1,31,74,1559,0,3,0,2,2
3,3,0,0,225,67,0,34,44,1695,0,3,0,2,2
0,7,1,0,284,58,3,30,62,1522,0,3,0,2,2
3,7,1,0,299,66,2,30,83,695,0,3,0,0,0
3,0,2,1,618,34,2,32,49,626,0,3,0,3,3
2,0,2,0,53,82,2,24,71,1145,0,0,0,2,1
4,3,0,1,542,40,2,27,61,1781,0,3,0,3,3
2,4,0,1,431,43,1,25,50,433,0,3,0,3,3
4,4,0,0,117,79,1,31,65,963,1,0,1,0,0
5,7,1,1,601,31,1,37,73,713,1,3,0,3,3
5,6,2,0,255,61,2,24,90,362,0,1,0,2,2
4,4,0,0,220,64,0,29,81,1568,0,3,0,2,2
3,5,1,0,215,67,1,31,52,1579,0,1,0,0,0
0,6,2,0,335,54,2,22,60,1341,0,3,0,2,0
4,6,2,0,112,82,0,36,95,1701,1,2,0,2,2
6,4,0,0,147,80,0,27,50,1027,0,3,0,1,2
6,2,0,0,120,76,0,23,87,656,0,3,0,1,1
1,7,1,0,110,75,1,33,57,1695,0,3,0,2,2
2,0,2,0,136,72,0,23,90,1632,1,3,0,1,2
6,7,1,0,297,56,1,39,92,631,0,1,0,0,0
1,7,1,0,83,87,1,34,71,1772,1,3,0,2,2
0,3,0,0,319,62,3,30,43,347,0,3,0,2,2
6,2,0,0,110,78,1,21,66,1097,0,3,0,2,1
3,3,0,0,66,84,2,33,63,1459,0,3,0,1,2
1,6,2,0,223,73,1,35,68,884,0,3,0,2,2
1,2,0,0,311,59,2,31,77,1052,0,3,0,2,2
3,0,2,1,691,20,0,26,59,652,0,3,0,3,3
3,6,2,0,296,58,3,26,60,1064,0,3,0,2,2
3,1,1,1,586,37,0,32,80,1455,0,3,0,3,3
6,0,2,0,80,81,0,23,75,567,1,3,0,1,1
1,6,2,0,349,59,1,39,52,346,0,3,0,2,0
2,1,1,0,249,61,3,36,63,1202,0,3,0,2,1
4,1,1,0,148,79,2,28,78,1593,0,0,0,2,2
2,5,1,0,219,70,0,30,73,1192,0,3,0,2,2
1,1,1,0,53,85,3,28,63,1478,0,3,0,1,1
3,3,0,0,182,68,3,32,60,1556,0,3,0,1,1
1,3,0,0,75,86,2,29,62,1572,0,3,0,1,1
3,7,1,0,196,69,2,36,56,327,0,3,0,2,0
0,4,0,0,287,59,0,28,90,1459,0,3,0,2,2
2,2,0,0,129,83,2,23,89,1293,0,1,0,2,2
3,6,2,0,228,65,1,20,70,498,0,3,0,2,2
3,2,0,0,52,86,3,21,72,1565,0,3,0,1,1
0,2,0,0,184,67,3,31,80,837,0,3,0,1,1
6,5,1,0,240,63,0,31,71,722,0,3,0,2,2
1,7,1,0,51,89,3,32,76,1631,0,3,0,1,1
4,6,2,0,218,70,0,25,53,716,0,3,0,2,1
6,1,1,0,338,54,2,22,56,465,1,3,1,3,3
3,1,1,0,230,68,2,30,56,835,0,3,0,2,0
3,3,0,0,189,74,3,37,67,627,1,3,0,2,1
0,1,1,1,658,28,2,35,41,914,0,3,0,3,3
6,7,1,0,254,67,2,30,63,1637,0,3,0,2,2
3,2,0,0,99,79,2,27,82,470,0,3,0,2,2
3,5,1,0,323,59,3,38,67,1316,0,3,0,2,2
2,2,0,0,220,63,3,35,60,350,1,0,0,2,2
0,7,1,0,153,79,0,26,60,1750,0,3,0,2,2
5,5,1,0,284,66,0,40,67,1113,0,3,0,2,2
3,2,0,0,72,81,1,30,86,1691,0,3,0,1,2
1,2,0,1,551,32,1,33,61,770,0,1,0,3,3
1,1,1,0,56,85,0,26,48,671,1,3,0,2,1
2,3,0,0,59,90,1,20,52,913,0,3,0,1,1
2,5,1,0,267,65,0,28,81,738,0,3,0,2,2
1,3,0,0,234,69,3,20,57,951,1,3,0,2,1
0,2,0,0,209,67,1,25,93,520,0,3,0,2,2
5,1,1,0,183,70,0,26,94,1321,0,3,0,2,2
5,1,1,0,184,68,1,37,46,1746,0,3,0,2,2
2,1,1,0,200,73,2,22,40,1252,0,3,0,2,0
2,5,1,0,307,55,3,40,95,1200,0,3,0,2,2
2,7,1,1,548,39,3,30,72,305,0,3,0,3,3
4,0,2,0,268,59,2,25,78,305,0,3,0,2,2
2,0,2,1,406,46,0,37,42,1259,0,3,0,0,0
4,7,1,1,578,29,3,39,49,399,1,3,0,3,3
2,5,1,0,114,76,2,24,76,460,0,3,0,2,1
5,3,0,1,383,57,2,22,69,663,0,1,0,3,3
1,7,1,0,80,84,0,34,91,1005,0,3,0,1,2
3,0,2,1,615,24,2,30,79,562,0,2,0,3,3
3,3,0,1,581,35,3,24,54,1671,0,0,0,3,3
0,6,2,0,130,76,0,31,47,467,0,3,0,1,1
3,2,0,0,288,67,2,20,78,395,0,3,0,2,2
4,7,1,1,583,31,1,28,75,930,0,3,0,3,3
2,0,2,0,220,65,0,32,48,676,0,2,0,2,2
1,6,2,0,300,63,2,34,64,1772,0,3,0,2,2
4,5,1,0,228,68,0,25,78,536,0,3,0,2,2
6,5,1,0,256,66,1,22,73,1473,0,1,1,0,3
3,3,0,0,211,64,1,38,42,1378,0,3,0,2,2
2,6,2,0,129,81,1,26,72,1222,0,3,0,1,1
3,5,1,0,341,54,0,32,70,531,1,3,0,0,0
3,6,2,0,51,90,2,20,81,1468,0,1,0,2,2
1,3,0,0,303,58,2,35,47,1230,0,3,0,2,2
5,5,1,0,66,81,3,30,73,1034,0,3,0,1,1
3,0,2,0,136,81,1,27,56,889,0,3,0,1,2
3,7,1,1,422,45,3,33,45,967,0,3,1,3,3
1,3,0,1,602,30,0,33,83,1769,0,3,0,3,3
0,0,2,0,223,64,1,29,79,578,0,2,0,2,2
2,7,1,0,196,71,3,40,51,781,0,2,0,2,2
1,1,1,1,543,40,1,26,85,1074,0,3,0,3,3
4,3,0,0,67,81,3,23,70,1072,0,3,0,1,1
0,4,0,1,669,25,1,26,78,415,0,3,1,3,3
5,4,0,0,350,51,0,22,41,1758,1,3,0,2,0
2,4,0,0,348,61,0,40,93,1789,0,3,0,2,2
4,3,0,0,241,69,2,37,71,1139,0,3,1,0,0
4,5,1,0,114,77,1,38,40,664,0,3,1,2,0
4,3,0,0,350,55,1,30,75,1578,0,3,0,2,0
0,5,1,1,496,44,1,32,49,1252,0,1,0,3,3
5,2,0,0,296,64,0,28,46,1513,0,3,0,2,2
1,5,1,1,656,28,2,23,67,405,0,3,0,3,3
5,5,1,0,156,74,2,27,70,1184,0,3,0,2,2
1,6,2,0,276,61,0,33,58,442,0,3,0,2,2
2,3,0,0,317,59,0,32,55,717,0,3,0,2,2
5,6,2,0,302,62,2,40,82,1591,0,2,0,0,2
4,1,1,1,494,46,1,29,44,992,0,1,0,3,3
6,3,0,0,57,89,2,39,40,1790,0,3,0,1,2
5,6,2,0,141,75,1,21,88,1519,0,3,0,1,1
6,0,2,0,225,63,1,32,42,1661,0,3,0,2,1
1,3,0,0,180,77,3,30,45,957,0,3,0,1,1
2,1,1,1,619,32,0,25,95,839,0,3,0,3,3
6,2,0,0,51,88,2,24,59,1524,1,3,1,2,2
6,6,2,1,410,53,3,31,51,700,0,3,0,0,0
5,7,1,1,645,28,3,24,86,1522,1,3,0,3,3
3,6,2,0,144,75,2,25,74,300,0,3,0,2,2
1,1,1,0,193,68,0,20,88,1015,0,3,0,2,2
5,0,2,1,459,43,0,40,73,1589,1,3,0,3,3
2,2,0,0,195,73,2,28,49,1346,1,3,0,2,2
3,0,2,0,298,61,2,21,53,1620,1,1,0,0,0
1,1,1,0,334,52,1,24,73,1316,0,3,0,0,0
0,4,0,1,439,52,2,25,57,678,1,3,0,3,3
1,2,0,0,293,58,3,39,60,1292,0,3,0,2,2
4,6,2,0,119,75,2,29,74,1324,0,3,1,2,2
3,1,1,0,342,52,1,29,66,1336,0,3,0,0,2
3,4,0,0,75,84,1,34,94,920,0,0,0,2,1
4,0,2,0,345,57,3,27,72,932,0,3,0,2,2
5,7,1,0,78,81,3,28,40,896,0,3,0,1,1
4,0,2,0,255,68,1,27,81,401,0,0,0,2,2
2,4,0,0,318,56,0,26,46,1294,1,3,0,2,2
1,2,0,0,146,74,0,26,77,1542,1,3,0,2,1
1,2,0,0,104,79,2,32,83,971,0,3,0,2,2
5,4,0,0,291,64,0,24,58,1206,0,3,0,2,2
6,2,0,0,228,70,3,26,69,878,0,0,0,2,2
0,6,2,0,162,73,1,27,46,1396,0,2,0,2,2
3,2,0,0,126,81,3,24,41,391,0,2,0,2,1
3,1,1,0,214,65,2,38,89,582,0,3,0,2,2
2,3,0,0,280,57,3,38,45,1036,0,1,1,0,0
4,2,0,0,265,64,0,20,63,1792,1,3,0,2,2
6,4,0,0,340,59,2,34,50,478,1,3,0,0,2
5,6,2,1,673,25,3,33,76,1485,0,3,0,3,3
5,7,1,1,656,24,3,32,57,1036,0,3,0,3,3
0,4,0,1,666,20,1,34,67,549,0,3,0,3,3
0,7,1,1,557,30,1,21,62,1150,1,3,0,3,3
4,3,0,0,295,56,3,31,92,1172,0,3,0,2,2
5,3,0,0,298,60,3,29,61,1143,0,3,0,2,2
5,7,1,0,98,84,1,40,88,858,0,3,0,2,2
1,0,2,1,503,41,2,21,69,1506,0,2,0,3,3
4,0,2,0,276,58,2,23,50,363,0,3,0,2,2
1,3,0,0,205,74,3,30,79,1109,0,3,0,2,2
1,6,2,0,267,66,1,33,55,1693,0,3,0,2,2
5,4,0,0,184,68,1,32,89,481,0,3,0,2,2
1,6,2,0,308,63,3,28,73,867,1,3,0,2,2
6,6,2,0,219,70,3,26,56,646,0,3,0,1,2
0,2,0,0,252,65,0,24,53,911,1,3,0,2,2
6,1,1,0,303,63,3,30,83,986,0,3,0,2,2
1,5,1,0,347,60,0,23,81,474,1,3,0,0,2
0,7,1,0,263,67,2,33,88,893,0,3,0,2,2
6,4,0,0,301,59,2,29,87,581,0,3,0,2,0
3,5,1,0,282,60,3,38,67,1365,0,3,0,2,2
3,2,0,0,327,54,1,39,62,626,0,3,0,2,2
5,2,0,0,264,68,2,25,40,1426,0,3,0,2,2
6,7,1,0,214,70,3,23,66,1303,0,3,0,2,2
2,2,0,0,277,58,1,30,44,1743,0,2,0,0,0
1,2,0,0,275,64,1,36,83,558,0,3,0,2,2
5,3,0,1,578,29,2,38,60,1348,0,2,0,3,3
2,7,1,0,114,80,1,37,48,1020,0,3,0,2,2
3,0,2,0,262,68,0,33,95,1779,0,3,0,2,2
6,3,0,0,109,78,3,38,76,1105,0,3,0,1,1
5,1,1,0,74,86,2,31,65,922,1,3,0,2,1
6,1,1,0,348,57,2,37,76,1000,0,1,0,0,0
2,3,0,1,697,16,2,40,59,1586,0,1,0,3,3
5,1,1,0,349,56,0,29,59,1288,0,3,0,2,2
0,0,2,0,124,81,1,27,60,403,0,3,0,1,2
1,4,0,1,682,26,0,24,89,1344,0,3,0,3,3
2,2,0,0,146,81,1,39,55,479,0,3,0,2,2
0,2,0,0,326,59,3,25,52,1437,0,3,0,2,2
4,4,0,1,583,30,2,34,67,768,0,3,0,3,3
0,3,0,0,169,75,1,33,91,462,0,3,0,2,2
4,1,1,0,62,79,2,37,86,1357,0,3,0,2,1
4,6,2,0,334,59,3,26,51,793,0,2,0,2,2
6,7,1,0,259,70,2,24,92,1558,0,3,0,2,2
1,2,0,0,134,73,1,37,54,1745,0,3,0,2,2
1,2,0,1,479,41,3,36,50,569,1,1,0,3,3
6,1,1,1,394,56,3,23,90,433,0,3,0,0,3
4,7,1,0,100,84,3,39,62,1357,1,3,0,1,1
1,5,1,1,494,39,2,26,41,1498,0,3,0,3,3
0,4,0,0,115,82,3,21,89,409,0,3,0,1,1
5,0,2,1,686,17,2,27,66,1642,0,3,1,3,3
0,2,0,0,88,84,3,40,65,1551,0,3,0,1,1
1,4,0,0,186,72,0,26,68,397,1,3,0,2,2
5,6,2,0,204,65,0,38,83,617,0,3,0,1,2
6,4,0,0,210,73,3,33,67,1686,0,3,0,2,2
6,1,1,0,308,59,2,36,40,1656,0,1,0,0,0
3,3,0,0,62,88,1,33,59,930,0,3,0,1,1
2,2,0,0,229,73,1,29,62,955,1,3,0,2,2
0,2,0,0,165,73,3,28,62,1034,0,3,0,1,1
4,3,0,0,195,76,1,22,81,1608,0,3,0,2,2
1,7,1,0,67,82,2,23,54,1039,0,3,0,2,2
3,3,0,1,598,36,1,23,50,1144,0,3,1,3,3
3,1,1,0,291,64,0,36,54,1365,0,3,0,2,2
5,5,1,0,316,62,1,27,67,443,0,3,0,0,0
4,2,0,1,644,25,3,40,90,1622,0,3,0,3,3
5,1,1,0,290,61,1,32,90,698,0,3,0,2,0
3,6,2,0,282,60,0,29,67,573,0,3,0,2,1
2,7,1,0,165,79,3,22,85,513,1,3,0,2,2
5,4,0,0,315,56,1,25,71,590,0,3,0,2,0
6,2,0,0,301,58,0,33,55,689,0,3,0,2,2
2,7,1,1,379,49,1,38,68,401,0,3,0,3,3
6,2,0,0,333,58,1,21,83,870,0,3,0,2,2
0,5,1,0,148,78,3,24,84,757,0,3,0,1,2
2,6,2,0,211,72,3,27,50,1401,0,3,0,1,1
6,1,1,0,299,65,3,25,43,1049,0,1,0,2,2
5,3,0,0,167,75,1,39,95,611,0,3,0,2,2
2,5,1,0,273,61,0,22,80,974,0,3,0,2,2
5,2,0,1,405,52,2,37,48,614,0,3,0,3,3
5,3,0,0,82,80,1,30,79,411,0,3,0,1,2
6,0,2,0,67,82,3,20,90,305,0,3,0,1,1
0,6,2,0,143,72,2,29,94,580,0,1,0,2,2
1,4,0,0,316,54,3,28,42,1385,0,3,0,2,2
6,2,0,0,105,84,3,30,81,909,0,3,0,1,1
3,7,1,0,186,71,1,23,93,1607,0,3,0,2,2
2,6,2,0,307,60,1,35,83,625,0,3,0,2,2
2,5,1,0,204,71,3,22,79,1476,0,0,0,2,2
6,1,1,0,295,66,0,35,83,1731,0,1,0,0,0
6,0,2,1,355,57,3,38,72,913,0,2,0,0,0
5,3,0,0,262,69,1,40,87,1497,0,3,0,2,2
2,4,0,1,529,34,1,20,68,758,1,3,0,3,3
3,0,2,0,232,66,2,26,74,350,0,3,0,2,2
5,1,1,0,242,63,0,27,92,1714,0,3,0,2,2
4,3,0,0,81,79,2,26,56,1480,0,3,0,1,1
4,3,0,0,237,72,1,28,59,511,1,3,0,2,2
2,5,1,0,277,58,1,31,91,1713,0,3,0,2,0
3,4,0,1,666,26,3,27,44,419,0,3,0,3,3
0,1,1,0,285,66,0,34,48,424,1,3,0,2,0
0,3,0,0,91,81,1,31,87,1213,1,3,0,2,2
4,6,2,0,64,87,1,21,52,1644,0,3,0,1,1
0,4,0,0,166,75,2,30,59,405,0,0,0,2,2
1,4,0,0,218,68,0,22,93,879,0,2,0,2,2
5,6,2,0,251,70,0,36,42,909,0,3,0,2,1
5,5,1,1,436,51,2,29,51,1349,0,3,0,3,3
6,1,1,0,251,66,3,34,67,1751,0,3,0,2,2
0,5,1,0,290,65,3,31,55,783,0,0,0,2,0
1,4,0,0,148,81,1,25,90,547,0,3,0,2,2
5,4,0,0,245,62,0,34,93,1363,0,3,0,2,2
1,4,0,0,304,55,1,31,67,1334,0,3,0,2,2
2,0,2,0,162,77,0,29,95,1675,0,3,0,1,2
6,4,0,0,174,78,2,23,52,1675,0,3,0,2,2
3,6,2,0,265,63,3,22,45,1675,0,3,0,2,2
0,7,1,0,262,65,1,21,93,1348,0,1,0,0,0
3,7,1,1,658,26,3,33,44,812,0,3,0,3,3
2,7,1,0,237,72,2,31,40,473,0,3,0,2,0
1,6,2,0,284,64,0,22,44,976,0,3,0,2,2
5,5,1,0,350,58,1,23,68,1026,0,3,0,0,0
1,1,1,0,220,65,0,33,85,673,0,3,1,0,0
5,7,1,0,301,56,0,34,65,1393,0,3,0,2,0
3,1,1,0,260,68,0,35,78,1084,0,3,0,2,2
0,7,1,0,217,65,0,36,86,1686,0,3,0,2,2
5,3,0,1,351,53,0,22,64,1242,0,3,0,0,0
4,1,1,1,593,31,1,39,85,427,0,3,0,3,3
4,4,0,0,79,81,0,37,57,951,0,3,1,2,2
4,7,1,0,201,72,3,40,46,1182,0,3,0,2,2
2,6,2,0,221,68,3,34,82,902,1,3,0,2,2
2,3,0,0,159,71,2,36,48,1016,0,3,0,2,2
5,3,0,0,328,63,2,30,40,526,0,3,0,2,2
1,1,1,0,272,62,1,40,60,1415,0,3,1,0,0
4,0,2,0,177,77,1,30,42,697,0,3,0,2,2
4,7,1,0,173,72,0,35,64,1693,0,3,0,2,1
4,2,0,0,211,70,2,26,71,1621,1,3,0,2,2
2,3,0,0,259,61,2,22,42,731,0,3,1,0,0
1,0,2,1,572,29,0,23,87,1439,0,3,0,3,3
3,0,2,0,98,84,3,29,59,425,0,3,0,1,1
2,1,1,0,162,76,3,26,83,1211,0,1,0,2,2
1,3,0,0,244,69,2,31,63,1148,0,3,0,2,2
3,2,0,1,538,39,2,32,65,1294,0,3,0,3,3
1,2,0,0,323,57,3,24,84,975,0,3,0,2,2
1,6,2,0,80,86,2,20,65,315,0,1,0,2,2
4,5,1,0,255,67,2,35,90,1679,0,3,0,2,2
6,6,2,0,307,59,3,31,76,1530,0,2,1,0,0
2,6,2,0,217,67,0,30,68,724,1,3,0,2,2
3,4,0,0,305,56,1,26,52,716,0,3,0,2,2
2,6,2,0,114,78,0,38,50,1628,0,3,0,1,1
4,7,1,0,246,70,2,21,64,714,0,3,0,2,2
3,7,1,0,199,73,1,40,87,1469,0,3,0,2,2
1,2,0,0,338,58,0,23,64,636,0,1,0,0,2
2,5,1,0,287,67,2,34,76,495,0,3,0,0,2
6,5,1,0,208,66,2,22,83,1519,0,0,0,0,0
1,7,1,0,121,80,2,36,54,447,0,0,0,2,2
5,4,0,0,154,70,0,30,82,833,0,3,0,1,1
6,2,0,0,302,56,1,30,55,967,0,3,0,2,2
4,6,2,1,697,20,1,32,86,1353,0,0,1,3,3
4,5,1,0,118,76,2,30,82,504,0,3,0,2,2
4,0,2,0,247,65,3,20,65,1548,1,3,0,2,1
5,0,2,0,197,67,3,33,90,1088,0,0,0,2,2
4,0,2,0,186,69,0,33,49,1650,0,3,0,1,1
1,0,2,0,97,84,2,20,74,1385,0,3,0,1,1
5,0,2,0,314,58,3,40,92,304,0,3,0,2,2
4,4,0,1,596,36,1,29,76,1273,0,3,0,3,3
4,5,1,0,64,86,0,34,77,1743,0,3,0,1,1
2,2,0,0,248,63,1,20,83,1404,0,3,1,0,2
0,2,0,0,175,68,1,26,61,358,0,3,0,2,2
3,5,1,0,303,56,1,40,87,624,0,2,0,0,0
5,3,0,0,204,68,2,20,68,490,0,3,0,2,2
1,4,0,0,245,62,2,38,67,1125,0,3,0,2,2
3,5,1,1,468,41,3,20,73,316,0,1,0,3,3
2,6,2,1,630,28,2,32,75,1308,0,3,0,3,3
2,1,1,0,194,76,0,32,40,1559,0,3,0,2,1
3,6,2,1,646,23,2,27,66,963,0,3,1,3,3
2,2,0,0,336,54,0,29,41,1219,0,3,0,2,2
2,5,1,0,295,65,1,30,85,1527,0,3,0,2,0
6,5,1,0,244,66,1,28,74,430,0,3,0,2,2
4,4,0,1,509,36,1,40,50,1343,0,3,0,3,3
6,5,1,0,87,80,2,31,77,359,0,3,1,2,0
2,0,2,0,154,74,3,40,83,1174,0,0,0,1,1
6,5,1,1,427,46,2,31,82,1447,1,3,0,3,3
0,5,1,0,350,53,2,29,50,1085,0,3,0,0,0
5,4,0,0,312,63,0,37,56,421,0,3,0,2,2
4,2,0,1,393,52,2,32,82,656,0,3,0,3,0
3,2,0,0,346,59,1,37,50,1233,1,3,0,0,0
6,6,2,0,164,70,2,22,74,1339,1,3,0,2,2
2,0,2,0,72,83,1,37,54,877,0,3,0,1,1
1,0,2,0,311,63,0,27,69,1144,0,3,0,2,2
2,6,2,0,290,58,2,34,71,347,0,3,0,2,2
6,3,0,0,263,61,1,20,83,1537,0,3,0,2,2
1,2,0,1,399,53,1,23,79,1328,1,3,0,3,3
2,5,1,0,304,57,2,40,79,859,1,2,0,0,3
5,5,1,0,295,56,1,31,57,1701,0,3,0,2,0
5,1,1,0,285,64,2,34,43,1622,0,3,0,2,0
3,6,2,0,60,81,1,33,61,1194,0,3,0,1,1
0,6,2,0,164,77,3,38,95,460,1,3,0,1,2
3,2,0,0,119,75,2,20,55,479,0,3,0,2,2
1,3,0,0,79,87,1,25,44,596,0,3,0,1,1
4,1,1,0,145,80,3,29,59,1031,0,3,0,1,2
1,7,1,0,138,80,3,20,88,1443,1,0,0,2,2
3,7,1,0,51,90,1,32,49,1427,0,3,0,1,1
0,2,0,0,196,68,0,33,70,1185,0,1,0,2,2
5,5,1,0,286,62,3,21,78,680,0,3,0,2,2
4,4,0,0,309,55,0,24,78,1637,0,3,0,2,2
5,7,1,1,446,42,1,29,83,782,0,3,0,3,3
4,0,2,0,173,69,2,40,63,905,0,3,0,2,1
5,1,1,0,243,71,3,38,59,1552,1,3,0,2,2
4,6,2,1,357,56,1,29,51,1210,0,3,0,0,0
3,7,1,1,524,41,2,24,87,928,0,2,1,3,3
1,4,0,0,168,78,2,35,57,1174,0,3,0,2,1
4,3,0,0,169,79,3,21,95,1690,1,3,0,2,2
4,3,0,1,566,36,3,29,53,457,0,3,0,3,3
4,6,2,0,308,58,2,33,62,881,0,3,0,2,2
1,6,2,0,102,79,0,38,64,1090,0,3,0,1,1
4,1,1,0,258,61,2,36,47,558,1,1,0,0,0
6,2,0,0,157,76,1,20,48,1717,0,3,1,2,0
4,5,1,0,62,84,0,25,47,1335,0,3,0,1,1
5,3,0,0,294,57,1,40,62,982,0,3,0,2,2
6,2,0,0,238,66,1,27,87,1024,0,3,0,2,2
1,0,2,0,127,80,2,33,46,1467,1,3,0,2,2
2,7,1,0,247,64,3,39,81,789,0,3,0,2,2
3,2,0,0,130,74,2,33,47,1706,0,3,0,2,2
6,7,1,0,163,75,0,33,46,1144,0,1,0,2,2
3,5,1,0,198,69,2,24,75,961,0,3,0,2,2
6,0,2,0,175,70,1,28,74,396,0,3,0,2,2
2,6,2,0,88,80,2,22,68,1597,0,1,0,2,2
3,4,0,0,77,82,0,28,90,1038,0,3,0,1,1
1,4,0,0,141,79,2,22,52,1673,0,3,0,2,1
3,7,1,0,258,68,1,30,82,1502,1,3,0,0,2
0,5,1,0,296,62,0,39,49,687,0,3,0,2,2
0,6,2,0,103,85,2,32,55,586,0,3,0,1,2
4,7,1,0,133,77,3,22,46,842,0,1,0,2,2
6,0,2,1,628,30,3,26,95,659,1,3,1,3,3
4,5,1,0,277,62,1,27,95,932,0,3,0,2,0
5,0,2,1,652,30,3,24,50,1486,0,3,0,3,3
2,5,1,0,157,73,0,40,54,1508,0,3,0,2,2
6,0,2,1,419,48,2,24,88,653,0,3,1,3,3
5,2,0,0,212,67,1,33,71,664,0,3,0,2,2
5,0,2,1,411,53,0,29,69,957,0,3,0,0,0
1,6,2,1,484,39,0,32,86,1525,0,3,1,3,3
4,7,1,0,54,81,0,30,67,1610,0,3,0,1,2
6,4,0,0,123,81,1,33,74,1733,0,3,0,2,1
1,5,1,0,311,58,3,20,85,396,1,1,0,0,0
0,5,1,0,251,67,1,35,79,1108,0,3,1,0,0
1,6,2,0,151,72,2,26,78,763,0,3,0,2,2
3,3,0,0,89,84,0,34,77,439,0,3,1,2,2
5,1,1,0,270,66,2,39,74,931,1,3,0,0,0
0,2,0,1,562,36,0,27,63,1635,0,3,0,3,3
6,0,2,0,71,80,3,21,95,1312,0,3,0,1,1
0,2,0,0,208,74,0,25,75,320,0,3,0,2,1
5,4,0,0,125,82,1,36,93,311,0,0,0,2,2
1,6,2,1,496,38,3,40,87,1202,0,3,0,0,3
5,4,0,0,327,58,0,39,89,523,0,3,0,2,2
6,5,1,1,691,22,1,30,46,1400,0,3,0,3,3
3,4,0,0,210,72,1,28,80,1629,0,3,0,2,2
6,1,1,1,468,48,0,40,45,1304,0,3,0,3,3
4,5,1,0,156,77,1,39,85,1013,0,3,0,2,2
6,7,1,1,613,29,0,28,84,1632,0,3,0,3,3
6,1,1,0,235,72,2,23,72,408,0,1,0,0,0
2,5,1,1,697,22,0,34,92,1699,0,3,0,3,3
1,1,1,0,282,64,3,28,80,829,0,3,0,2,2
2,7,1,0,99,80,3,37,53,544,0,3,0,1,1
0,6,2,0,290,65,1,40,93,1037,0,3,0,2,2
5,3,0,0,266,67,3,21,51,498,0,3,0,2,2
4,6,2,0,84,77,3,24,78,657,0,3,0,1,1
3,5,1,0,122,82,1,26,67,1069,0,3,0,2,2
6,4,0,0,348,55,2,21,85,757,0,3,0,0,0
4,1,1,1,503,37,2,34,78,513,0,0,0,3,3
1,1,1,1,492,38,0,31,61,811,0,3,0,3,3
2,4,0,0,95,79,2,31,61,1030,0,3,0,2,2
5,3,0,0,154,77,0,36,73,1015,0,3,1,2,2
4,7,1,0,229,69,3,28,86,1116,0,3,0,2,2
3,1,1,0,332,59,1,28,68,872,0,3,0,0,0
3,4,0,0,203,65,3,39,48,1562,0,3,1,2,2
2,6,2,0,194,76,2,33,61,308,0,3,0,2,2
6,6,2,0,255,70,3,25,40,1009,0,1,0,2,2
5,0,2,0,326,55,1,32,53,1476,0,3,0,2,2
0,6,2,0,244,63,1,27,85,1741,0,3,0,2,2
2,6,2,1,369,53,3,29,73,1029,0,3,0,0,0
0,5,1,1,650,21,3,20,60,796,0,3,0,3,3
6,3,0,0,73,84,2,32,67,671,0,3,1,2,2
2,5,1,1,592,26,2,24,80,1553,1,3,0,3,3
6,1,1,0,90,81,3,40,58,681,0,1,1,2,0
2,7,1,0,129,82,0,33,64,1688,0,3,0,2,2
5,0,2,0,93,79,1,34,81,1471,0,3,0,1,1
6,6,2,0,269,69,1,40,57,1244,0,3,0,2,2
6,1,1,0,310,63,0,32,54,1153,1,3,0,0,0
0,6,2,0,186,75,3,31,69,1187,1,3,0,1,2
5,0,2,0,240,69,0,27,86,1337,0,0,0,2,2
1,1,1,0,333,57,3,20,60,1275,0,3,0,2,2
3,1,1,0,216,73,2,28,95,333,1,1,0,0,0
6,0,2,0,129,73,2,23,85,1163,0,3,0,1,1
0,0,2,0,288,60,2,25,47,563,1,3,0,2,2
0,3,0,0,121,82,1,29,58,1563,0,3,0,2,2
5,0,2,0,273,61,2,30,40,835,0,1,0,2,0
2,6,2,1,493,39,1,33,75,1227,0,3,0,3,3
1,7,1,0,311,61,0,34,71,1289,0,3,1,0,0
2,5,1,0,115,81,0,36,73,1649,0,3,0,2,2
2,1,1,0,210,72,0,26,70,645,0,1,0,2,2
6,2,0,0,104,82,0,39,68,774,0,3,0,1,2
6,2,0,0,163,73,3,39,86,393,1,3,0,2,2
0,0,2,1,689,17,2,24,42,653,1,2,0,3,3
6,0,2,1,693,22,3,24,93,668,0,3,1,3,3
2,4,0,0,121,75,0,29,67,456,0,3,0,1,2
0,4,0,1,610,32,3,34,59,1564,0,3,0,3,3
6,4,0,0,331,53,1,24,58,1432,0,3,0,2,0
2,4,0,1,498,39,0,26,86,1160,1,3,0,3,3
0,4,0,1,566,39,1,38,64,1565,1,3,0,3,3
2,2,0,0,118,80,2,31,87,383,0,3,0,2,2
3,3,0,0,212,65,3,37,44,341,0,1,0,2,2
3,6,2,0,287,61,0,23,42,1254,0,3,0,2,1
4,2,0,0,135,76,3,28,92,465,0,3,0,1,1
1,6,2,0,85,78,3,20,90,1473,0,3,0,1,1
4,1,1,0,50,86,3,33,86,1348,0,3,0,1,1
0,3,0,0,154,73,0,40,77,1606,0,3,0,1,1
3,6,2,0,92,82,2,26,78,1667,0,3,0,1,2
3,1,1,0,72,82,1,22,43,1038,0,0,1,0,2
1,5,1,0,266,60,0,33,52,679,1,3,0,2,0
3,7,1,0,318,63,3,25,61,651,1,3,0,2,2
0,1,1,0,317,55,0,34,42,1726,1,3,0,0,0
4,6,2,0,277,64,2,22,74,1605,1,3,0,2,2
5,4,0,0,82,81,0,30,91,1417,0,3,0,1,1
2,7,1,0,64,85,2,40,65,933,0,3,0,2,2
6,7,1,0,218,69,0,32,51,587,1,3,0,2,2
2,6,2,0,104,82,3,29,91,1224,0,0,0,1,1
4,1,1,0,50,82,1,27,76,725,1,3,0,2,2
4,5,1,1,442,46,1,30,88,1419,0,3,0,3,3
1,4,0,0,72,80,2,27,66,990,0,3,0,1,1
0,2,0,0,107,77,0,35,67,473,0,3,0,1,1
4,3,0,0,150,75,2,37,66,1732,0,3,0,2,2
1,3,0,1,622,27,3,28,77,615,0,3,0,3,3
4,7,1,0,247,69,3,25,40,480,0,3,0,2,2
0,0,2,1,392,51,2,37,46,1170,0,3,0,0,3
1,1,1,0,173,73,0,32,44,313,0,2,0,2,2
1,0,2,1,643,28,0,27,54,738,0,3,0,3,3
2,1,1,0,281,60,2,30,84,311,1,3,0,0,0
3,4,0,0,235,66,1,33,73,1240,1,3,0,2,2
3,4,0,0,69,80,1,24,55,1287,0,3,0,1,1
4,0,2,0,166,76,3,40,64,501,0,3,1,2,2
3,2,0,1,462,39,1,26,47,1170,0,3,0,3,0
6,4,0,0,160,73,1,35,85,988,0,0,0,2,2
5,4,0,0,144,75,0,21,77,1560,0,3,0,1,2
0,4,0,0,73,88,2,36,93,551,0,2,0,2,1
0,5,1,0,184,68,2,35,62,767,0,3,0,2,2
0,5,1,0,297,58,1,40,79,1355,0,3,0,2,2
3,4,0,0,189,74,1,29,83,597,0,3,0,2,2
6,0,2,0,204,71,3,31,57,739,0,3,1,2,2
2,4,0,0,63,89,3,24,89,912,0,3,0,1,1
2,7,1,0,275,58,0,35,68,1141,1,3,0,2,2
0,5,1,1,413,51,2,38,47,817,0,3,0,3,3
5,6,2,0,199,69,1,27,88,834,0,3,0,2,2
4,0,2,1,608,25,1,34,64,983,1,3,0,3,3
3,2,0,1,413,45,1,32,80,868,1,2,0,3,3
1,6,2,0,281,64,2,30,76,671,0,3,0,2,2
5,5,1,0,163,73,3,32,77,1262,0,3,0,2,1
6,2,0,0,323,62,2,39,60,822,0,3,0,2,2
0,3,0,1,607,29,0,25,72,666,0,3,0,3,3
3,0,2,0,94,85,1,29,94,335,0,2,0,2,2
3,7,1,0,58,82,2,22,86,564,0,3,0,2,1
6,7,1,0,327,60,3,28,77,1390,0,3,0,2,2
5,2,0,0,120,74,0,31,68,949,0,2,0,2,2
3,1,1,0,321,56,3,39,68,802,0,3,0,2,2
5,0,2,0,67,82,3,37,65,990,0,3,1,1,1
3,1,1,0,337,55,2,30,73,1265,0,3,0,0,0
4,2,0,0,244,66,1,22,58,493,0,3,0,2,2
3,0,2,0,149,73,3,39,58,1654,0,3,0,1,1
3,0,2,0,245,71,1,39,53,1743,1,2,0,2,0
6,3,0,0,52,85,3,20,43,1784,0,3,0,1,1
6,3,0,0,212,67,0,33,77,1302,0,3,0,2,2
4,6,2,0,179,72,2,39,78,1649,0,0,0,2,2
5,2,0,0,313,59,0,21,86,1230,0,1,0,0,0
2,2,0,0,152,73,0,38,45,1146,1,2,0,2,2
5,4,0,1,525,39,0,25,65,522,0,1,0,3,3
6,0,2,1,525,34,0,28,50,1313,0,3,1,3,3
1,5,1,0,60,83,0,22,42,317,0,3,0,1,1
5,1,1,0,176,76,3,28,80,1787,1,3,0,2,1
5,4,0,0,311,62,2,34,74,1043,0,3,0,2,2
3,2,0,0,55,84,2,22,84,428,0,3,0,1,1
4,3,0,0,323,54,3,39,74,662,0,3,0,2,2
1,3,0,0,111,78,1,24,43,1335,1,3,0,2,2
4,1,1,0,220,65,0,27,79,358,0,3,0,2,2
1,6,2,0,77,82,3,37,88,839,0,3,0,1,1
2,1,1,0,346,53,0,40,87,1608,0,3,0,2,2
5,3,0,0,325,61,3,38,85,1328,1,3,1,0,0
1,3,0,0,280,61,3,38,46,794,0,3,0,2,2
4,3,0,1,509,45,0,26,61,701,0,3,0,3,3
4,4,0,0,212,66,0,36,44,1503,0,0,0,2,2
3,6,2,0,109,77,3,23,89,559,0,3,0,1,1
2,1,1,0,119,74,2,33,59,1094,0,3,0,2,1
0,6,2,0,323,60,3,24,81,1762,1,1,0,2,2
3,7,1,0,141,81,1,39,40,1364,0,3,0,2,1
6,1,1,0,162,70,0,34,78,903,0,1,0,2,2
1,4,0,0,205,66,1,29,41,842,0,3,0,2,2
3,6,2,0,122,80,0,35,63,662,0,3,0,1,1
2,0,2,0,72,85,2,30,52,718,0,3,0,1,1
2,1,1,0,91,77,1,24,79,807,0,3,0,2,2
0,3,0,0,152,70,0,26,68,1302,1,3,0,2,2
6,6,2,0,118,74,2,26,92,1137,0,2,0,2,2
3,1,1,0,186,72,0,26,74,812,0,3,0,2,2
5,0,2,0,98,84,0,26,71,1252,0,3,0,1,1
1,1,1,0,229,67,2,35,68,564,0,3,0,2,2
0,6,2,0,177,70,2,23,78,1712,0,3,0,2,2
1,4,0,0,288,57,0,26,80,1049,1,3,0,2,0
4,1,1,0,315,59,0,35,72,723,1,2,0,0,0
1,7,1,0,316,54,2,36,40,1140,1,3,0,0,0
6,1,1,0,303,60,3,24,46,1495,0,3,0,2,2
3,3,0,0,287,59,1,21,56,1773,0,3,0,2,2
6,3,0,1,650,26,1,31,47,739,0,3,0,3,3
5,3,0,0,225,68,3,35,61,1040,0,1,0,2,2
4,6,2,0,272,63,0,20,94,733,0,3,0,2,1
1,7,1,0,267,69,2,37,52,1459,0,3,0,2,0
5,2,0,0,125,74,3,22,65,928,0,1,0,2,2
5,2,0,0,262,61,3,23,69,1451,0,3,0,2,2
4,7,1,1,596,31,1,28,60,997,0,3,0,3,3
5,3,0,1,623,29,3,22,61,977,0,3,0,3,3
0,5,1,0,54,84,0,36,50,983,0,3,0,1,1
3,2,0,0,226,63,2,32,66,812,0,3,0,2,2
0,1,1,0,108,75,2,21,52,300,0,3,0,2,2
3,6,2,0,347,61,1,35,68,704,0,3,0,2,0
4,4,0,1,376,53,1,30,90,780,0,3,0,0,0
3,7,1,0,251,62,1,34,74,553,0,3,0,2,2
3,5,1,0,283,58,0,20,48,1305,0,3,0,2,2
4,6,2,1,604,35,1,21,56,1394,0,3,0,3,3
6,2,0,0,135,76,2,38,69,1161,0,3,0,2,2
5,5,1,0,322,54,0,28,40,1794,0,3,0,2,2
4,0,2,0,304,57,1,37,49,1413,0,3,0,2,2
6,6,2,0,240,69,3,34,45,1705,0,3,0,1,2
0,1,1,0,181,71,1,26,87,686,0,3,0,2,2
1,2,0,0,123,74,1,28,81,1420,0,3,0,2,1
6,7,1,0,280,67,1,38,61,1784,0,3,0,2,2
2,4,0,1,600,35,3,20,90,1500,0,3,0,3,3
3,4,0,0,334,61,3,21,41,1241,1,3,0,2,0
3,1,1,0,226,63,1,21,90,1039,0,3,0,2,2
4,3,0,0,160,75,3,35,81,1586,0,3,0,1,1
3,3,0,1,413,51,1,36,63,1095,1,0,1,3,3
4,0,2,1,444,50,1,30,92,1469,0,3,0,0,3
4,0,2,0,72,85,0,34,57,1353,0,3,0,1,1
3,1,1,0,213,73,2,38,66,1708,0,3,0,2,2
2,6,2,0,213,67,0,38,65,1182,1,3,0,2,1
6,1,1,0,286,66,1,27,87,1005,0,3,0,2,0
4,4,0,0,231,69,1,32,56,1057,0,3,0,2,2
4,0,2,0,84,79,3,31,92,1732,0,3,1,2,1
2,5,1,1,602,29,0,36,95,1687,1,3,0,3,3
2,4,0,0,200,73,0,36,92,578,0,3,0,2,2
1,0,2,1,507,42,3,30,41,1306,0,2,0,3,3
3,3,0,1,584,32,2,32,40,1304,1,3,0,3,3
4,5,1,0,313,60,3,39,45,1352,0,3,1,0,0
6,5,1,0,198,68,0,40,74,827,0,3,0,2,2
0,2,0,0,168,71,1,31,90,430,0,3,0,2,2
6,5,1,0,259,68,0,40,69,330,0,3,0,2,2
2,2,0,1,443,46,3,26,88,1106,1,0,1,3,3
2,6,2,0,310,57,3,31,76,440,0,3,0,2,1
2,0,2,0,216,71,3,37,49,1036,0,0,0,2,1
4,1,1,0,276,63,1,25,85,618,0,3,0,2,0
6,1,1,0,315,62,3,37,91,650,0,3,0,2,2
6,7,1,0,280,59,3,23,78,1192,1,3,0,2,2
3,6,2,0,142,72,3,40,77,952,0,3,0,1,1
5,3,0,0,151,74,2,36,84,1537,1,3,0,2,2
5,5,1,0,279,58,0,38,78,746,0,3,0,2,0
0,3,0,0,300,60,3,33,72,1275,0,3,0,2,2
2,1,1,0,332,59,2,40,57,1645,0,3,0,0,0
4,0,2,1,582,29,2,36,78,1013,0,1,0,3,3
5,6,2,0,189,72,0,38,42,1607,0,0,0,2,2
0,5,1,0,267,63,1,22,63,1048,1,3,0,0,0
3,4,0,0,198,74,3,28,68,724,0,3,0,1,1
2,6,2,0,341,58,1,30,41,653,0,3,0,2,2
5,0,2,0,153,76,1,25,62,323,0,1,0,2,2
1,7,1,0,229,66,2,34,61,1408,0,3,0,2,2
4,7,1,0,248,70,3,39,55,1668,0,3,0,2,2
4,3,0,0,314,54,2,28,89,414,0,3,0,2,0
0,4,0,0,225,66,1,35,60,1294,1,1,0,0,0
6,5,1,0,157,77,0,35,83,1301,0,3,0,2,2
0,6,2,0,294,65,0,33,94,1551,0,1,0,2,0
2,5,1,0,194,69,2,33,71,386,0,3,1,0,0
3,7,1,0,287,58,0,30,77,964,0,3,0,2,2
3,5,1,0,149,77,1,34,50,533,1,3,0,2,2
1,3,0,0,117,80,0,38,52,908,1,3,0,2,1
5,0,2,0,170,75,3,20,40,1291,0,3,0,1,1
5,7,1,0,186,77,1,33,62,1083,0,3,0,2,2
4,0,2,0,193,74,0,26,68,1228,0,3,0,1,2
0,6,2,0,320,60,1,27,45,1481,0,3,0,2,2
4,0,2,0,214,69,3,30,83,1275,0,3,0,1,2
1,5,1,0,317,63,2,28,89,784,0,3,0,0,2
1,3,0,0,345,52,3,37,66,1702,0,3,0,2,2
3,0,2,0,317,62,1,20,77,1361,0,3,0,2,0
0,2,0,0,274,58,1,33,84,313,0,3,0,2,2
4,1,1,0,316,54,2,22,48,885,0,3,0,0,2
4,2,0,0,243,61,3,38,64,1173,0,3,0,2,1
5,1,1,0,278,68,1,26,52,420,1,0,0,0,0
1,2,0,0,348,56,2,21,78,1242,0,1,0,0,0
3,3,0,0,58,85,1,26,92,872,0,3,0,1,2
3,2,0,0,302,55,1,34,88,1561,0,3,0,2,2
0,2,0,0,244,62,1,31,77,885,0,3,0,2,2
6,0,2,0,190,72,1,28,50,1654,0,3,0,2,2
4,7,1,0,247,69,1,26,80,1557,0,3,0,2,2
1,6,2,0,61,82,2,25,53,827,0,3,0,1,1
6,5,1,0,245,63,2,31,57,1003,0,3,0,2,0
5,3,0,0,343,57,0,32,62,577,0,3,1,0,0
3,5,1,0,75,80,0,27,84,1207,0,3,0,1,1
5,5,1,0,296,63,2,24,87,1314,1,3,0,0,0
2,4,0,0,308,62,2,29,74,665,1,2,0,0,0
4,3,0,1,589,35,1,25,71,932,0,3,0,3,3
3,1,1,0,263,68,3,36,45,809,0,3,0,2,2
1,7,1,0,288,65,0,40,93,781,0,3,0,2,2
4,1,1,0,286,64,0,36,40,1042,0,3,0,2,0
6,1,1,1,661,26,3,27,48,1195,0,0,0,3,3
2,2,0,0,229,73,0,30,54,1327,0,3,0,2,2
2,6,2,0,211,64,3,36,57,1406,0,3,0,1,1
3,0,2,0,278,58,3,25,92,346,0,3,0,2,1
1,1,1,0,147,77,3,25,49,1276,0,3,0,1,1
6,1,1,0,85,85,2,32,85,1783,0,3,0,2,2
4,4,0,1,546,34,1,27,76,509,0,2,0,3,3
5,6,2,0,75,88,2,35,70,1186,0,3,0,1,2
4,5,1,0,286,64,0,23,74,1083,0,3,0,2,0
2,0,2,0,82,82,2,21,49,380,0,3,1,2,2
3,3,0,1,392,55,2,27,76,486,0,3,0,3,3
5,1,1,0,284,62,2,26,76,1219,0,3,0,2,2
1,7,1,0,280,63,1,20,57,1052,0,3,0,2,2
4,3,0,0,82,78,2,20,40,1511,1,3,0,2,2
2,4,0,1,453,49,1,20,59,1201,0,3,0,3,3
2,0,2,0,259,67,0,22,72,771,0,3,0,2,2
0,4,0,0,146,72,2,29,63,1009,0,3,0,2,2
6,7,1,0,88,87,0,27,61,1010,1,3,0,2,2
2,1,1,0,254,70,1,29,66,958,0,3,0,2,2
1,3,0,0,285,66,1,32,69,466,0,3,0,2,2
1,5,1,1,436,50,1,29,73,1091,0,3,0,3,3
4,5,1,0,159,73,3,20,67,984,0,3,0,2,1
5,0,2,1,665,20,2,30,53,1422,0,3,0,3,3
1,2,0,0,350,60,0,39,89,1376,0,3,0,2,2
5,4,0,0,215,73,0,23,67,738,1,3,0,2,2
5,3,0,0,342,51,1,29,43,1285,0,3,0,2,2
3,2,0,0,297,58,2,38,76,1296,0,3,0,2,2
0,3,0,0,346,60,3,20,70,1140,0,0,0,2,2
3,6,2,0,322,53,2,38,41,1686,0,3,0,2,2
4,3,0,0,205,74,1,40,68,1027,1,1,0,2,0
4,6,2,1,516,35,0,26,75,1161,0,3,0,3,3
4,5,1,0,59,88,2,40,69,1521,0,3,0,2,1
0,5,1,0,284,60,2,39,74,626,0,3,0,2,2
0,7,1,0,56,86,2,30,50,1200,0,3,0,2,1
5,5,1,0,301,60,2,20,85,941,0,0,0,0,0
1,6,2,0,270,68,3,38,57,889,1,1,0,2,0
3,6,2,0,337,53,2,37,79,1752,0,3,0,2,0
5,2,0,0,201,70,0,33,45,1186,1,3,0,2,2
0,6,2,0,134,77,3,31,76,1376,0,3,0,1,1
4,0,2,0,69,83,2,26,57,378,0,3,0,1,1
2,3,0,0,98,84,2,28,68,1217,1,3,0,2,2
4,0,2,0,159,74,0,27,93,986,0,3,0,1,1
0,0,2,1,437,47,3,39,84,1256,0,3,0,0,0
6,6,2,0,203,73,2,23,64,1320,0,3,0,2,2
6,6,2,0,284,58,2,33,55,1661,0,3,0,2,2
0,7,1,0,91,82,2,22,49,427,0,1,0,2,2
1,2,0,0,154,74,0,35,77,335,0,3,0,1,1
2,5,1,0,184,75,2,38,72,1423,0,3,0,2,2
3,1,1,0,178,74,3,37,93,1570,0,3,1,2,2
3,5,1,0,102,78,2,34,62,1591,0,3,0,2,2
6,0,2,1,668,25,2,33,87,1441,1,3,0,3,3
0,7,1,0,255,65,1,28,52,458,0,3,0,2,2
5,3,0,0,342,55,3,29,66,720,0,3,1,0,2
3,1,1,1,387,53,2,34,60,1235,0,3,0,3,0
3,1,1,0,163,74,3,27,48,843,0,3,0,2,1
5,4,0,0,120,81,1,23,72,492,0,3,0,2,1
2,4,0,1,456,48,1,26,40,1549,0,3,0,3,0
5,7,1,0,79,82,3,22,43,1224,1,3,0,1,2
4,5,1,0,305,59,3,25,82,1488,0,3,0,2,2
0,1,1,0,82,86,3,27,88,1230,1,3,0,1,2
2,3,0,0,166,77,1,37,60,352,1,3,0,2,2
3,7,1,1,590,26,1,21,89,943,0,3,0,3,3
3,6,2,1,366,54,2,23,85,1121,1,0,0,3,3
2,6,2,0,52,83,1,40,48,1047,0,3,0,1,1
6,0,2,0,104,85,1,25,69,1777,0,3,0,1,1
3,2,0,1,686,18,1,33,59,935,0,3,0,3,3
1,4,0,0,240,62,3,28,54,1639,0,3,0,2,2
4,1,1,0,67,85,0,21,65,1093,1,1,0,2,2
4,0,2,0,293,64,2,25,63,1618,0,3,0,2,2
2,0,2,0,278,58,2,29,68,336,0,3,0,2,2
5,1,1,0,263,69,0,22,71,1208,0,3,1,0,0
0,0,2,0,218,65,2,22,53,513,0,1,0,2,2
1,6,2,0,299,62,1,40,75,1027,1,3,0,2,2
4,0,2,0,211,72,2,28,84,1145,0,3,0,2,2
3,3,0,0,170,73,2,29,88,386,0,1,0,2,0
6,1,1,0,50,82,0,32,62,799,0,3,0,1,1
2,7,1,0,235,64,3,35,84,1102,0,3,0,2,2
3,5,1,0,166,79,3,34,55,493,0,3,0,2,2
0,6,2,0,338,61,0,33,88,1751,0,3,0,2,2
0,0,2,1,513,37,1,25,89,1008,0,3,0,3,3
0,1,1,0,117,83,0,39,78,669,1,3,0,2,2
2,0,2,0,244,61,1,28,95,455,1,3,0,2,2
5,0,2,1,373,50,0,29,66,1469,0,3,1,3,3
1,7,1,0,273,62,0,30,59,595,0,3,0,2,2
4,5,1,0,308,64,0,22,91,1032,0,3,1,0,0
6,0,2,1,620,29,3,34,89,763,0,3,0,3,3
6,4,0,0,265,68,3,34,41,938,0,3,0,2,2
3,1,1,0,101,81,2,32,49,801,0,3,0,2,2
1,3,0,1,672,27,0,23,62,514,1,3,0,3,3
4,3,0,0,56,81,1,26,41,712,0,3,1,2,2
5,2,0,1,523,39,2,30,79,436,0,3,1,3,3
4,7,1,0,245,64,2,25,51,1478,0,3,0,2,2
1,2,0,0,265,61,0,24,90,930,0,3,0,2,2
2,5,1,0,141,76,3,26,51,859,0,3,0,1,2
4,7,1,0,202,65,2,28,84,1343,0,3,0,2,0
4,0,2,0,345,54,1,32,60,1514,0,3,0,2,2
5,5,1,0,149,74,0,30,87,1372,0,3,0,2,2
4,5,1,0,159,79,2,28,47,476,1,3,0,2,2
1,2,0,0,217,67,2,35,44,1352,0,3,0,2,2
6,2,0,0,146,79,0,23,52,646,0,1,0,2,1
6,3,0,1,551,32,2,39,56,963,0,3,0,3,3
5,7,1,0,230,63,0,24,80,745,0,3,0,2,2
2,0,2,1,689,19,1,27,72,721,1,3,1,3,3
2,7,1,0,318,55,2,32,49,547,0,3,0,0,2
3,7,1,0,313,57,3,26,95,486,0,3,0,2,2
5,2,0,0,84,87,2,38,56,1383,0,3,0,1,1
5,5,1,1,460,47,2,34,67,1432,1,3,0,3,3
4,5,1,1,468,45,2,30,54,1296,0,3,0,3,3
4,2,0,0,187,73,3,40,85,1679,0,3,0,1,1
1,6,2,0,106,75,1,29,55,791,0,3,0,1,2
2,6,2,0,188,74,2,30,53,1321,0,3,0,2,1
4,5,1,0,327,53,1,29,86,1635,0,3,0,0,0
2,3,0,0,229,64,2,27,42,1174,0,3,0,2,2
3,1,1,0,91,86,3,21,48,1638,0,3,0,1,1
1,5,1,1,605,34,2,27,59,825,1,3,0,3,3
3,1,1,0,240,62,3,24,46,745,0,3,0,2,2
6,4,0,0,246,68,0,29,60,403,0,1,0,2,2
6,7,1,0,123,79,3,31,47,1490,0,3,0,1,1
5,4,0,1,537,41,2,37,81,329,1,1,0,3,3
4,7,1,0,342,54,1,37,69,550,0,3,0,0,0
2,0,2,1,538,38,3,31,62,1422,1,0,0,3,3
4,4,0,0,106,82,1,29,54,532,1,0,0,2,2
3,7,1,0,350,52,2,40,55,1564,1,3,0,0,0
3,5,1,0,83,87,0,28,85,775,0,3,0,1,1
4,0,2,0,204,73,1,30,55,1626,0,3,0,2,2
6,6,2,0,111,81,3,23,85,1244,0,0,0,1,1
0,5,1,1,692,18,3,24,89,595,0,3,1,3,3
5,4,0,0,208,71,0,35,65,627,0,3,0,2,2
0,0,2,0,146,73,0,22,92,1590,0,3,0,1,2
4,2,0,0,259,68,1,30,44,325,0,3,0,2,2
5,1,1,0,273,62,0,27,72,783,0,3,0,2,2
5,7,1,0,288,58,3,20,78,709,0,3,0,2,2
0,0,2,0,321,53,2,34,73,1019,0,3,0,2,2
5,4,0,1,473,43,2,35,50,828,1,3,0,3,3
1,2,0,0,292,57,3,22,84,617,0,3,0,2,2
2,1,1,0,232,67,3,33,87,927,0,3,0,2,2
1,6,2,1,663,21,2,37,85,923,0,3,0,3,3
3,6,2,1,632,22,3,31,60,543,1,3,0,3,3
0,1,1,0,179,76,3,20,95,1635,0,3,0,2,1
6,6,2,1,559,30,3,35,40,1709,0,3,0,3,0
0,2,0,0,149,73,3,35,42,744,1,3,0,1,1
6,3,0,1,399,55,3,27,74,1337,1,3,0,0,0
3,2,0,0,333,57,3,36,59,805,0,3,0,2,2
4,6,2,0,212,71,0,40,62,905,0,1,0,2,2
0,2,0,0,334,55,0,34,58,934,0,3,0,2,2
4,1,1,0,99,76,3,36,46,1733,0,3,0,1,1
1,3,0,0,130,77,0,21,92,858,1,3,0,2,1
6,5,1,0,121,79,3,21,63,1502,0,3,1,2,2
1,7,1,0,168,76,0,35,91,687,0,3,0,2,2
6,7,1,1,415,45,0,39,72,1727,0,1,0,3,3
4,5,1,1,523,41,1,22,70,978,0,1,0,3,3
2,1,1,1,647,30,2,26,78,1233,0,2,0,3,3
5,1,1,1,669,19,1,38,78,1777,0,3,0,3,3
6,0,2,0,311,54,3,25,46,1444,0,3,0,2,2
1,4,0,0,282,67,0,23,40,714,0,3,0,2,2
3,1,1,0,113,82,2,40,77,1414,1,3,0,2,2
0,6,2,0,202,73,1,20,66,305,1,3,0,2,1
2,1,1,0,257,60,0,28,57,754,1,3,0,2,0
1,0,2,1,395,49,2,22,65,1130,0,3,0,0,0
4,2,0,1,440,51,1,34,85,1317,0,3,0,3,3
4,4,0,0,335,52,2,30,86,1673,0,3,0,2,2
6,5,1,0,108,84,0,27,48,389,1,3,0,2,2
6,0,2,0,166,70,0,31,90,991,0,3,0,1,1
2,4,0,1,646,27,1,38,90,1788,0,3,0,3,3
4,0,2,0,155,73,0,27,73,581,0,3,0,1,1
0,2,0,0,102,84,0,26,49,378,1,3,1,2,2
4,3,0,0,106,76,2,36,51,693,0,3,0,2,1
5,6,2,0,335,54,2,21,63,1062,0,3,0,2,2
3,2,0,0,277,67,3,23,68,1315,0,3,0,2,2
4,0,2,0,182,71,2,38,74,1261,0,3,1,2,2
2,5,1,1,579,38,0,29,61,914,0,3,0,3,3
3,6,2,0,254,63,3,35,66,405,0,3,0,1,2
6,5,1,0,127,76,0,20,69,1429,0,3,0,2,2
4,3,0,1,534,40,1,35,92,1521,0,3,0,3,3
1,5,1,0,200,68,3,21,68,1324,0,3,0,2,1
1,7,1,1,565,31,2,35,46,1129,0,3,0,3,3
5,3,0,0,310,64,2,28,69,1782,0,1,0,0,2
4,7,1,0,231,70,3,34,80,1644,0,3,0,2,2
0,3,0,1,379,58,0,31,87,898,0,3,0,0,0
3,6,2,1,646,27,1,35,80,1013,0,3,0,3,3
1,4,0,0,228,68,1,35,90,1610,0,3,0,2,2
6,1,1,1,502,37,3,21,94,1327,1,3,0,3,3
2,5,1,1,692,22,1,30,84,961,0,1,0,3,3
2,1,1,1,412,46,3,40,74,1370,0,3,0,0,3
5,4,0,0,142,76,3,29,59,384,0,3,0,1,1
0,4,0,0,255,69,2,39,57,985,1,3,0,2,0
0,1,1,0,336,61,1,30,45,1736,0,3,0,0,2
6,2,0,0,74,78,3,31,83,307,0,3,0,1,1
3,2,0,0,225,63,0,20,79,1070,1,3,0,2,2
5,7,1,1,691,17,2,28,64,681,1,3,0,3,3
5,6,2,0,196,73,1,20,62,663,1,3,0,2,2
6,1,1,0,330,52,2,35,88,1155,0,1,0,0,0
3,2,0,0,259,63,3,27,75,804,1,0,0,2,2
2,7,1,1,577,33,2,35,46,371,0,3,0,3,3
2,3,0,1,530,37,2,32,63,1583,0,3,0,3,3
2,6,2,0,171,75,0,26,70,1322,1,3,1,2,2
1,7,1,0,150,79,0,28,63,1439,0,1,0,2,2
4,6,2,0,199,75,3,23,61,782,0,3,0,1,2
6,3,0,0,328,53,2,37,58,843,0,3,0,2,2
0,6,2,0,110,75,0,29,83,386,0,3,0,1,1
3,2,0,1,432,44,2,38,78,443,1,3,0,3,3
6,6,2,0,164,72,0,26,58,407,1,3,0,2,1
6,2,0,0,166,78,0,23,90,1177,1,3,0,2,2
1,4,0,0,86,83,1,38,64,1320,0,3,0,1,1
2,7,1,0,180,77,3,36,47,1149,1,3,0,2,2
2,3,0,1,614,24,2,28,47,505,1,3,0,3,3
0,5,1,0,67,87,0,31,83,1663,0,3,0,1,1
5,6,2,0,169,79,2,34,85,966,0,3,0,2,2
1,3,0,0,112,84,2,31,48,1396,0,3,0,2,2
5,1,1,0,311,62,1,22,85,1712,0,3,0,0,0
1,1,1,0,203,70,0,28,77,992,0,3,0,2,2
4,4,0,0,106,76,1,31,46,543,0,3,0,2,2
4,4,0,1,505,38,0,32,93,588,0,3,0,3,3
6,1,1,0,207,69,0,26,45,310,0,3,0,2,2
0,4,0,0,263,61,0,25,62,1227,0,2,0,2,0
5,4,0,1,567,34,1,26,72,1038,0,1,0,3,3
6,1,1,0,126,82,2,31,68,591,0,3,0,2,2
4,2,0,1,466,48,1,26,54,1439,0,3,0,3,0
6,0,2,0,250,70,0,23,84,1771,1,3,0,2,2
6,7,1,0,171,74,2,30,81,913,0,3,0,2,2
2,7,1,1,351,57,0,36,65,1044,0,3,0,0,0
2,5,1,0,298,64,2,38,92,1668,0,3,0,0,0
1,4,0,0,56,88,1,39,58,499,0,3,0,1,1
0,7,1,0,129,81,2,35,76,652,0,3,0,2,2
5,4,0,0,127,83,3,27,55,1718,0,3,0,1,1
0,5,1,0,303,55,1,27,45,1049,0,3,1,0,0
2,5,1,0,340,57,3,32,87,1034,0,1,0,0,2
3,4,0,0,132,75,2,32,57,885,0,3,1,2,2
3,5,1,1,441,45,1,39,82,797,0,3,0,3,3
1,2,0,0,151,73,2,40,47,1144,1,2,0,2,0
6,3,0,0,316,54,1,25,93,967,0,3,0,2,2
0,1,1,0,159,80,3,32,58,1001,0,3,0,2,1
2,1,1,0,196,66,1,25,42,1100,0,3,0,2,2
4,7,1,0,341,60,2,30,80,1166,0,3,0,0,0
0,1,1,0,185,74,3,37,81,862,0,3,0,2,2
0,3,0,0,82,79,2,21,58,801,0,3,0,1,2
1,1,1,0,287,62,3,36,40,707,0,3,0,2,2
3,0,2,0,129,80,0,40,73,942,0,3,0,1,1
3,0,2,0,148,79,0,34,69,969,0,3,0,1,1
2,7,1,0,114,83,0,38,44,1098,0,3,0,2,2
4,0,2,0,161,69,3,31,64,1738,0,1,0,2,1
2,5,1,0,318,58,3,21,41,316,0,2,0,0,0
3,1,1,1,575,29,1,23,69,376,0,3,0,3,3
0,0,2,0,228,66,0,30,90,1732,0,3,0,2,2
6,6,2,0,110,80,0,30,65,766,0,3,0,1,1
6,6,2,0,186,77,0,25,43,332,0,1,0,2,2
2,4,0,0,341,51,0,33,72,755,0,1,0,0,0
2,3,0,0,71,87,1,25,49,1027,0,3,0,1,1
0,3,0,0,323,54,1,38,57,603,0,3,0,2,0
4,5,1,0,181,71,1,36,91,1304,0,3,0,2,2
6,3,0,0,94,82,3,36,91,601,0,3,0,1,1
1,5,1,0,326,59,1,26,59,1630,0,3,0,0,2
4,0,2,0,216,73,1,24,78,1008,0,0,0,2,2
2,5,1,0,265,65,0,21,43,379,0,3,0,2,2
4,1,1,0,146,77,3,25,65,898,0,3,0,1,1
5,3,0,0,337,53,1,40,89,867,0,3,0,2,2
2,1,1,0,150,80,2,34,63,353,0,3,0,2,2
0,6,2,0,233,69,1,34,55,1085,0,3,0,2,2
1,3,0,0,203,65,0,25,95,1176,0,3,0,2,2
5,4,0,0,310,56,1,30,50,1589,0,3,0,2,2
1,6,2,0,81,80,0,32,49,779,1,3,0,1,2
5,3,0,0,222,72,0,34,48,1138,1,3,0,2,2
3,5,1,0,280,61,3,28,70,450,0,3,1,0,0
3,3,0,1,563,34,0,36,76,662,0,3,0,3,3
6,6,2,1,481,47,2,22,93,1094,0,3,0,3,3
4,6,2,0,101,82,3,37,66,964,0,3,0,1,1
6,6,2,0,142,71,2,22,68,1389,0,3,0,2,1
4,4,0,1,476,45,0,25,71,1237,0,3,0,3,0
5,4,0,0,187,76,0,25,63,973,0,3,0,2,1
6,3,0,0,274,60,1,20,48,1609,0,3,0,2,2
1,3,0,1,443,50,0,34,56,529,0,0,0,3,3
2,7,1,1,526,40,1,31,77,905,0,3,0,3,3
4,6,2,0,91,81,0,23,85,938,0,3,0,1,1
3,5,1,0,124,74,3,38,88,1570,0,3,0,1,2
0,3,0,0,91,82,0,37,72,674,0,3,0,1,1
2,0,2,0,84,78,0,21,76,976,0,3,0,1,1
1,2,0,0,215,70,2,33,95,1290,0,3,0,2,2
2,3,0,0,169,76,0,33,55,1602,0,3,0,2,2
2,3,0,0,343,58,1,24,73,772,0,1,0,0,0
0,1,1,0,313,57,2,25,50,1517,0,0,0,0,0
6,4,0,1,672,28,3,36,62,1396,0,3,1,3,3
2,6,2,0,138,73,0,25,71,604,0,3,1,2,2
4,4,0,0,79,83,3,27,72,920,0,3,0,1,1
3,6,2,0,97,78,1,29,43,1192,0,3,0,1,2
3,0,2,0,124,78,3,24,61,1177,0,2,0,1,1
2,2,0,0,180,76,2,40,40,438,1,3,0,2,2
3,1,1,0,312,57,1,38,43,1247,0,3,0,0,2
6,4,0,0,218,74,3,38,74,1111,0,3,0,2,2
1,0,2,0,172,73,2,29,43,475,0,0,0,2,2
5,4,0,0,227,72,3,20,59,1052,0,3,0,2,1
0,2,0,1,453,41,3,26,56,1168,1,3,0,0,0
6,4,0,0,170,75,3,23,64,1359,0,3,0,1,1
6,2,0,0,241,67,1,36,73,1672,0,0,0,2,2
1,6,2,0,330,52,2,30,61,1704,1,3,0,2,0
3,0,2,0,75,88,3,29,48,1410,0,3,0,1,1
6,7,1,0,77,88,0,29,84,635,0,3,0,1,1
2,0,2,0,315,59,0,30,88,746,0,3,0,2,2
2,6,2,0,131,78,1,37,91,1685,0,3,0,1,2
4,4,0,0,124,74,0,39,84,378,0,3,1,2,2
4,6,2,1,496,39,2,40,55,365,0,3,0,3,3
1,1,1,0,305,56,2,24,59,1042,0,3,0,0,0
3,7,1,0,209,74,3,39,79,1794,1,3,0,2,2
6,2,0,0,312,60,2,27,68,1559,0,3,0,2,0
0,6,2,1,363,51,0,29,89,780,0,3,0,0,0
1,3,0,0,154,80,1,29,91,497,0,3,0,2,1
6,0,2,0,255,66,1,23,83,784,1,3,0,2,2
4,5,1,0,260,66,0,37,94,1568,0,3,0,2,0
1,6,2,0,292,60,0,20,62,1044,0,3,0,2,2
4,4,0,1,699,17,2,39,92,1709,1,3,0,3,3
3,4,0,0,340,55,1,36,70,1384,0,3,0,2,2
5,3,0,0,82,80,1,21,89,1646,0,0,0,2,2
4,3,0,1,417,50,3,38,72,1203,0,3,0,0,0
1,7,1,1,673,28,0,40,55,512,0,3,0,3,3
1,7,1,0,109,76,0,28,50,649,0,3,0,2,1
4,4,0,1,438,52,2,20,45,1439,0,3,0,3,0
4,6,2,0,330,60,0,32,62,1526,0,3,0,2,2
6,7,1,0,173,76,0,29,50,323,0,3,0,2,2
3,5,1,0,342,51,3,31,90,557,0,0,0,0,0
1,4,0,0,155,73,2,39,88,1564,0,0,0,2,2
6,3,0,0,59,84,1,36,52,1070,1,3,0,2,2
2,5,1,0,112,84,0,22,83,778,0,2,0,2,2
1,5,1,0,246,61,2,35,93,891,0,3,0,2,2
6,1,1,0,191,72,3,28,64,1114,0,3,0,2,2
5,1,1,0,232,62,2,26,68,870,0,3,0,2,2
4,2,0,0,182,77,0,31,83,456,0,3,0,2,1
2,4,0,0,223,73,0,37,84,364,0,3,0,2,2
1,1,1,0,161,73,2,27,44,847,0,3,0,2,2
6,3,0,0,202,67,2,37,45,1701,0,3,0,2,2
1,6,2,0,64,82,1,35,85,346,0,3,0,1,1
4,4,0,0,70,80,0,39,84,1138,1,3,1,2,2
1,6,2,0,180,67,1,40,44,1160,0,1,0,2,2
2,6,2,1,563,37,3,40,41,650,0,3,0,3,0
5,7,1,0,350,58,3,28,53,520,0,3,0,2,2
3,2,0,0,181,67,0,30,50,1243,0,3,0,2,1
4,7,1,0,160,77,1,34,50,876,0,1,0,2,0
5,5,1,0,226,63,1,29,49,1532,0,3,0,2,2
2,7,1,0,333,58,1,27,60,1064,0,0,0,0,0
1,5,1,0,164,69,3,36,69,867,0,3,0,2,2
6,6,2,0,182,69,3,39,72,1294,0,3,0,1,1
1,5,1,0,90,85,3,21,59,1706,0,3,0,1,1
2,7,1,0,67,85,2,24,43,718,0,3,0,2,1
4,5,1,0,339,56,2,28,88,1489,0,3,0,0,2
0,0,2,0,168,69,1,20,49,1347,0,3,0,2,1
2,6,2,1,558,36,0,38,66,582,0,3,0,3,3
6,2,0,0,314,63,1,21,48,683,0,3,0,2,2
4,7,1,0,314,56,3,25,44,474,1,3,1,0,0
3,4,0,1,446,47,1,33,61,1643,1,3,0,3,3
1,4,0,0,256,70,2,27,93,1368,0,3,0,2,2
2,5,1,0,167,78,3,36,77,1674,1,3,1,2,2
1,2,0,0,220,63,0,26,88,1172,0,3,0,2,2
6,0,2,1,540,32,2,20,44,613,0,3,0,3,3
4,5,1,1,632,31,1,26,57,1115,0,2,0,3,3
4,5,1,0,306,61,2,28,59,601,0,3,1,0,0
1,5,1,0,130,74,1,37,91,530,0,3,0,2,2
0,5,1,1,589,36,3,39,82,775,0,3,0,3,3
6,1,1,1,401,54,3,35,82,1491,0,3,0,0,0
0,5,1,0,210,65,2,40,51,641,0,3,0,2,2
3,0,2,1,425,47,2,29,81,321,0,3,0,0,0
5,1,1,0,312,54,0,24,60,1400,0,3,1,0,0
2,0,2,0,324,59,1,33,94,858,1,0,0,0,0
5,5,1,1,467,40,1,21,69,1070,0,3,0,3,3
3,1,1,0,174,77,0,39,89,362,0,3,0,2,2
3,6,2,0,339,58,2,34,78,501,0,1,0,0,0
0,3,0,1,485,38,1,40,63,1699,0,3,0,3,3
0,6,2,0,277,61,0,40,74,309,1,3,0,2,2
3,1,1,0,335,61,0,29,47,1043,0,3,1,0,0
0,3,0,0,299,57,2,35,61,930,0,1,0,0,2
4,6,2,0,306,57,3,33,61,1438,1,1,0,2,2
1,6,2,0,293,57,3,28,57,1408,0,3,0,2,2
0,4,0,0,338,52,1,27,53,481,0,3,0,2,0
3,4,0,1,647,30,0,37,68,385,0,3,0,3,3
0,4,0,0,271,58,1,30,57,757,0,3,0,2,2
4,1,1,0,71,88,2,32,85,1230,1,3,0,2,2
4,1,1,0,215,68,3,35,60,336,0,3,0,2,2
2,1,1,0,78,78,2,26,89,908,0,0,0,2,2
1,6,2,1,540,37,3,31,54,1277,0,3,0,0,0
6,6,2,0,91,85,1,39,75,1314,0,3,0,1,1
3,0,2,0,145,79,1,38,93,1098,0,3,0,1,2
5,3,0,1,634,23,2,36,91,550,0,3,0,3,3
3,4,0,0,195,74,0,22,53,915,0,3,0,2,2
1,7,1,0,257,67,1,28,83,1554,0,3,0,2,2
3,4,0,0,247,62,0,22,90,956,0,0,0,2,2
2,0,2,0,154,80,0,37,88,1321,0,3,0,1,1
1,7,1,1,439,49,3,21,72,640,0,3,0,0,0
2,2,0,1,688,17,3,26,73,842,0,3,0,3,3
1,1,1,0,212,70,1,26,93,819,0,3,0,2,2
5,6,2,0,266,62,0,35,52,1254,0,3,0,2,2
6,3,0,0,147,74,2,20,82,850,0,3,1,2,2
5,2,0,0,90,83,3,27,64,743,0,3,0,1,1
4,6,2,0,224,68,0,35,58,806,0,3,0,2,2
2,5,1,0,140,75,0,23,64,800,0,3,0,2,1
5,6,2,0,189,75,0,34,54,1184,0,3,0,1,2
5,7,1,1,389,57,0,25,93,1593,0,3,0,0,0
4,7,1,0,289,62,2,35,92,684,0,3,0,0,2
5,2,0,1,404,47,0,37,61,1190,0,3,0,0,0
3,5,1,0,140,75,0,26,56,348,0,3,0,2,2
4,5,1,0,145,78,1,36,84,657,0,3,0,2,2
0,5,1,0,231,62,3,38,79,970,0,3,0,2,2
1,2,0,0,310,58,2,35,48,715,0,3,0,2,2
1,3,0,0,217,72,2,34,65,1696,0,3,1,0,0
3,6,2,0,140,75,3,32,66,683,0,3,1,2,2
2,2,0,0,337,62,1,39,41,310,0,3,0,2,0
1,7,1,0,83,86,3,33,92,1513,0,3,0,1,1
3,5,1,0,226,64,0,26,82,765,0,2,0,2,2
6,5,1,0,145,80,3,29,43,1395,0,3,0,1,1
6,1,1,0,313,55,1,20,91,572,0,0,0,0,0
0,4,0,1,644,24,2,24,82,1101,0,3,0,3,3
0,5,1,1,592,33,1,22,77,1214,0,3,0,3,3
1,3,0,1,454,45,0,23,70,1096,0,3,0,0,0
6,0,2,0,88,81,1,28,64,1152,0,2,0,2,2
3,2,0,1,574,36,3,23,63,1375,0,3,1,3,3
3,2,0,0,175,78,0,26,65,904,0,1,0,2,2
3,7,1,0,312,58,2,31,50,1488,1,3,0,0,0
1,7,1,0,64,89,3,25,47,1201,0,3,0,1,1
2,7,1,0,328,62,0,21,85,1730,0,3,0,2,0
4,0,2,0,165,69,2,25,43,1176,0,3,0,2,2
5,7,1,1,360,59,2,37,83,947,0,3,0,3,0
4,2,0,0,56,87,1,21,94,1015,1,3,0,2,1
4,2,0,0,152,75,1,28,49,1436,0,3,0,2,1
3,0,2,1,619,28,1,26,59,779,0,3,0,3,3
5,5,1,0,190,71,2,35,63,1233,0,0,0,0,0
1,7,1,0,190,66,2,23,83,1657,1,3,0,2,2
4,4,0,0,345,52,0,29,56,1031,0,3,0,2,2
3,6,2,0,245,66,2,31,45,1297,0,3,0,2,2
2,2,0,1,642,21,1,27,88,465,0,3,0,3,3
4,2,0,1,375,52,3,37,46,669,0,3,0,0,0
0,4,0,0,287,64,3,29,69,1701,0,3,0,2,2
1,3,0,0,90,80,3,35,62,1636,0,3,0,1,1
6,0,2,0,224,73,3,37,50,1787,0,3,1,2,2
3,5,1,0,130,82,1,31,95,642,0,3,0,2,2
2,7,1,0,307,60,0,24,66,310,1,0,0,0,0
2,0,2,0,90,84,3,22,52,1356,0,3,0,1,1
5,7,1,0,60,87,1,34,48,827,0,3,0,2,2
1,5,1,0,201,74,1,26,75,409,0,0,0,2,0
1,4,0,0,53,80,1,22,73,502,0,2,0,2,2
0,6,2,0,134,76,2,40,89,1670,0,3,0,1,2
0,7,1,0,89,85,3,22,94,1031,0,3,0,1,1
0,2,0,0,318,64,3,28,77,486,0,3,1,0,0
1,3,0,0,108,83,3,39,65,1652,0,3,0,1,1
2,5,1,1,689,26,1,25,88,669,0,3,0,3,3
2,0,2,1,424,53,1,32,81,1714,0,3,0,0,3
1,2,0,0,222,73,3,30,86,1431,0,3,0,2,1
2,1,1,0,50,88,0,35,53,1748,0,1,0,2,1
2,0,2,0,342,51,1,24,72,1061,0,3,0,2,2
4,5,1,0,56,83,2,30,86,869,0,3,1,2,2
6,6,2,0,202,72,1,24,61,638,0,3,0,2,2
5,6,2,0,152,80,1,27,93,1073,0,3,0,1,1
0,7,1,0,349,58,3,37,52,1657,0,3,0,2,2
1,2,0,0,218,74,0,27,88,1062,0,1,0,2,2
1,0,2,0,244,64,2,38,48,980,0,3,0,2,2
2,7,1,0,291,62,0,32,46,1229,0,3,0,2,2
5,5,1,0,261,68,2,35,67,854,0,3,0,2,2
2,6,2,0,131,81,0,26,90,411,1,3,0,1,2
0,6,2,1,646,22,1,20,51,1384,0,3,0,3,3
2,3,0,0,273,60,1,28,78,1764,1,2,0,0,0
6,0,2,0,101,75,0,28,90,535,0,3,0,1,1
3,4,0,0,87,81,0,25,85,1292,0,3,0,1,1
5,6,2,0,250,60,1,36,58,1268,0,2,0,2,2
1,4,0,0,99,84,0,25,64,384,0,1,0,2,2
5,2,0,0,211,72,3,40,81,1133,0,3,0,2,1
2,2,0,0,314,55,0,28,52,395,0,3,0,2,2
0,6,2,0,317,58,0,27,90,1525,0,2,0,2,0
0,3,0,0,59,85,3,30,60,1368,0,3,0,1,1
3,1,1,0,342,55,1,38,81,1043,0,3,0,0,0
4,2,0,1,434,47,0,28,69,568,0,3,0,0,0
6,6,2,0,54,81,2,31,63,669,0,3,0,1,1
1,4,0,1,630,22,0,24,48,427,0,3,0,3,3
3,1,1,0,164,73,2,28,93,849,0,3,0,2,2
4,2,0,0,131,73,2,30,44,521,0,1,0,2,2
6,3,0,0,203,67,3,23,86,929,0,3,0,1,2
6,5,1,1,446,48,3,27,55,709,0,3,0,0,0
2,1,1,1,434,48,3,33,67,1639,0,3,0,0,3
6,2,0,0,272,67,1,27,57,1052,1,3,0,2,2
3,6,2,0,105,77,2,40,93,368,0,3,0,1,1
1,4,0,0,229,63,1,39,44,1707,1,3,0,2,2
4,3,0,1,378,53,0,26,61,605,1,3,0,0,3
4,5,1,0,144,79,1,40,82,890,0,3,0,2,2
5,4,0,0,350,60,0,30,40,425,0,3,0,2,0
1,3,0,0,150,80,2,30,82,987,0,3,0,2,2
2,4,0,0,299,60,0,38,46,1760,0,3,0,2,2
1,4,0,0,95,85,3,39,40,1797,1,3,0,1,2
0,3,0,1,396,55,1,34,82,1753,0,1,0,3,3
2,1,1,0,255,60,0,35,54,884,0,3,0,2,2
2,0,2,0,227,72,1,29,57,393,0,3,0,2,2
5,4,0,0,127,82,2,32,89,1737,0,0,0,2,2
3,3,0,0,334,62,0,31,90,1040,0,3,0,2,2
5,3,0,0,236,62,3,31,73,409,1,3,0,2,2
1,2,0,0,114,75,1,32,64,364,0,3,0,2,1
1,1,1,1,384,53,2,23,79,1629,0,0,0,3,3
5,7,1,0,198,70,3,24,55,658,1,3,1,0,2
0,6,2,1,584,27,3,38,78,1319,0,3,0,3,3
1,3,0,0,230,68,2,36,71,1516,0,2,0,2,0
3,0,2,0,87,77,1,23,91,1693,1,3,0,1,2
6,2,0,0,271,63,3,40,45,1052,0,1,1,0,0
2,6,2,0,235,62,1,34,71,368,0,3,0,2,2
4,4,0,0,84,86,3,28,93,1041,0,0,0,1,1
6,5,1,0,131,82,3,23,90,305,0,3,0,1,1
0,7,1,0,147,72,2,22,86,744,0,3,0,2,2
2,0,2,1,560,38,1,38,69,1459,0,3,0,3,3
3,4,0,0,198,76,3,31,50,1186,1,3,0,2,2
2,5,1,0,300,62,2,25,45,1427,0,3,0,0,2
4,0,2,1,663,20,1,27,92,1515,0,0,0,3,3
4,6,2,0,96,78,2,22,47,1771,0,3,0,1,1
4,1,1,0,52,89,2,32,85,1453,0,1,0,2,2
3,6,2,1,529,36,0,26,61,859,0,0,0,3,3
2,7,1,1,663,28,1,38,68,1754,1,2,0,3,3
0,5,1,0,86,80,2,31,45,1339,0,3,0,2,2
5,1,1,0,132,81,3,28,94,758,0,3,0,1,1
0,5,1,1,371,54,3,25,63,742,0,0,1,3,3
2,6,2,0,138,81,1,20,86,1758,1,3,0,2,2
5,6,2,0,97,77,3,24,62,1627,0,3,0,1,1
6,5,1,0,151,70,3,25,53,529,1,1,0,2,2
0,7,1,0,343,60,1,20,92,599,0,3,0,0,2
0,4,0,0,257,64,0,34,68,678,0,0,1,0,0
1,4,0,0,190,68,3,40,71,1278,0,3,0,1,2
5,1,1,0,180,72,1,28,86,1798,0,1,0,2,0
1,0,2,0,192,67,0,23,94,888,0,1,0,2,2
6,4,0,0,195,67,1,37,71,1538,0,3,1,0,2
3,1,1,0,246,62,0,40,71,956,0,3,0,2,2
5,1,1,1,485,46,0,30,75,454,0,3,1,3,3
4,2,0,0,159,79,2,37,90,451,0,3,1,0,2
2,4,0,0,280,64,2,24,69,1533,0,3,0,2,2
5,0,2,1,689,25,1,34,45,1550,0,3,0,3,3
2,4,0,0,91,83,0,34,67,1659,1,3,0,1,1
2,7,1,0,239,72,2,38,57,1298,0,3,0,2,0
3,4,0,0,104,80,3,32,77,651,0,3,0,1,1
2,3,0,0,263,65,3,38,95,782,0,1,0,2,2
1,7,1,0,97,84,3,32,74,783,0,3,0,1,1
6,5,1,0,117,75,0,26,60,849,0,3,0,2,2
0,0,2,0,246,69,1,35,45,997,0,3,0,2,2
3,2,0,0,202,68,0,20,86,1553,0,3,0,2,2
3,2,0,0,317,54,0,31,75,722,1,3,0,2,2
0,4,0,1,455,45,1,29,57,1463,1,2,0,3,3
3,5,1,0,292,57,1,36,61,832,1,3,0,0,0
6,7,1,0,135,75,0,21,45,997,0,3,0,2,1
5,3,0,0,163,72,0,32,83,670,1,0,0,2,2
6,6,2,0,209,71,3,20,43,1170,0,3,0,1,1
4,2,0,0,67,87,1,27,74,792,0,2,0,2,2
5,2,0,0,167,72,3,27,55,1561,0,1,0,2,2
2,2,0,0,136,74,1,35,73,1553,0,3,0,2,2
6,7,1,0,72,84,1,38,71,570,0,3,0,2,2
6,6,2,0,317,61,0,34,69,1718,1,1,0,0,0
1,0,2,0,260,68,0,30,77,1206,0,2,0,2,2
0,0,2,0,323,58,1,30,89,889,0,3,0,2,2
2,3,0,0,194,75,1,38,76,1211,0,3,0,2,2
0,3,0,1,638,27,0,21,57,1325,0,3,0,3,3
0,5,1,0,63,84,3,36,73,1635,0,3,0,1,1
4,1,1,0,213,64,2,23,81,554,1,3,0,2,2
5,7,1,0,112,77,3,30,71,1236,0,3,0,1,1
3,6,2,0,284,58,0,24,74,554,0,0,0,2,2
2,5,1,0,67,83,0,32,41,1152,0,3,0,1,2
3,2,0,1,615,32,1,26,65,1305,0,0,0,3,3
5,1,1,0,56,86,0,27,67,898,0,3,0,1,2
4,2,0,0,73,78,0,36,58,1067,0,3,0,1,1
5,5,1,1,604,25,3,25,83,350,1,3,0,3,3
6,3,0,0,158,77,0,20,68,921,0,3,0,2,2
0,6,2,0,125,80,0,40,45,1636,0,3,0,1,2
6,0,2,0,195,66,3,38,95,585,0,3,0,1,2
3,1,1,0,64,85,3,26,94,313,0,3,1,2,2
2,0,2,0,285,63,1,24,61,796,0,3,0,2,2
1,4,0,0,159,75,1,24,60,848,0,3,0,2,2
1,1,1,0,83,84,3,23,52,1663,0,3,0,1,1
0,5,1,0,184,68,3,20,44,1728,0,3,1,2,2
0,7,1,0,296,58,2,32,67,351,0,3,1,0,0
0,3,0,0,130,76,3,32,41,1517,0,3,0,1,1
4,7,1,0,214,69,2,32,73,905,1,3,0,2,2
0,3,0,0,84,82,2,29,75,560,0,3,0,1,1
2,7,1,0,143,71,3,30,81,660,0,3,0,1,1
5,7,1,1,546,37,2,39,94,785,0,3,1,3,3
3,5,1,0,350,60,0,26,49,1383,0,3,0,2,0
4,4,0,1,660,22,3,23,91,923,0,3,0,3,3
4,3,0,0,243,62,1,27,57,352,0,0,0,2,0
4,7,1,0,264,65,2,36,55,1683,0,0,0,0,2
3,7,1,0,210,69,0,33,59,1756,0,0,0,2,2
4,7,1,0,308,58,3,34,42,479,0,3,0,2,2
5,3,0,1,615,34,1,38,87,748,0,3,0,3,3
2,2,0,0,335,56,1,39,46,1469,0,3,0,2,0
4,6,2,0,335,52,2,22,91,592,0,3,0,2,0
1,5,1,0,349,58,1,32,90,1679,0,1,0,0,0
4,6,2,0,314,57,2,20,79,1001,0,3,0,2,2
1,6,2,0,106,84,2,30,72,1612,0,3,0,1,1
5,3,0,0,50,81,1,38,90,786,0,1,0,2,2
0,7,1,0,224,65,3,25,54,1789,1,3,0,2,2
6,7,1,0,115,79,2,39,57,1568,0,3,0,2,2
4,3,0,0,330,54,2,36,55,750,0,3,0,2,0
5,5,1,1,493,36,0,33,61,1099,1,3,0,3,3
4,6,2,0,318,54,1,24,78,950,0,3,0,2,2
4,7,1,1,365,49,1,29,87,1572,0,0,0,3,3
4,2,0,0,100,76,1,27,81,528,0,0,0,2,2
3,2,0,0,164,75,0,36,59,1104,1,3,0,2,1
6,3,0,0,217,67,1,36,60,1466,0,3,0,2,2
0,2,0,0,215,66,3,24,59,1341,0,3,0,2,2
0,5,1,0,77,82,1,37,65,1142,0,0,0,2,2
4,7,1,0,122,79,2,24,71,691,1,2,0,2,2
6,5,1,0,299,62,0,37,93,1136,0,3,0,2,2
2,4,0,0,99,83,0,37,95,1136,0,3,0,1,1
0,2,0,0,203,67,0,24,91,1407,0,3,0,2,2
3,5,1,0,295,61,2,25,41,1195,0,3,0,0,0
1,3,0,0,62,89,3,28,90,1058,1,1,0,2,1
5,5,1,0,272,65,2,34,93,1438,1,3,0,0,0
5,5,1,0,234,72,0,33,78,478,1,2,0,0,2
1,4,0,0,235,71,1,27,53,1399,1,3,0,2,2
5,5,1,0,333,59,3,21,73,1599,0,3,0,2,2
2,2,0,0,300,55,0,36,95,527,0,3,0,2,2
5,0,2,1,473,45,3,30,70,574,0,3,0,0,0
6,7,1,0,85,78,2,24,74,1057,1,3,0,2,2
1,5,1,1,422,45,1,39,45,818,0,2,0,3,3
1,0,2,1,666,20,3,32,50,434,0,3,0,3,3
6,2,0,0,151,77,2,31,73,467,0,3,1,2,0
6,5,1,0,149,78,3,27,90,636,0,3,0,1,1
1,3,0,0,136,79,0,21,83,545,0,3,0,1,2
4,3,0,0,287,66,1,32,45,723,0,3,0,2,2
5,1,1,0,231,66,0,31,92,366,0,3,0,2,2
2,3,0,0,106,77,3,34,59,1677,0,3,0,1,1
0,7,1,1,446,43,1,25,55,1039,1,1,0,3,3
0,5,1,1,553,31,2,28,74,1539,0,2,0,3,3
2,7,1,1,595,31,3,32,40,1107,0,0,0,3,3
5,6,2,0,248,68,2,32,80,466,0,3,0,2,2
6,7,1,1,599,30,3,37,87,1663,0,3,0,3,3
5,2,0,0,190,67,3,20,82,843,0,3,0,1,2
3,0,2,0,292,58,2,21,91,782,1,3,1,0,0
6,6,2,0,108,83,0,28,50,445,0,0,1,2,2
3,1,1,0,67,80,3,21,49,1607,0,3,0,1,1
2,1,1,0,302,65,3,30,45,965,0,3,0,2,2
5,6,2,0,307,55,0,28,87,937,1,0,0,0,0
2,0,2,0,147,81,2,35,58,1672,1,3,0,2,2
6,1,1,0,238,65,3,37,91,1376,0,3,0,2,2
2,6,2,0,332,58,3,23,54,781,1,3,0,2,2
2,7,1,0,341,60,1,39,60,1134,0,1,0,0,0
1,7,1,0,187,72,1,32,60,561,0,3,0,2,2
4,2,0,0,274,58,0,21,79,1729,0,0,0,2,0
6,0,2,0,209,69,1,21,42,1667,0,3,0,2,2
6,6,2,0,167,73,2,27,70,828,0,0,0,2,2
6,4,0,0,199,71,3,38,47,1008,0,3,0,1,2
2,2,0,0,294,56,0,31,69,1326,0,3,0,2,2
4,5,1,1,451,42,1,21,42,1468,0,3,0,3,3
2,1,1,0,290,61,0,40,52,400,0,3,0,2,0
4,1,1,0,70,88,0,34,45,912,1,3,0,2,1
3,1,1,1,447,48,3,40,71,877,0,3,0,0,0
6,2,0,0,225,67,0,26,72,1364,0,3,0,2,1
4,4,0,1,426,45,1,31,72,718,0,3,0,3,3
1,0,2,1,655,27,0,28,66,1468,0,3,0,3,3
0,6,2,1,670,23,1,22,66,1478,0,3,0,3,3
1,2,0,0,230,62,2,27,52,1733,1,3,0,2,0
6,7,1,0,198,69,2,31,83,1568,0,0,0,0,2
3,4,0,0,276,66,2,40,90,849,0,3,0,2,2
5,7,1,0,245,62,0,21,44,1604,0,3,0,2,2
3,6,2,1,499,40,0,38,41,916,0,2,0,3,3
2,6,2,0,347,52,2,34,46,377,0,3,0,2,0
6,1,1,0,176,74,0,23,94,1206,0,3,0,2,2
1,2,0,0,305,61,1,22,67,1587,0,3,0,2,2
2,0,2,0,327,63,2,39,40,777,0,3,1,0,0
2,3,0,1,500,43,2,24,64,318,0,3,0,3,3
1,7,1,1,529,43,2,40,73,929,1,3,0,3,3
6,0,2,0,168,78,0,38,83,829,0,3,0,1,1
4,6,2,0,287,61,3,35,53,1650,0,3,1,2,0
5,0,2,0,132,77,1,30,76,637,0,3,0,1,1
3,5,1,0,147,80,3,37,48,435,0,3,1,2,0
6,7,1,0,318,59,3,38,51,933,0,3,1,0,0
0,5,1,1,541,41,2,26,73,552,0,1,0,3,3
2,1,1,0,176,78,1,20,64,664,0,3,0,2,2
5,7,1,0,63,82,1,22,56,998,0,3,0,2,1
0,7,1,0,195,67,3,21,83,921,0,3,0,2,2
3,4,0,0,129,82,0,28,70,1580,0,3,0,1,1
5,1,1,0,50,82,0,22,60,1498,1,3,0,1,1
0,7,1,1,624,23,1,34,61,1186,0,3,0,3,3
4,7,1,0,278,63,0,34,71,1061,1,3,0,2,0
2,2,0,0,242,62,2,31,91,1473,0,3,0,2,2
1,4,0,0,96,77,1,30,87,400,0,3,0,1,2
2,0,2,0,94,78,3,38,82,1327,0,3,0,1,1
3,4,0,0,197,67,0,22,77,1193,0,1,0,2,2
5,2,0,1,486,44,2,37,79,1321,1,3,0,3,3
0,1,1,0,299,61,3,35,94,965,0,3,0,2,2
1,0,2,0,59,82,2,22,56,1054,0,3,0,1,1
2,1,1,1,523,42,3,28,79,535,0,1,0,3,3
1,6,2,0,146,71,3,39,95,625,0,2,0,1,1
1,1,1,0,339,53,3,36,87,663,0,3,0,2,2
1,7,1,0,182,67,1,25,70,771,0,3,0,2,2
4,4,0,0,252,68,2,30,70,889,0,3,1,0,0
3,5,1,0,239,66,3,24,60,418,0,3,0,2,2
2,0,2,0,195,71,3,27,58,718,0,3,0,1,1
3,5,1,0,294,57,0,29,61,1011,0,3,0,2,2
2,5,1,0,227,73,2,30,42,1061,0,1,0,0,0
4,7,1,0,235,72,2,35,55,676,0,0,0,0,0
1,5,1,0,343,58,0,28,78,1768,0,2,0,0,0
5,1,1,0,346,59,2,40,84,1239,0,3,0,0,0
4,7,1,0,217,69,1,32,61,685,0,1,0,0,2
3,7,1,0,72,80,2,31,54,543,0,3,0,2,2
0,2,0,0,263,59,2,23,65,366,0,3,0,2,2
0,4,0,0,293,60,1,32,82,637,0,3,0,2,2
0,5,1,0,229,63,3,32,79,1552,0,3,0,2,2
4,0,2,0,298,59,3,39,59,462,0,0,0,2,2
1,1,1,0,175,73,2,26,61,1327,0,3,0,2,2
5,3,0,0,203,68,2,40,61,539,0,3,0,2,2
6,1,1,0,80,80,2,21,56,1041,0,3,0,2,2
4,7,1,0,277,63,3,33,60,1526,0,3,0,2,2
4,5,1,0,220,64,2,32,64,1251,1,0,0,0,0
2,5,1,0,216,64,0,29,50,409,0,3,0,2,2
3,3,0,0,348,51,1,24,58,1006,0,3,0,2,0
2,2,0,1,487,43,0,25,42,710,0,3,0,3,0
6,7,1,0,96,86,3,36,78,953,0,3,0,1,2
2,6,2,0,269,68,2,34,55,1517,0,3,0,2,2
5,2,0,0,261,61,3,28,53,341,0,3,0,2,1
2,0,2,1,488,45,1,22,88,478,1,3,0,3,3
0,1,1,0,103,76,2,40,69,1068,1,3,0,2,2
0,4,0,1,534,42,3,38,82,1067,0,3,0,3,0
1,0,2,1,639,31,2,37,70,1133,0,3,0,3,3
3,5,1,1,442,49,0,35,56,981,1,3,0,3,3
3,7,1,0,180,71,0,37,69,619,0,2,0,2,2
4,4,0,0,185,70,2,29,75,1403,0,3,1,0,0
5,1,1,0,207,70,3,28,73,1127,0,3,0,2,2
6,3,0,1,537,36,3,20,90,794,0,3,0,3,3
4,1,1,0,141,73,3,34,60,616,0,3,0,1,2
2,7,1,0,265,69,0,32,89,1211,0,3,0,2,2
1,7,1,0,303,64,2,40,68,821,0,3,0,0,0
5,6,2,0,296,62,0,30,68,511,0,3,0,2,2
6,4,0,0,212,64,1,26,40,656,0,3,0,2,2
3,4,0,1,359,59,2,38,50,1069,0,3,0,0,0
5,6,2,0,164,77,2,27,48,1052,0,3,0,2,1
1,0,2,1,530,33,0,22,73,325,0,3,0,3,3
0,6,2,0,156,77,1,37,86,666,0,3,0,2,2
4,4,0,0,51,82,0,21,73,1738,0,3,0,1,1
5,1,1,0,195,68,2,33,54,1259,0,0,1,0,0
2,7,1,0,256,60,3,39,75,1250,0,3,1,0,2
4,1,1,0,332,54,0,40,88,1048,0,1,0,0,0
6,0,2,0,201,74,2,30,50,1145,0,3,1,2,2
5,0,2,0,140,71,1,34,41,1735,0,0,0,2,2
4,6,2,0,318,59,1,26,92,950,0,1,0,0,2
0,2,0,0,113,77,1,38,59,1401,0,3,0,2,2
3,1,1,0,275,68,1,34,91,1076,0,3,0,2,0
1,5,1,1,574,34,1,22,73,1493,0,3,0,3,3
0,2,0,1,356,55,0,36,84,1778,0,3,0,0,0
5,6,2,0,223,73,1,37,64,1048,0,3,1,2,2
6,6,2,0,130,82,2,24,49,1762,0,3,0,1,2
0,0,2,0,234,69,2,38,62,1006,0,3,0,2,2
3,3,0,1,494,39,3,37,71,1309,0,3,1,3,3
2,7,1,0,264,68,3,36,76,403,0,3,0,2,2
1,3,0,0,181,72,2,26,82,590,0,3,0,2,2
1,0,2,0,163,77,2,34,74,687,0,3,0,2,2
1,6,2,1,667,20,1,25,94,1157,0,3,0,3,3
6,2,0,1,676,27,2,29,56,1565,0,1,0,3,3
0,7,1,0,282,65,0,30,92,1267,0,3,1,0,0
2,1,1,0,53,90,0,21,59,1630,0,3,0,1,1
6,7,1,0,253,65,3,25,57,1676,0,1,0,2,2
4,5,1,1,537,34,2,31,75,1444,0,2,1,3,3
0,2,0,0,177,75,2,39,55,1767,0,3,0,2,2
0,0,2,0,126,73,0,20,64,1333,0,0,0,2,1
6,7,1,0,178,76,3,37,86,317,0,3,0,2,1
4,4,0,1,698,25,2,32,44,1657,0,3,0,3,3
2,7,1,0,249,71,0,31,40,1795,0,3,0,2,2
0,2,0,1,624,31,3,20,58,406,0,3,0,3,3
6,3,0,0,158,70,0,31,95,1179,0,3,0,2,1
5,2,0,0,222,66,1,20,41,1521,1,3,0,2,0
6,4,0,0,125,74,0,22,84,1198,1,3,0,2,2
4,4,0,1,612,30,1,21,95,1097,1,3,0,3,3
1,3,0,0,208,71,3,21,81,1078,0,3,0,2,1
0,6,2,0,59,83,2,39,73,701,0,3,0,1,1
2,0,2,1,535,38,3,32,76,1246,1,2,0,3,3
3,5,1,0,222,73,3,35,46,1226,0,3,0,2,2
2,0,2,0,209,65,1,36,91,857,0,3,0,2,1
1,0,2,0,228,66,1,40,77,1494,1,2,0,2,2
6,7,1,0,237,72,3,37,52,1260,0,3,0,2,2
5,7,1,0,266,61,2,31,71,1355,0,3,0,2,2
6,5,1,0,294,60,3,22,82,561,0,3,0,2,2
5,2,0,1,433,48,3,22,76,786,0,3,0,0,0
4,7,1,0,89,82,0,26,82,1386,1,3,0,2,1
0,7,1,0,197,69,1,38,52,949,0,3,0,2,2
5,4,0,0,290,66,1,22,63,506,0,2,0,0,2
2,0,2,0,71,85,1,29,65,587,1,1,0,2,2
0,6,2,0,270,62,0,37,60,1488,0,3,0,2,2
0,0,2,0,87,82,0,32,40,617,0,3,0,1,1
3,5,1,0,129,74,0,34,64,1610,0,3,0,2,2
4,7,1,0,153,71,3,39,82,672,0,3,0,1,1
3,2,0,1,638,30,1,23,95,1624,0,3,0,3,3
3,0,2,0,295,60,2,23,62,1185,0,3,0,2,2
2,0,2,0,105,78,1,35,79,1572,0,3,0,1,1
0,2,0,0,188,75,1,32,75,978,0,3,0,2,2
5,7,1,0,253,69,1,35,51,402,0,3,0,2,2
5,0,2,0,143,73,2,29,90,1088,1,3,0,2,1
6,0,2,0,82,77,1,34,86,420,0,3,0,1,2
3,2,0,1,465,48,1,36,47,959,0,3,0,3,3
1,5,1,1,502,36,0,38,41,1762,0,3,0,3,3
0,7,1,1,598,26,1,38,42,1023,0,3,0,3,3
6,6,2,0,86,82,0,21,43,478,0,3,0,1,1
3,7,1,1,446,46,0,37,72,712,0,3,0,3,0
4,2,0,0,145,79,1,39,64,1409,0,3,0,2,1
6,2,0,1,443,45,1,38,91,619,0,3,0,3,3
6,4,0,1,603,33,0,20,54,922,1,3,0,3,3
4,0,2,0,348,58,0,27,82,1206,0,3,1,0,0
3,1,1,0,330,55,0,21,53,1042,0,3,0,2,2
5,3,0,0,213,74,1,30,58,1027,0,3,0,2,2
4,7,1,0,228,69,0,37,83,1261,1,3,0,2,2
2,6,2,0,77,85,3,32,56,815,0,3,0,1,1
4,3,0,0,73,85,3,37,62,1738,0,3,0,1,1
2,6,2,0,214,71,3,35,89,764,0,3,0,1,1
0,6,2,0,140,72,3,32,89,361,0,3,0,1,1
5,4,0,0,277,67,0,33,83,310,0,1,0,2,2
0,1,1,0,225,66,0,26,56,528,0,3,1,0,0
6,6,2,0,225,72,2,30,89,649,0,3,0,2,2
5,4,0,0,345,61,2,29,62,1189,0,3,0,0,2
0,0,2,0,182,68,1,27,77,694,0,3,1,2,2
0,0,2,0,168,77,2,31,75,1273,0,1,0,2,2
3,5,1,0,303,61,0,25,94,587,0,1,0,0,0
2,5,1,1,540,33,1,37,45,1212,0,3,0,3,3
4,0,2,0,257,62,0,37,64,393,0,3,0,2,2
4,2,0,0,285,60,1,24,43,1751,0,0,0,0,2
2,2,0,0,199,70,3,25,53,1346,0,3,0,1,1
1,7,1,0,167,73,0,30,82,928,0,3,0,2,2
1,5,1,0,101,75,2,31,43,1119,0,0,0,2,2
5,1,1,0,128,77,1,22,80,1285,1,3,0,2,2
3,3,0,0,269,59,1,35,51,327,0,3,0,2,2
4,4,0,0,210,64,3,32,63,993,1,3,0,2,2
2,4,0,1,661,28,3,34,82,1412,0,3,0,3,3
5,2,0,1,601,34,0,23,42,1045,0,3,0,3,3
6,1,1,0,139,80,3,32,78,865,0,3,0,1,1
0,2,0,0,232,67,2,24,51,1440,0,3,0,2,2
2,2,0,0,180,71,1,39,62,566,0,3,0,2,2
6,0,2,0,75,79,3,21,66,878,0,3,0,1,1
3,0,2,0,199,66,3,30,46,415,0,3,0,1,1
5,1,1,1,569,32,0,33,59,1065,0,3,0,3,3
1,5,1,1,559,40,3,31,94,954,0,2,0,3,3
0,7,1,0,220,63,3,38,64,809,0,3,0,2,2
2,2,0,1,456,42,0,40,52,1023,0,2,0,3,3
0,1,1,0,347,53,2,25,42,1249,0,3,0,0,2
6,1,1,0,227,72,0,27,65,1698,0,3,0,2,2
5,6,2,0,114,74,3,34,49,728,0,0,0,1,2
4,2,0,0,123,77,3,36,51,1229,0,3,1,2,2
2,7,1,0,82,83,0,40,57,1168,0,0,0,2,2
1,4,0,0,290,65,1,20,63,986,1,3,0,2,2
1,3,0,0,174,71,1,36,44,1782,0,3,1,2,2
5,7,1,0,291,61,3,35,95,378,0,3,0,2,2
1,4,0,0,195,69,1,33,46,803,0,3,0,2,1
1,2,0,0,110,81,0,36,73,1483,0,1,0,2,2
0,1,1,0,200,70,3,38,44,595,0,3,0,2,1
2,6,2,0,328,54,2,25,92,410,1,1,0,0,0
3,1,1,0,303,57,0,40,48,1021,0,3,0,2,2
6,1,1,0,69,83,1,28,58,1500,1,3,0,2,2
6,3,0,0,307,65,0,33,54,384,0,0,0,0,0
2,1,1,1,505,44,1,38,43,1460,1,3,1,3,3
1,0,2,1,443,47,2,23,66,1749,0,3,0,3,0
6,0,2,1,668,28,3,27,65,779,0,3,0,3,3
1,7,1,1,413,44,1,27,79,1383,0,1,0,3,3
2,0,2,0,315,63,1,38,69,1461,0,3,0,2,2
6,0,2,1,430,48,0,24,56,1654,0,1,0,3,3
1,3,0,0,155,72,3,20,52,850,0,3,0,1,1
0,6,2,0,137,79,3,22,91,865,0,3,0,1,1
3,0,2,0,84,78,0,37,41,1783,0,3,0,1,1
6,4,0,0,330,53,0,37,51,1417,0,3,0,2,2
2,0,2,1,548,36,0,29,54,1544,0,3,0,3,0
2,7,1,0,238,67,3,23,58,616,1,1,0,2,2
1,2,0,0,338,61,2,38,66,463,0,3,0,0,0
5,4,0,0,50,84,2,24,46,867,0,3,0,1,1
4,4,0,0,216,71,0,35,57,585,0,0,0,2,2
0,0,2,1,528,35,2,29,89,1196,0,0,0,3,3
0,3,0,0,301,61,3,29,94,1076,0,3,0,2,2
4,0,2,0,205,72,3,25,52,1540,0,3,0,1,1
6,1,1,1,547,38,3,26,56,560,0,3,0,3,3
6,1,1,0,132,80,0,29,58,1193,0,3,0,2,2
6,0,2,1,556,34,0,24,95,1107,1,3,0,3,3
1,4,0,0,159,74,1,21,92,1418,0,3,0,2,2
2,7,1,0,322,53,0,21,45,659,0,3,1,0,0
0,4,0,0,280,64,0,36,71,975,0,3,0,2,2
1,5,1,1,586,32,0,36,57,1170,0,3,0,3,3
3,0,2,0,308,55,0,34,43,407,0,3,0,2,2
5,6,2,0,302,64,0,33,63,1619,0,3,1,0,0
0,6,2,0,238,71,0,20,88,510,1,3,0,2,2
6,0,2,0,265,69,3,21,69,1023,0,3,0,2,2
2,5,1,0,104,78,3,20,68,1742,0,3,0,1,1
6,4,0,0,274,61,2,37,66,1177,0,1,1,0,0
3,5,1,0,130,74,2,20,76,1731,1,3,0,2,2
4,7,1,0,148,71,0,21,82,729,0,3,0,2,1
3,1,1,1,495,45,1,29,53,1153,1,3,0,3,3
3,1,1,0,258,60,3,28,80,1766,0,2,0,2,2
6,1,1,0,263,64,0,24,44,1099,0,3,0,2,2
1,5,1,0,195,76,1,20,51,911,0,3,0,2,2
0,0,2,0,138,77,2,21,93,1318,1,2,1,0,0
3,1,1,1,492,41,0,26,91,856,0,1,0,3,3
5,2,0,0,128,78,3,40,81,1395,0,3,0,1,1
2,4,0,0,167,74,0,34,54,1464,1,3,0,2,2
6,3,0,0,175,76,2,36,54,515,0,3,0,2,2
5,2,0,0,207,71,0,33,65,316,1,3,0,2,2
4,1,1,0,115,84,1,35,75,1586,0,3,0,2,2
0,7,1,0,92,84,0,31,60,674,0,3,0,1,2
0,7,1,0,230,68,1,26,66,1663,0,3,0,2,2
4,0,2,1,544,31,1,21,65,1027,1,3,0,3,3
2,1,1,0,310,61,1,24,42,1567,0,3,0,0,2
3,1,1,0,100,76,0,21,61,805,0,3,0,1,2
3,7,1,0,224,63,0,33,75,755,0,1,0,2,2
2,6,2,0,154,78,2,23,65,1704,1,3,0,2,2
0,0,2,1,406,45,0,36,81,726,0,1,0,3,3
2,3,0,1,351,58,3,22,54,1616,0,3,0,0,2
2,2,0,0,114,78,2,31,49,1627,1,3,0,2,2
5,4,0,0,110,74,3,21,86,1583,0,2,0,2,2
2,1,1,1,557,34,2,23,55,950,0,2,0,3,3
1,5,1,0,73,82,0,31,58,1521,0,3,0,1,1
1,3,0,0,200,66,0,27,69,1719,0,3,0,2,2
0,2,0,1,565,39,3,29,87,695,0,3,0,3,3
3,3,0,0,262,69,1,30,61,1541,0,3,0,2,2
0,1,1,0,127,83,2,37,54,1772,0,3,0,2,2
6,3,0,1,463,42,0,39,45,639,0,3,0,3,0
2,2,0,0,311,61,2,23,93,771,0,3,0,2,2
6,6,2,0,192,66,1,40,92,773,0,0,0,2,2
0,4,0,0,229,72,0,25,90,646,0,3,0,2,2
2,7,1,0,238,62,0,27,40,1790,0,3,1,0,0
5,5,1,0,197,71,3,29,81,1714,0,3,0,2,1
2,0,2,0,215,72,3,32,67,571,0,1,0,2,2
3,7,1,1,590,32,2,23,95,1314,0,3,0,3,3
2,7,1,1,660,19,3,40,63,621,0,3,0,3,3
0,5,1,0,303,61,2,28,60,329,0,3,0,0,0
2,5,1,0,109,83,0,21,71,783,0,3,0,2,1
4,7,1,0,195,66,0,35,73,611,0,3,0,2,2
4,7,1,0,153,79,0,26,48,1333,0,3,1,2,2
4,3,0,0,96,76,2,28,77,383,0,0,0,2,2
3,4,0,0,62,88,3,25,67,952,0,3,0,1,1
6,1,1,0,233,68,0,26,64,367,1,1,0,0,2
6,2,0,0,103,79,1,34,93,1510,0,3,0,1,1
6,6,2,1,488,37,1,39,83,438,0,3,0,3,3
5,6,2,0,89,83,1,40,47,1515,0,3,0,1,2
5,2,0,0,143,77,0,37,42,1711,0,3,0,1,1
2,5,1,0,212,69,3,28,83,1616,0,0,1,0,0
2,4,0,0,345,51,0,39,95,1043,1,3,0,2,0
2,4,0,1,359,57,1,27,60,510,1,3,0,3,3
2,3,0,1,391,48,2,34,88,1139,0,3,0,3,3
4,5,1,0,113,75,1,23,74,675,0,3,0,2,2
5,0,2,0,320,55,3,35,55,535,0,3,0,2,2
4,6,2,0,321,54,3,31,64,925,0,3,1,2,2
2,3,0,1,444,49,3,21,52,352,0,3,0,0,0
1,2,0,0,342,58,2,21,89,1279,0,3,0,0,2
5,0,2,0,121,79,3,21,56,1263,0,1,0,1,2
1,1,1,0,144,78,3,27,81,970,0,3,0,1,1
0,5,1,0,101,77,3,37,49,371,0,3,0,1,1
6,6,2,0,64,84,2,24,61,1536,0,1,0,2,1
0,5,1,0,262,62,3,36,54,1724,1,3,0,2,2
4,7,1,0,272,61,3,21,46,928,0,2,0,2,2
5,2,0,0,70,78,1,24,72,445,0,3,0,1,2
1,5,1,0,90,78,0,40,73,1134,0,3,0,1,1
0,4,0,1,679,23,1,21,60,1717,0,3,0,3,3
5,4,0,0,288,60,1,31,71,687,0,3,0,2,2
3,5,1,0,347,52,2,38,46,1234,1,3,0,0,0
2,6,2,0,285,60,1,31,67,1336,0,3,0,2,2
4,4,0,1,581,34,3,26,54,1553,0,3,0,3,3
3,3,0,0,326,56,3,38,68,339,0,3,0,2,2
3,7,1,0,150,74,3,22,68,879,1,3,0,2,2
1,3,0,0,106,82,2,20,56,805,0,3,0,2,2
0,7,1,0,197,74,0,29,65,581,0,3,0,2,1
0,7,1,1,413,53,0,30,73,1696,0,3,0,3,0
5,1,1,0,283,60,3,22,57,759,0,3,0,2,2
2,5,1,1,574,31,2,40,76,1165,0,3,0,3,3
6,7,1,0,136,81,0,22,94,450,0,3,0,2,2
3,7,1,0,322,63,3,23,80,944,0,3,0,2,2
5,5,1,0,246,62,1,21,76,1556,1,3,0,2,2
0,6,2,0,241,66,1,35,63,1789,1,2,0,2,0
4,0,2,0,114,76,0,21,68,1263,0,3,0,1,1
4,1,1,0,226,66,3,29,72,1514,0,3,0,2,2
1,7,1,0,239,71,0,23,84,1249,0,3,1,0,0
1,1,1,0,173,73,2,38,45,807,0,1,0,2,0
2,1,1,0,234,63,3,35,72,1134,0,3,0,2,2
5,5,1,1,538,35,0,20,44,1106,0,3,0,3,3
5,3,0,0,244,62,1,36,57,800,1,3,0,2,2
5,3,0,0,78,88,0,26,42,985,0,3,1,2,2
3,1,1,0,308,65,1,33,89,524,0,3,0,0,2
1,0,2,0,193,72,0,38,72,371,0,3,0,1,2
2,5,1,0,105,81,3,27,92,886,0,3,0,1,1
1,2,0,1,667,22,1,32,76,732,0,3,0,3,3
2,1,1,0,144,73,0,29,77,670,0,2,0,2,2
5,2,0,0,348,56,1,34,91,1288,1,3,0,0,0
2,5,1,0,208,73,0,21,89,1769,0,3,0,2,2
2,2,0,0,268,59,1,24,75,608,1,3,0,2,2
1,3,0,0,54,86,3,39,76,852,1,3,0,1,1
6,5,1,0,338,57,0,40,56,1728,0,3,0,2,2
5,5,1,1,515,43,1,31,46,1094,0,3,0,3,3
5,0,2,0,269,63,2,35,78,1545,1,3,0,2,2
3,4,0,0,321,62,2,23,53,1129,0,3,0,2,0
0,0,2,0,284,58,1,22,45,1238,0,3,0,2,2
5,0,2,0,287,63,2,30,46,955,0,3,0,2,2
4,2,0,0,298,65,1,38,93,986,0,3,0,2,2
4,3,0,0,121,80,0,31,72,1470,0,3,0,1,2
5,6,2,0,319,58,0,22,90,1015,0,3,0,2,2
0,2,0,0,161,72,1,34,54,947,0,2,0,2,2
4,5,1,0,193,75,2,36,40,959,0,3,0,2,0
6,0,2,1,604,28,3,37,45,1035,0,0,0,3,3
0,6,2,0,196,68,1,20,64,700,0,3,0,2,1
2,2,0,0,130,72,2,39,91,1218,0,3,0,2,2
5,1,1,0,270,63,3,31,92,438,0,3,0,2,2
3,6,2,0,113,77,2,31,44,643,1,3,0,2,1
5,6,2,1,546,34,3,29,79,1621,0,3,0,0,3
4,0,2,0,77,79,3,25,66,892,0,3,0,1,1
4,6,2,0,226,68,2,25,81,935,0,2,0,2,0
2,7,1,0,156,70,3,30,75,1361,0,3,0,2,1
6,1,1,1,364,52,1,30,86,1544,0,3,1,3,3
1,6,2,0,266,67,1,20,51,466,0,3,0,2,2
6,4,0,0,269,61,2,26,50,531,0,3,0,2,2
1,7,1,1,419,52,3,31,61,1122,0,3,0,0,3
0,6,2,0,94,77,1,35,79,936,0,3,0,1,1
5,2,0,0,236,63,3,24,70,1285,0,3,0,2,2
6,0,2,1,497,43,2,21,88,1768,0,3,0,3,3
5,5,1,0,137,81,0,32,50,971,0,1,0,2,2
4,5,1,1,410,47,2,36,65,1350,0,3,0,3,3
1,5,1,1,376,50,2,39,71,1269,0,2,0,3,3
3,1,1,0,145,78,0,37,74,860,0,0,0,2,2
0,7,1,0,62,83,1,38,89,1223,1,0,0,2,2
0,1,1,0,50,87,1,26,68,382,0,3,0,1,1
6,6,2,0,217,70,3,37,77,1761,0,3,0,1,2
1,6,2,0,243,66,2,22,77,480,0,3,0,2,2
1,4,0,0,109,78,3,27,64,1324,0,3,0,1,1
1,5,1,0,152,80,3,22,75,1508,1,3,1,2,2
0,7,1,1,382,47,0,24,60,833,0,3,0,0,0
1,0,2,0,113,81,3,27,48,1235,0,3,0,1,1
5,1,1,0,222,68,2,35,75,1584,0,3,0,2,0
4,3,0,0,203,67,1,31,45,1477,0,3,0,2,2
1,4,0,0,99,84,2,26,73,1639,0,3,0,2,2
5,3,0,0,346,54,0,39,55,1640,0,2,0,0,2
0,7,1,0,247,61,2,39,78,907,1,3,0,0,0
4,7,1,0,341,61,1,32,68,787,0,3,0,0,2
4,1,1,0,221,69,1,30,41,1522,0,3,0,2,2
1,3,0,0,75,86,2,30,69,673,0,3,0,1,1
4,4,0,0,201,73,0,23,91,1471,0,3,0,2,2
6,7,1,0,212,66,3,28,71,1409,0,3,0,2,2
0,4,0,1,469,39,0,21,75,1555,0,3,0,3,3
6,6,2,0,88,77,0,26,40,1123,0,3,0,1,1
6,3,0,0,84,79,0,25,80,528,0,3,0,1,1
3,3,0,1,456,49,1,27,94,1293,0,3,0,3,3
6,1,1,0,296,57,0,33,51,1126,0,3,0,2,2
1,1,1,0,136,79,2,29,85,1187,0,3,1,0,0
6,6,2,0,292,63,2,39,72,1519,0,3,0,2,2
6,2,0,1,476,42,2,23,94,574,0,3,0,3,3
6,7,1,1,407,47,3,34,72,881,0,3,0,0,0
6,3,0,0,92,83,2,39,87,1189,0,3,0,2,1
2,3,0,0,220,72,1,40,54,643,1,3,0,2,2
4,0,2,0,255,60,3,36,79,805,0,3,0,2,1
5,2,0,0,343,52,0,22,56,1043,0,3,0,2,0
3,3,0,0,269,65,1,36,85,1513,0,1,0,0,2
0,7,1,0,168,69,0,33,94,419,0,3,0,2,2
3,2,0,0,178,74,1,36,64,1656,0,3,1,0,0
6,0,2,0,349,53,0,25,46,1800,0,1,0,2,2
3,0,2,1,574,31,1,25,65,634,1,3,0,3,3
5,0,2,0,253,69,0,39,87,940,1,3,0,2,2
3,5,1,0,292,59,1,27,65,620,0,3,0,2,0
0,4,0,0,340,52,1,21,69,706,0,3,0,2,2
1,1,1,0,169,70,0,38,60,788,0,3,0,2,2
6,3,0,1,381,51,3,32,44,359,1,3,0,0,0
6,1,1,1,406,53,0,37,44,1446,1,0,0,3,3
4,1,1,0,266,68,2,28,66,466,0,1,1,3,3
5,5,1,0,296,66,3,21,60,418,0,3,0,2,2
1,3,0,1,509,42,2,39,89,1329,0,3,0,3,3
2,2,0,0,312,63,2,20,41,644,0,3,0,2,0
4,1,1,0,348,60,2,35,47,1118,0,3,0,0,0
5,0,2,0,285,61,1,25,60,812,0,3,0,2,2
0,5,1,0,342,55,3,34,85,494,1,3,0,2,0
0,6,2,1,487,45,3,28,90,1679,0,3,0,0,0
3,5,1,0,97,83,3,26,52,775,0,0,0,2,2
6,6,2,0,219,74,1,35,42,326,0,3,0,2,1
2,6,2,0,275,67,0,28,56,1762,0,3,0,2,1
2,4,0,0,179,70,1,30,79,1127,0,3,0,2,2
0,4,0,0,198,73,1,34,46,1131,1,3,0,2,2
0,0,2,1,659,24,3,26,94,1773,0,3,0,3,3
3,0,2,0,247,62,0,35,75,597,0,3,0,2,1
6,7,1,1,406,47,0,37,46,795,0,3,0,3,3
1,7,1,0,166,78,2,38,77,706,0,0,0,2,0
3,4,0,1,588,27,1,29,59,1011,0,0,0,3,3
0,1,1,0,131,78,2,39,50,726,0,3,0,2,2
1,0,2,0,153,80,3,38,65,1549,0,3,0,1,1
6,2,0,0,60,85,0,28,82,1412,0,3,0,1,1
0,2,0,0,338,54,1,32,92,1402,0,3,0,2,0
2,5,1,0,133,72,1,23,80,1638,0,3,0,2,2
0,0,2,0,312,56,3,40,63,1294,0,3,0,2,1
3,2,0,0,227,69,1,20,40,618,0,3,0,2,2
0,2,0,0,92,78,2,33,50,1480,0,3,0,2,2
6,1,1,0,319,62,1,38,69,1566,1,3,1,0,3
3,6,2,0,296,62,2,37,43,1007,0,3,0,2,2
1,5,1,0,345,61,1,28,87,428,0,0,0,0,0
4,6,2,0,271,64,0,25,66,812,0,1,0,2,0
5,0,2,0,306,65,0,26,60,560,0,2,0,2,2
5,5,1,1,526,40,3,38,51,751,0,0,0,3,3
6,1,1,0,68,86,1,24,94,451,0,3,0,2,1
1,1,1,0,264,67,3,30,74,610,0,2,0,2,2
5,4,0,0,252,68,1,40,88,788,0,3,0,2,2
1,4,0,0,95,81,1,34,43,1069,0,3,0,1,1
0,3,0,0,234,63,2,23,68,1291,0,3,1,0,0
1,2,0,0,57,81,3,25,80,703,0,3,0,1,1
4,0,2,1,634,25,3,35,69,886,1,3,0,3,3
0,6,2,0,55,88,3,21,60,1182,0,3,0,1,1
4,5,1,0,201,67,3,28,58,639,0,3,0,2,2
2,0,2,1,501,37,3,23,49,1731,0,0,0,3,3
2,1,1,0,184,73,1,35,81,1586,0,3,0,2,2
4,5,1,0,266,59,3,20,78,858,1,3,0,2,2
4,7,1,0,171,78,0,28,90,1572,0,3,0,2,2
6,0,2,1,515,40,1,39,95,772,1,2,0,3,3
0,7,1,0,232,72,0,20,76,1125,0,3,1,0,0
2,4,0,1,661,23,3,32,44,966,1,3,1,3,3
0,0,2,1,381,48,3,27,92,812,0,3,0,0,2
1,1,1,0,174,77,0,29,69,1107,0,3,0,2,2
0,0,2,0,300,56,3,38,65,1666,0,2,0,2,2
2,3,0,1,683,26,3,23,51,332,0,0,0,3,3
1,7,1,0,160,77,2,22,82,1270,0,3,0,2,2
4,7,1,0,233,70,1,22,91,566,0,1,0,0,0
1,5,1,0,82,82,3,36,85,399,0,3,0,1,1
5,5,1,1,476,44,3,27,64,841,1,3,0,3,3
3,1,1,1,690,23,0,26,59,793,0,3,0,3,3
4,2,0,1,378,53,2,38,41,745,1,3,0,3,0
5,5,1,0,201,75,0,34,72,1145,0,3,0,2,2
5,1,1,0,146,81,3,39,45,1269,0,3,0,1,2
5,4,0,0,316,61,2,27,43,1456,0,2,0,0,0
2,3,0,0,126,77,0,38,61,1280,0,3,0,1,2
4,3,0,0,249,61,3,36,90,1647,0,3,0,2,2
3,2,0,0,174,75,0,28,58,583,0,3,0,2,1
2,4,0,1,581,33,3,27,44,1436,0,3,0,3,3
5,2,0,0,306,56,3,20,52,1288,0,3,0,2,2
2,5,1,0,158,79,0,26,73,368,1,3,0,2,2
4,4,0,0,121,77,3,25,60,1171,0,1,0,2,1
5,6,2,0,189,67,1,24,46,693,0,3,0,2,2
5,5,1,0,132,75,0,23,41,1629,0,3,0,2,2
5,0,2,0,267,68,0,28,61,1331,0,3,0,2,2
4,3,0,0,141,71,1,40,77,544,0,3,0,2,1
0,1,1,0,162,79,3,40,75,404,0,3,0,2,1
4,1,1,0,123,82,0,30,57,773,0,3,0,2,1
2,0,2,0,235,63,3,39,89,1371,0,3,0,1,2
5,5,1,0,186,77,0,22,73,392,0,3,1,0,0
5,6,2,0,168,69,0,36,55,1745,1,3,0,2,1
0,7,1,0,206,67,2,36,78,564,0,3,0,2,2
6,5,1,1,539,33,3,21,81,1260,0,3,0,3,3
4,1,1,1,381,57,1,23,73,1447,0,3,0,3,3
5,0,2,0,114,81,0,31,85,886,0,3,1,2,2
1,5,1,0,214,66,1,29,53,395,0,0,0,0,0
3,7,1,0,161,79,1,29,55,605,0,3,0,2,2
3,0,2,0,294,61,1,30,85,1224,0,3,0,2,2
2,3,0,0,284,65,3,36,89,1389,0,3,0,2,2
1,0,2,0,346,60,2,25,81,347,0,3,0,2,2
6,6,2,0,245,71,3,28,60,381,0,3,0,1,2
2,5,1,0,155,74,0,35,62,799,0,3,0,2,2
6,7,1,0,271,67,0,29,69,1004,0,1,0,0,0
4,2,0,0,295,66,3,31,46,1229,1,3,0,2,2
3,6,2,0,217,71,0,23,53,698,0,3,0,2,1
4,6,2,0,317,64,1,23,54,743,0,3,0,2,2
0,4,0,0,109,77,0,40,59,1222,0,3,1,2,2
6,3,0,0,205,65,1,35,48,712,0,3,0,2,2
4,4,0,0,240,67,1,39,57,1551,1,3,0,2,2
0,1,1,1,576,35,0,31,81,1414,0,3,0,3,3
0,7,1,0,190,66,3,27,40,1457,0,3,1,2,2
0,5,1,0,141,81,2,32,85,1169,0,3,0,2,2
5,7,1,0,143,77,1,30,76,987,0,3,0,2,2
1,3,0,0,160,76,3,32,94,714,0,3,0,1,1
2,3,0,1,671,19,3,35,51,1358,0,3,0,3,3
0,0,2,0,292,60,3,39,51,1476,0,3,0,2,2
1,6,2,0,139,73,1,27,85,1119,0,3,0,1,2
4,2,0,0,340,61,2,25,86,1703,0,0,0,0,0
2,6,2,0,139,78,3,22,75,520,0,3,0,1,1
1,1,1,0,283,65,1,35,76,666,0,1,0,0,2
4,6,2,0,244,62,0,39,65,1604,0,3,0,2,2
0,4,0,0,144,76,3,28,86,1056,0,3,0,1,1
0,0,2,0,303,56,2,22,71,713,0,3,0,2,2
5,0,2,0,290,57,2,37,92,431,0,3,0,2,2
1,0,2,0,156,78,2,40,92,892,0,1,0,2,2
6,3,0,0,131,82,2,38,91,1171,0,1,0,2,2
6,1,1,0,152,76,2,20,49,1717,0,1,0,2,2
1,5,1,0,211,66,3,33,45,745,0,3,0,2,2
3,2,0,0,310,54,2,24,79,1082,0,3,0,2,0
5,6,2,0,124,80,3,21,41,1315,0,3,0,1,1
6,3,0,0,340,52,3,36,73,590,0,3,0,2,2
6,4,0,0,134,82,2,24,71,1375,0,3,1,2,2
0,7,1,0,137,74,3,30,83,880,0,3,0,1,2
1,2,0,0,284,57,2,37,90,1318,0,3,0,2,2
1,4,0,0,210,68,1,30,67,503,0,3,0,2,2
2,4,0,0,302,60,3,27,67,1343,0,3,0,2,2
2,5,1,0,86,86,3,32,81,1380,0,3,0,1,1
1,4,0,0,120,82,2,34,95,410,0,3,1,2,2
3,0,2,0,246,67,1,29,79,971,0,3,0,2,2
4,2,0,0,286,63,2,30,81,751,0,1,0,0,2
2,0,2,0,290,59,0,24,63,839,0,3,0,2,2
0,1,1,0,319,55,1,33,80,684,1,3,0,0,0
3,0,2,0,314,60,0,28,90,561,0,3,0,2,2
5,0,2,0,213,68,0,23,51,825,0,3,0,2,2
1,2,0,0,221,73,0,23,59,1582,0,3,0,2,2
1,6,2,0,55,83,0,21,89,1294,0,2,0,1,1
6,2,0,0,185,67,0,25,73,374,0,1,0,2,2
1,5,1,0,323,55,1,32,64,1753,0,3,0,0,2
0,4,0,1,482,47,1,38,41,753,0,3,0,3,3
5,0,2,0,245,63,2,29,42,688,0,3,1,0,2
5,6,2,0,80,79,3,36,88,303,1,2,0,1,1
1,7,1,0,132,75,2,30,93,369,0,3,0,2,2
4,1,1,0,192,69,1,33,51,1759,0,3,0,2,2
4,4,0,1,435,43,1,23,50,1783,1,3,0,3,3
5,4,0,0,320,53,3,24,43,951,0,3,1,0,0
6,4,0,0,302,57,3,33,89,940,0,3,0,2,2
5,0,2,0,312,64,0,31,93,319,0,1,0,2,2
5,3,0,0,274,65,3,34,50,1175,0,3,1,2,0
3,7,1,0,178,70,2,21,92,650,0,3,0,2,2
2,1,1,0,207,75,1,30,46,1769,0,3,0,2,2
5,1,1,0,264,63,0,23,54,1108,0,3,0,2,2
4,0,2,0,160,79,0,21,49,606,0,3,0,1,1
4,1,1,0,181,69,2,23,75,1116,1,1,0,0,0
4,6,2,0,127,81,0,40,94,1250,0,3,0,1,1
0,1,1,1,501,37,3,37,93,554,0,0,0,3,3
4,7,1,0,53,80,2,26,81,942,0,3,0,2,2
6,4,0,0,230,67,3,37,89,1147,0,3,0,2,2
0,4,0,0,93,78,3,34,49,1729,0,2,0,1,1
6,2,0,0,171,74,1,26,40,791,0,3,1,2,2
3,6,2,0,178,77,0,34,71,711,0,3,0,1,2
4,5,1,0,344,51,2,27,94,1400,1,3,0,0,0
1,3,0,0,81,77,0,36,90,1239,1,1,0,2,1
6,3,0,1,447,49,2,20,64,1403,0,1,1,3,3
2,7,1,0,332,59,2,22,61,1347,0,3,0,0,2
2,3,0,1,661,19,3,22,40,952,0,3,1,3,3
3,6,2,0,228,70,2,24,65,914,0,2,1,0,0
0,5,1,0,255,70,1,34,93,399,0,3,0,2,2
1,0,2,0,96,82,2,20,59,676,0,3,0,1,1
0,4,0,0,58,82,1,20,73,1656,0,3,1,2,2
5,6,2,0,103,77,3,31,72,1760,0,3,0,1,1
1,6,2,0,180,68,2,30,74,427,0,3,0,2,2
5,7,1,0,60,82,3,24,92,687,0,3,0,1,1
0,0,2,0,241,61,1,37,58,1758,0,3,0,2,1
4,5,1,1,360,55,0,24,89,389,1,3,0,3,3
5,1,1,0,197,68,3,29,58,643,0,3,0,2,2
4,1,1,1,461,46,1,39,48,952,0,3,0,3,3
6,4,0,0,273,67,3,28,65,1713,0,3,0,2,2
5,7,1,0,235,68,3,39,60,421,0,3,1,0,0
2,7,1,0,209,67,0,23,71,1629,1,3,0,2,2
1,6,2,0,150,71,1,35,71,861,0,3,0,1,2
6,3,0,0,238,71,0,25,93,1486,0,3,1,0,2
3,5,1,0,62,85,0,21,78,603,0,3,1,2,2
1,7,1,0,249,70,1,26,64,953,0,3,0,2,0
4,1,1,0,298,63,1,21,64,847,0,3,0,2,0
3,3,0,0,58,85,2,21,89,1645,0,3,0,1,1
0,0,2,0,194,73,1,30,74,874,0,3,0,2,2
5,1,1,1,486,40,2,27,95,838,0,3,0,3,3
4,5,1,0,56,90,3,40,65,1246,0,3,0,1,1
4,5,1,0,247,69,3,38,80,1471,0,3,0,2,2
3,1,1,0,78,88,2,40,60,604,0,3,0,2,2
0,5,1,0,234,64,1,26,70,1236,0,3,0,2,2
0,7,1,0,271,58,2,34,75,474,1,3,0,0,2
0,7,1,0,158,70,2,31,62,1645,0,1,0,2,0
0,4,0,0,71,85,3,28,79,449,0,3,0,1,1
1,4,0,0,317,54,2,31,84,638,0,3,0,2,2
1,6,2,1,474,46,3,22,65,1778,0,3,0,0,0
0,6,2,0,88,80,2,23,74,1007,0,3,0,1,1
6,5,1,0,192,68,3,36,83,351,0,3,0,2,1
2,4,0,0,165,76,1,32,86,867,0,3,0,2,2
6,3,0,0,293,57,2,35,71,1120,0,3,0,2,0
0,6,2,0,205,65,0,32,70,1458,0,3,0,2,2
4,6,2,0,171,71,0,38,66,592,0,3,0,1,2
0,7,1,0,329,53,0,36,95,354,0,3,0,2,2
1,0,2,0,204,65,1,37,43,1468,0,3,0,2,1
6,2,0,0,338,52,0,37,64,1535,0,3,0,2,2
2,0,2,0,286,60,1,33,64,954,0,3,0,2,2
1,4,0,0,298,61,0,33,66,747,0,1,0,2,0
0,0,2,0,242,61,1,28,76,1354,0,1,0,2,2
6,0,2,0,213,74,0,31,92,1583,0,3,0,2,2
5,6,2,0,213,74,0,34,61,1378,0,0,1,0,0
2,1,1,0,292,61,3,27,89,1258,0,3,0,2,2
1,2,0,1,379,50,0,28,45,636,0,3,0,0,0
5,4,0,0,275,64,3,31,65,967,0,3,0,2,1
2,0,2,0,328,58,0,20,44,1569,0,3,0,2,2
3,2,0,0,329,58,2,29,55,689,0,3,0,2,2
3,0,2,1,603,30,0,38,44,1748,0,3,0,3,3
4,6,2,0,328,55,0,36,81,1300,0,3,0,2,2
1,5,1,0,138,78,1,35,70,1682,0,3,0,2,2
3,4,0,0,193,69,0,34,58,713,0,3,1,2,0
1,0,2,0,246,65,2,34,74,1475,0,3,0,2,2
3,4,0,0,90,82,1,34,46,1103,0,3,1,2,2
4,3,0,0,162,70,0,38,78,1785,0,0,0,2,2
3,7,1,0,61,86,1,36,52,1048,0,3,0,2,1
3,5,1,1,632,22,1,28,95,1765,0,3,0,3,3
3,2,0,0,233,65,3,38,73,1044,1,3,0,2,1
0,1,1,0,250,62,1,21,74,1241,0,3,0,2,2
0,7,1,0,349,60,3,35,94,944,0,3,0,2,0
5,5,1,0,268,63,3,34,60,1375,0,3,0,2,2
4,3,0,0,281,60,3,33,52,676,0,3,0,2,2
1,1,1,0,275,64,0,26,64,517,0,3,0,2,2
2,2,0,0,180,73,1,36,66,1217,0,3,0,2,1
0,1,1,0,174,69,2,31,51,1776,0,1,0,2,2
2,3,0,0,244,68,1,24,72,549,0,3,0,2,2
5,6,2,0,280,57,3,40,77,1443,0,3,0,2,1
6,1,1,0,146,78,2,33,93,307,0,3,1,0,0
3,3,0,0,261,67,0,24,68,1785,0,3,0,2,2
5,5,1,0,62,83,2,20,78,1731,0,3,0,2,1
5,5,1,1,539,33,3,23,41,313,0,3,0,3,3
2,7,1,0,65,80,1,23,93,799,1,3,0,2,2
0,3,0,0,163,79,3,30,44,643,1,3,1,2,2
2,4,0,1,554,40,3,21,85,1733,0,3,0,3,3
1,1,1,0,205,71,2,32,82,714,0,3,0,2,0
3,4,0,0,50,88,0,33,49,412,0,3,0,1,1
1,2,0,0,307,56,3,33,93,1276,0,1,1,0,0
6,0,2,0,144,72,0,25,55,1567,0,3,0,1,2
0,3,0,1,427,46,0,23,93,1751,0,3,1,3,3
3,2,0,0,309,59,0,32,86,1132,1,3,1,0,0
5,3,0,0,238,71,3,21,58,926,0,3,0,2,2
1,1,1,0,91,77,2,30,88,964,0,2,1,0,0
6,6,2,0,170,78,1,31,93,1371,0,0,0,2,2
6,6,2,0,291,61,1,31,51,1639,0,3,0,2,2
6,7,1,1,610,26,0,27,86,407,0,3,0,3,3
6,6,2,0,319,60,1,29,52,1707,1,3,0,2,2
6,3,0,0,276,58,1,35,52,1617,0,1,0,0,0
4,2,0,0,66,87,2,23,90,1078,1,3,0,2,2
2,0,2,0,192,74,1,29,69,389,0,3,0,2,1
5,6,2,0,289,65,2,33,42,837,1,3,0,2,0
6,0,2,1,420,53,1,20,77,1385,1,3,0,3,0
1,5,1,0,60,85,0,33,78,866,0,3,0,1,1
2,7,1,1,362,58,0,40,53,1608,0,3,0,0,3
4,1,1,1,623,29,1,27,58,1578,0,2,0,3,3
3,2,0,0,208,71,0,23,59,1649,0,3,0,2,2
0,5,1,1,624,23,0,20,71,325,0,3,0,3,3
1,6,2,0,68,81,1,21,47,458,0,3,0,1,1
6,3,0,0,301,57,2,29,55,495,1,3,0,0,2
0,7,1,0,78,87,3,39,50,1653,0,3,0,1,1
2,5,1,0,308,65,3,28,83,1788,0,3,0,2,2
4,6,2,1,431,52,3,35,44,638,0,3,0,0,0
3,2,0,0,185,75,3,22,58,1705,0,3,0,1,1
2,7,1,0,149,71,0,36,70,1376,0,0,0,2,2
3,0,2,1,562,38,1,29,55,600,0,3,0,3,3
4,2,0,0,280,67,3,26,56,1565,0,1,0,2,0
2,0,2,0,334,54,0,26,67,678,0,3,0,2,2
2,4,0,1,595,34,0,36,87,556,1,3,0,3,3
2,0,2,1,542,40,2,33,76,1401,0,0,0,3,3
3,5,1,0,122,83,1,38,87,1634,0,3,0,2,1
0,1,1,1,548,34,0,39,43,323,0,3,0,3,3
2,0,2,0,240,71,2,30,91,608,0,3,1,0,0
6,7,1,0,323,61,1,38,72,703,1,3,0,0,0
5,0,2,0,298,63,0,30,78,385,0,3,0,2,2
5,7,1,0,266,65,3,26,55,601,0,3,0,2,2
3,4,0,0,149,73,3,23,87,1708,0,3,0,1,1
0,5,1,0,65,86,0,21,75,482,0,3,0,1,1
0,4,0,0,76,84,1,20,43,1760,0,3,0,1,1
5,3,0,0,180,76,3,35,63,1511,0,3,1,2,2
0,4,0,0,181,73,3,37,83,954,0,3,1,2,2
6,6,2,0,350,52,0,22,53,367,0,3,0,2,2
3,1,1,0,231,63,0,33,86,1316,0,3,0,2,2
0,6,2,1,644,23,1,21,62,1751,1,3,0,3,3
3,7,1,0,301,55,3,37,75,544,1,1,0,0,2
2,2,0,0,107,77,3,25,89,946,0,3,1,2,2
0,5,1,0,168,69,3,27,63,1392,0,3,0,2,2
5,0,2,0,328,53,3,24,60,482,0,3,0,2,2
1,3,0,1,691,25,2,32,55,378,0,3,0,3,3
5,3,0,0,187,74,0,32,56,1578,0,3,0,2,2
4,6,2,0,337,54,2,32,62,1057,0,3,0,2,2
4,4,0,1,656,24,3,40,44,1542,1,3,0,3,3
2,5,1,0,92,86,0,26,80,1260,0,3,0,1,1
6,3,0,0,131,77,3,26,69,998,0,3,0,1,1
0,4,0,0,256,67,3,35,50,1719,0,1,0,2,2
1,7,1,0,331,53,0,23,44,1360,0,3,0,2,2
0,1,1,0,55,80,0,21,55,470,0,3,0,1,1
1,4,0,0,73,85,3,37,67,428,0,3,0,1,1
6,6,2,0,284,62,3,36,83,1381,0,3,0,2,1
5,1,1,0,216,73,1,35,59,1647,0,3,0,2,2
1,4,0,0,78,79,1,24,87,346,0,3,0,1,1
2,3,0,0,128,78,2,29,59,1489,0,3,0,2,2
0,1,1,0,183,72,2,31,49,807,0,3,0,2,2
2,5,1,0,306,64,2,21,44,1041,0,1,0,0,0
6,0,2,0,83,80,0,28,69,315,0,3,0,1,1
2,3,0,0,109,81,1,33,92,1375,0,3,0,2,1
5,7,1,0,156,77,0,20,70,1450,0,2,0,2,2
4,3,0,1,589,27,3,24,77,678,1,1,0,3,3
6,5,1,0,263,65,3,33,78,685,0,3,0,2,2
4,2,0,1,630,28,1,20,57,1649,0,3,0,3,3
0,4,0,0,207,68,0,32,52,1378,0,0,0,2,2
4,0,2,1,478,46,3,32,90,515,0,3,0,0,0
0,3,0,0,98,80,0,32,77,1025,0,0,0,2,2
3,3,0,0,66,80,2,21,60,717,0,3,0,1,1
3,3,0,0,91,79,1,35,55,712,0,3,1,2,0
2,0,2,1,667,19,1,32,61,1543,0,3,0,3,3
4,6,2,0,234,68,2,35,58,1068,0,3,0,2,2
1,0,2,0,70,80,0,22,72,1168,1,3,0,1,1
5,4,0,0,246,65,2,21,69,1296,0,3,0,2,2
6,5,1,1,540,34,0,27,80,1414,0,3,0,3,3
3,5,1,0,57,88,1,23,51,1529,0,3,0,2,2
4,0,2,0,258,68,2,40,57,1752,0,3,0,2,2
5,1,1,1,387,49,1,27,46,1319,0,3,0,3,3
3,5,1,0,187,69,3,27,57,1478,0,3,0,2,1
2,3,0,0,145,79,1,32,83,1165,0,3,0,2,2
2,3,0,0,244,61,3,34,52,1191,0,3,0,2,2
3,7,1,0,304,55,0,29,55,808,0,3,0,2,2
2,3,0,0,342,51,1,30,42,713,0,3,0,2,0
3,0,2,0,199,69,3,35,71,1723,0,3,0,1,1
4,6,2,0,291,57,1,21,66,1291,0,0,0,2,2
1,7,1,0,280,66,0,28,53,468,0,3,0,2,2
3,1,1,0,272,68,2,26,70,925,0,3,0,2,2
2,6,2,0,220,68,0,33,61,1109,0,0,1,0,0
4,0,2,0,158,78,1,36,69,824,0,3,0,2,1
4,2,0,0,304,65,1,39,66,438,0,3,0,2,2
4,1,1,0,235,67,0,28,87,1394,0,3,0,2,2
5,4,0,1,555,34,0,22,94,1488,0,0,0,3,3
2,0,2,0,216,64,1,23,73,509,1,3,0,2,2
6,2,0,0,224,65,2,28,64,531,1,2,0,0,0
3,3,0,0,255,68,3,32,40,440,0,3,0,2,2
0,4,0,0,316,60,3,32,42,1233,0,3,0,2,2
1,7,1,0,230,71,1,22,42,1695,0,3,0,2,0
5,4,0,0,134,82,1,22,56,923,0,3,0,2,1
2,1,1,0,348,56,2,32,81,749,0,3,0,0,2
3,5,1,0,271,60,3,38,49,491,0,3,0,2,2
0,4,0,0,283,58,2,29,42,1627,0,3,0,2,2
1,4,0,1,466,40,3,40,52,680,0,3,0,0,3
2,0,2,0,310,55,3,27,80,1105,0,1,0,2,2
6,5,1,0,332,52,2,39,73,956,0,3,0,0,2
3,7,1,0,279,63,0,36,79,1243,0,3,1,0,0
4,0,2,1,579,32,3,30,73,763,0,3,0,3,0
6,1,1,0,56,87,3,31,79,1752,0,3,0,1,1
6,0,2,0,133,81,0,33,70,1663,1,3,0,1,1
1,2,0,0,335,60,1,23,55,642,0,3,0,2,0
5,5,1,0,94,83,3,20,43,464,0,1,0,2,1
6,6,2,1,630,24,0,30,88,661,0,3,0,3,3
5,5,1,1,669,28,2,38,47,1320,0,3,0,3,3
4,2,0,0,175,68,3,29,95,348,0,3,0,1,2
6,4,0,0,100,84,1,20,92,1375,0,3,1,2,2
4,2,0,0,169,79,1,22,90,1027,0,3,0,2,2
5,2,0,0,289,63,0,26,85,463,1,0,0,0,2
4,4,0,0,82,83,3,23,70,1162,0,3,0,1,1
5,0,2,0,219,69,0,29,65,505,0,3,1,2,2
4,3,0,0,302,57,2,27,85,1365,0,3,1,0,0
0,7,1,0,182,75,2,31,94,762,0,3,0,2,2
2,2,0,0,50,90,3,24,87,910,1,3,0,1,1
3,0,2,0,217,73,0,38,40,1298,1,3,0,2,1
2,2,0,0,163,72,2,40,56,436,0,3,1,0,0
6,7,1,0,284,63,3,32,70,1381,0,3,0,2,2
0,5,1,0,120,82,2,27,42,1208,0,3,0,2,2
3,5,1,0,129,80,1,25,90,774,0,3,0,2,2
1,2,0,0,80,78,0,29,80,888,0,3,0,1,1
6,2,0,0,253,61,1,33,45,1650,0,3,0,2,2
1,5,1,0,147,78,0,35,75,1662,0,3,0,2,1
2,3,0,0,296,57,1,26,45,1571,0,3,0,2,2
2,1,1,0,107,77,1,40,61,834,0,3,0,2,2
3,5,1,0,345,58,1,37,61,459,0,3,0,0,0
2,5,1,0,73,78,1,23,44,595,0,3,0,2,1
6,4,0,0,266,62,0,32,54,585,0,3,0,2,2
5,7,1,0,201,68,1,27,92,1404,0,3,0,2,2
3,2,0,0,70,82,1,39,57,1294,1,3,0,2,1
0,5,1,0,327,62,0,21,53,1227,0,3,0,2,0
5,0,2,0,260,68,2,28,71,898,1,3,0,2,0
0,5,1,0,99,85,0,27,93,1122,0,3,1,2,2
6,7,1,0,183,67,0,32,88,1749,0,3,0,2,1
2,1,1,0,350,53,0,28,54,408,0,3,0,2,0
4,0,2,1,565,30,3,22,83,1609,0,3,0,3,3
0,7,1,0,239,65,3,20,90,1340,0,0,0,2,2
2,3,0,0,224,71,2,20,46,1167,0,3,0,2,2
0,7,1,0,165,69,0,32,91,1607,0,1,0,2,2
5,0,2,0,280,65,3,25,45,762,1,3,0,2,2
2,3,0,0,336,53,0,40,81,1184,0,3,0,2,2
3,7,1,0,78,86,2,39,70,865,0,3,0,2,2
4,4,0,1,467,48,3,39,49,715,1,3,0,3,0
1,4,0,0,301,59,0,39,47,1312,0,1,0,2,0
4,2,0,0,116,82,0,21,93,1256,1,3,0,2,1
6,6,2,0,271,62,3,38,77,531,0,3,0,2,2
1,4,0,0,100,81,1,39,76,543,0,3,0,1,1
2,7,1,0,83,83,1,40,81,1327,0,3,0,2,1
2,3,0,0,174,73,3,31,83,673,0,3,0,1,2
2,1,1,0,280,63,2,22,92,1132,0,3,1,0,3
5,6,2,0,75,82,1,36,57,545,0,3,0,1,2
6,0,2,1,598,33,0,26,77,1779,0,3,0,3,3
2,0,2,0,161,75,0,25,46,1716,0,3,0,1,1
2,6,2,0,111,75,0,28,80,1571,0,3,0,1,1
2,0,2,0,57,90,3,25,57,1502,0,1,0,1,1
6,5,1,0,112,79,0,25,61,522,0,3,1,2,2
5,6,2,1,519,37,0,39,89,535,0,3,0,3,0
1,5,1,0,324,55,2,21,44,1428,0,3,0,0,2
0,2,0,0,329,60,2,29,92,891,0,0,0,0,0
0,4,0,0,62,83,0,40,70,1052,0,3,0,1,1
3,6,2,0,87,78,0,22,89,1655,0,3,0,1,1
4,3,0,0,219,74,3,28,47,837,0,3,0,2,2
5,4,0,1,412,51,1,22,72,1062,0,3,0,3,3
2,2,0,0,115,83,0,27,40,559,0,3,0,1,2
1,7,1,0,60,79,0,26,55,1793,0,3,0,1,2
2,3,0,0,88,84,3,31,83,1156,0,0,0,1,1
3,4,0,0,169,79,2,39,58,999,0,3,0,2,2
4,6,2,0,79,88,2,33,79,1333,0,3,0,1,1
0,3,0,0,206,71,0,24,78,946,0,3,0,2,1
3,3,0,0,146,81,2,33,81,612,0,1,0,2,2
2,7,1,0,264,61,0,27,94,1771,0,2,0,0,2
3,4,0,0,333,58,1,23,47,713,0,3,0,2,2
1,7,1,0,309,59,2,27,56,1646,0,1,0,0,0
4,5,1,0,155,71,3,31,78,1156,0,3,0,2,2
1,2,0,1,700,25,2,23,78,1187,0,3,0,3,3
0,0,2,0,96,84,3,29,47,757,0,3,0,1,1
2,6,2,0,72,84,3,39,84,881,0,3,0,1,1
6,3,0,0,219,72,0,32,62,813,0,3,0,2,2
1,1,1,0,84,84,0,28,66,1621,0,3,0,1,2
6,3,0,0,88,77,3,33,93,698,0,3,0,1,1
0,4,0,0,349,57,2,21,81,1267,0,3,0,0,0
5,1,1,0,181,70,1,31,94,1333,0,3,0,2,2
0,6,2,0,119,77,2,30,76,1421,0,1,0,2,2
1,1,1,0,151,70,0,32,61,957,0,3,0,2,2
3,1,1,0,149,80,2,32,42,475,0,3,1,0,0
6,1,1,1,487,37,0,31,84,1514,1,3,0,3,3
5,6,2,0,213,69,0,22,44,348,0,1,1,0,0
1,4,0,0,121,74,2,20,68,1224,1,3,0,2,2
4,5,1,1,605,33,2,23,81,1474,0,3,0,3,3
1,3,0,0,123,75,1,25,43,1047,1,0,0,2,2
2,6,2,0,69,87,2,37,52,987,0,3,0,1,2
2,0,2,0,321,63,0,30,65,688,0,1,0,2,0
4,6,2,0,64,89,2,33,58,1149,0,3,0,1,1
6,4,0,0,160,72,1,40,67,587,0,3,0,2,2
1,3,0,1,358,54,3,26,65,1244,0,3,0,0,0
0,1,1,1,541,41,3,32,80,573,0,2,0,3,3
5,6,2,0,182,71,1,35,87,1554,0,3,0,2,2
2,5,1,0,130,79,0,30,95,1109,0,3,0,2,2
2,2,0,0,238,72,3,33,49,410,0,3,0,2,2
1,0,2,1,434,44,1,27,54,950,0,3,0,0,0
6,1,1,1,506,40,3,38,85,1521,0,3,1,3,3
4,1,1,0,99,83,3,30,50,1657,0,3,0,1,1
4,7,1,1,418,48,1,23,95,1147,0,3,0,3,0
1,6,2,0,281,61,0,37,75,1167,0,0,0,2,2
3,5,1,0,201,73,2,38,73,979,0,3,0,2,2
1,6,2,0,134,81,2,36,89,914,0,3,0,1,2
0,7,1,0,204,65,3,29,82,1510,0,3,1,2,0
1,5,1,1,692,19,1,24,48,1222,0,3,0,3,3
0,5,1,0,349,53,1,39,91,1202,0,3,0,0,2
0,1,1,0,261,60,0,29,53,1260,0,3,1,0,0
4,1,1,0,199,75,3,21,90,1072,0,3,0,2,2
5,7,1,0,61,81,2,28,94,1271,0,2,0,2,2
5,7,1,0,53,84,0,34,77,1109,1,3,0,1,1
3,7,1,0,144,80,0,38,60,662,0,3,0,2,2
4,6,2,0,213,66,3,40,90,501,0,1,0,2,1
4,4,0,0,309,60,2,30,92,608,0,3,0,2,2
0,0,2,0,201,71,2,24,64,403,1,3,0,2,2
2,0,2,0,59,84,3,30,68,830,0,3,0,1,1
5,4,0,0,171,71,2,35,84,1167,0,1,0,2,2
0,7,1,0,294,57,3,31,66,1448,0,3,0,2,2
0,3,0,1,674,24,2,31,48,1060,0,3,1,3,3
5,0,2,0,340,57,1,40,95,1750,0,2,0,0,0
2,5,1,0,78,86,0,37,82,559,1,3,0,2,2
2,4,0,0,238,72,2,32,53,840,0,1,0,0,2
0,4,0,1,494,39,0,37,92,1049,0,3,0,3,3
6,1,1,1,443,44,0,22,48,1193,0,3,0,3,3
1,2,0,0,111,80,1,38,70,1202,0,3,0,2,2
5,3,0,0,72,87,1,33,57,472,1,3,1,2,2
5,5,1,0,238,69,1,30,94,669,0,3,1,0,0
3,4,0,1,604,25,1,30,80,1074,1,3,0,3,3
1,2,0,1,409,46,3,20,84,891,0,0,0,3,3
1,1,1,1,517,37,3,34,46,1788,0,3,0,3,3
0,4,0,0,92,78,3,32,49,769,1,3,0,1,1
1,7,1,0,220,66,1,39,73,835,0,3,0,2,2
2,2,0,1,437,44,0,38,61,662,0,1,0,3,3
1,4,0,1,573,30,1,27,54,390,0,3,0,3,3
0,5,1,0,122,77,3,29,52,1260,0,2,0,2,2
3,2,0,0,130,73,0,33,40,1203,0,0,1,0,0
3,3,0,1,361,58,0,37,50,854,0,1,0,3,0
0,1,1,0,348,59,3,23,72,920,0,3,0,2,2
4,3,0,0,340,52,0,25,82,945,0,3,0,2,2
3,1,1,1,448,45,0,23,84,1056,0,0,1,3,3
6,3,0,0,336,60,0,21,86,1591,1,3,0,2,2
4,6,2,0,171,73,3,26,91,768,0,3,0,1,1
0,4,0,0,64,84,0,23,92,1453,1,3,0,1,2
0,7,1,1,409,54,0,34,69,859,0,3,0,3,3
4,7,1,0,283,63,0,25,81,446,0,3,0,2,2
2,2,0,0,350,51,0,23,86,316,0,3,0,2,2
5,1,1,0,159,70,2,29,94,1244,0,3,0,2,2
4,4,0,0,158,78,1,21,62,1035,0,1,0,2,2
4,6,2,0,309,55,2,21,55,952,0,3,0,2,2
5,2,0,0,184,75,1,21,90,1039,0,3,0,2,2
4,5,1,0,114,74,1,28,40,1330,0,3,0,2,2
6,7,1,0,209,66,0,27,42,1105,1,3,0,2,2
3,0,2,1,401,46,0,21,55,918,0,3,0,0,0
2,3,0,0,246,66,3,23,61,1194,1,3,0,2,2
0,4,0,1,489,38,0,28,89,1768,0,1,0,3,3
3,6,2,0,64,84,3,31,47,423,0,3,0,1,1
4,2,0,0,338,55,3,32,52,1072,0,3,0,2,2
6,2,0,0,218,68,0,27,58,895,0,3,0,2,2
6,3,0,0,98,77,0,29,77,1019,0,0,0,2,2
3,7,1,0,348,55,1,28,69,1385,0,3,0,0,0
5,0,2,0,212,68,3,30,40,1312,0,3,0,1,1
1,2,0,0,317,59,0,36,61,1368,0,3,0,2,2
6,1,1,0,148,71,3,20,63,693,0,3,0,1,2
1,2,0,0,114,81,3,34,48,814,0,3,0,1,1
2,2,0,1,547,39,3,38,71,584,0,3,1,3,3
5,0,2,1,530,38,2,38,89,440,0,3,0,3,3
5,5,1,1,450,45,0,31,79,1216,1,0,0,3,3
5,6,2,1,407,55,2,21,84,326,0,3,0,0,0
0,4,0,0,85,86,2,25,41,1146,0,3,1,2,2
2,5,1,0,179,70,3,27,58,838,0,3,0,2,2
3,0,2,0,263,63,3,20,83,790,0,3,0,2,1
5,7,1,0,257,60,2,40,86,978,0,1,0,0,0
4,7,1,0,324,54,1,39,44,595,0,3,0,0,2
3,0,2,1,452,48,0,24,43,1792,0,3,0,0,0
2,3,0,0,104,83,0,32,82,663,0,3,0,1,1
6,2,0,0,243,69,1,25,66,1615,0,3,0,2,2
5,5,1,1,659,30,3,21,82,625,1,3,1,3,3
1,1,1,0,105,80,3,21,87,320,0,3,0,1,1
3,4,0,1,664,22,1,38,66,328,0,3,0,3,3
3,6,2,0,184,70,0,37,84,1038,0,3,0,1,1
5,6,2,0,75,85,1,37,57,1589,0,3,0,1,1
1,1,1,1,650,26,3,30,65,1788,0,3,0,3,3
5,3,0,0,196,68,1,36,53,729,1,3,0,2,2
3,0,2,0,205,68,3,23,55,1152,0,3,0,1,2
3,3,0,0,81,81,3,38,66,1675,0,3,0,1,1
6,6,2,0,53,81,3,22,84,1345,0,3,0,1,1
5,7,1,0,86,80,1,31,88,1027,0,3,0,2,1
0,3,0,0,340,60,0,31,85,1551,0,3,0,2,2
0,6,2,0,245,63,1,34,68,815,0,1,0,2,2
0,7,1,0,286,61,2,32,47,1642,1,3,0,0,0
5,6,2,0,223,73,3,24,89,389,0,3,1,2,2
1,0,2,1,409,55,1,23,93,1727,1,3,0,3,3
0,4,0,0,240,63,2,27,75,1785,0,3,0,2,2
3,1,1,0,119,80,0,37,70,454,0,3,0,2,2
2,5,1,0,152,77,3,33,87,1207,0,3,0,1,1
4,5,1,0,344,51,2,24,88,1203,0,3,0,0,0
3,4,0,0,52,85,0,20,68,1164,0,3,0,1,1
1,7,1,0,321,59,3,22,42,769,0,3,0,2,2
0,7,1,0,276,60,1,36,42,768,0,0,0,0,0
3,4,0,1,592,30,2,39,64,920,1,3,0,3,3
1,0,2,0,58,90,2,32,74,1586,0,3,0,1,1
3,2,0,0,132,79,3,23,46,493,0,3,0,1,1
3,1,1,0,158,76,3,23,64,1599,0,3,0,2,1
3,0,2,0,99,77,2,33,75,428,0,3,0,1,2
3,4,0,0,237,64,1,38,64,1298,0,3,0,2,2
4,4,0,1,693,24,0,28,45,1120,0,3,0,3,3
3,6,2,0,252,62,2,25,72,1792,0,0,0,2,0
4,5,1,0,214,74,1,20,59,1534,0,1,0,0,2
3,4,0,0,192,71,1,23,47,1637,0,3,0,2,2
5,7,1,0,231,70,1,20,82,1730,0,3,0,2,0
4,1,1,1,681,18,1,25,80,1295,0,1,1,3,3
1,2,0,0,304,60,1,24,66,371,0,3,0,2,2
2,1,1,0,307,61,1,20,86,1037,0,3,0,0,0
0,1,1,0,54,84,0,25,67,938,0,1,0,2,2
2,2,0,0,171,71,2,20,66,648,0,3,1,0,2
3,6,2,0,62,89,3,35,58,404,0,2,0,1,1
4,6,2,0,330,61,3,20,73,1062,0,3,0,2,1
2,4,0,0,177,74,3,28,75,726,0,3,0,1,1
3,5,1,0,327,56,1,36,87,347,0,0,0,0,0
3,4,0,1,396,49,2,38,40,1286,0,3,0,3,3
6,3,0,0,126,81,0,36,51,1173,0,1,0,2,2
2,0,2,0,321,62,0,23,89,771,0,3,0,2,2
6,2,0,0,126,77,3,38,52,529,1,1,0,2,2
6,1,1,1,656,25,1,33,73,1261,0,3,0,3,3
6,6,2,0,211,66,1,31,47,772,0,3,0,2,2
2,6,2,0,303,56,1,37,50,741,0,3,0,2,2
1,4,0,0,326,61,0,36,57,953,1,1,0,0,0
2,5,1,1,519,44,1,23,40,1060,0,3,1,3,3
5,0,2,0,157,72,3,35,84,533,0,3,1,2,2
5,5,1,0,277,63,1,40,51,405,0,3,0,2,2
1,0,2,0,319,63,1,26,76,1688,1,3,0,2,0
3,6,2,0,168,74,0,33,68,425,0,3,0,1,1
5,0,2,1,385,48,1,33,42,825,0,3,1,3,3
2,4,0,0,92,77,3,27,70,605,0,1,0,1,2
3,0,2,1,396,52,1,21,48,1090,0,3,0,0,0
1,2,0,0,241,61,2,37,53,1437,0,2,1,0,0
0,0,2,0,92,82,2,28,65,1689,0,3,1,2,2
3,4,0,1,599,26,1,27,94,800,0,3,0,3,3
5,7,1,0,310,63,0,25,82,1729,0,3,0,2,2
5,4,0,0,325,60,2,39,80,861,0,2,0,0,0
3,2,0,0,262,67,3,26,47,849,1,3,0,2,2
2,5,1,0,172,77,2,40,64,582,0,3,0,2,2
1,1,1,0,313,56,3,32,80,1667,0,3,0,2,2
6,4,0,0,238,70,2,34,73,626,0,3,0,2,2
0,1,1,0,287,58,2,37,92,760,0,2,0,0,0
2,6,2,0,86,79,3,28,74,410,0,3,0,1,1
6,3,0,0,100,80,2,29,91,1116,0,3,0,2,1
6,3,0,0,250,66,2,25,55,802,0,3,0,2,2
5,6,2,0,92,86,2,30,91,346,0,3,0,1,1
2,7,1,0,311,61,0,21,42,1215,0,3,0,2,2
1,2,0,0,303,60,1,22,70,610,0,1,0,0,0
0,0,2,0,348,56,1,25,82,539,0,1,0,0,0
2,7,1,0,311,54,3,21,53,669,0,3,0,2,2
6,1,1,0,340,60,2,20,73,725,0,3,0,0,2
2,0,2,1,444,49,3,26,51,1529,0,3,0,0,0
3,2,0,1,501,38,0,25,82,805,0,3,0,3,3
3,6,2,0,298,60,2,21,42,1501,0,3,1,0,0
3,0,2,1,525,35,3,36,50,951,1,3,0,3,0
1,3,0,0,289,58,1,37,40,1317,1,3,0,2,2
4,6,2,0,308,55,3,20,63,617,0,3,0,2,2
5,6,2,0,61,88,2,34,68,386,1,3,0,1,1
5,1,1,0,180,68,2,30,71,1035,0,3,0,2,2
4,2,0,0,223,71,0,38,46,764,0,1,0,2,2
0,6,2,0,142,79,1,27,53,782,0,3,0,1,2
6,6,2,0,181,73,0,32,52,848,0,3,0,1,2
1,1,1,0,132,73,2,37,89,320,1,3,0,2,2
0,6,2,1,366,49,3,38,87,785,0,3,1,0,3
5,4,0,0,325,56,2,24,91,953,0,3,0,2,2
1,5,1,0,189,73,0,38,70,909,0,3,0,2,2
6,0,2,0,265,59,2,31,66,773,0,3,0,2,2
5,0,2,1,492,41,3,29,48,1145,0,3,0,0,0
2,2,0,1,403,46,1,36,70,1031,0,3,0,0,0
0,0,2,0,129,78,3,29,69,528,0,3,1,2,2
5,5,1,0,238,72,3,28,67,1473,1,1,0,2,2
0,0,2,0,301,56,0,23,67,1035,0,3,0,2,2
1,5,1,0,315,57,2,39,60,1504,0,3,0,0,0
4,4,0,0,214,68,2,36,87,1393,0,3,0,2,2
5,6,2,0,251,65,2,33,93,577,0,3,0,2,2
5,1,1,0,69,83,0,20,72,544,0,3,0,1,1
5,6,2,0,157,77,0,31,59,1555,0,3,0,1,1
5,0,2,1,662,29,3,32,95,313,0,3,0,3,3
0,5,1,0,315,56,3,32,72,1253,0,3,0,2,2
2,3,0,0,130,79,0,40,83,1269,0,3,0,1,2
0,3,0,0,87,81,0,20,86,1508,0,3,0,1,2
1,2,0,0,123,82,2,29,53,1572,0,3,0,2,2
6,4,0,0,271,60,2,25,92,1066,0,3,0,2,2
5,0,2,0,95,77,2,39,61,1285,0,3,0,1,2
2,7,1,0,326,58,1,25,86,682,0,3,0,0,2
3,2,0,1,643,23,0,38,90,1161,0,3,0,3,3
2,2,0,1,510,37,1,40,86,332,0,3,0,3,3
5,0,2,0,63,87,1,39,66,322,1,3,0,1,1
6,2,0,0,342,61,3,38,59,992,0,1,0,2,0
2,0,2,0,185,76,1,33,79,438,0,3,0,2,2
5,3,0,0,329,54,3,30,93,574,0,3,0,2,2
6,3,0,1,476,46,1,36,59,354,0,3,0,3,3
2,5,1,0,259,61,0,31,40,660,1,2,0,0,0
4,1,1,0,300,61,1,22,65,861,0,3,0,2,2
2,4,0,0,134,75,2,20,58,1603,0,3,0,2,2
0,4,0,1,531,42,0,29,63,1654,0,3,0,3,3
3,1,1,0,270,60,3,24,43,647,0,1,0,2,2
2,5,1,0,60,84,0,40,81,1740,0,3,1,2,2
3,2,0,1,360,53,3,37,66,545,0,1,1,3,3
2,6,2,0,186,76,3,30,93,1149,0,3,0,1,1
3,6,2,0,242,65,0,24,73,1702,0,3,0,2,2
6,1,1,0,299,60,2,35,88,1587,0,3,0,0,0
2,6,2,0,111,75,1,31,56,767,0,3,0,1,2
1,1,1,1,549,35,1,26,81,879,1,3,1,3,3
1,4,0,1,601,34,3,20,57,1791,1,1,0,3,3
6,1,1,1,374,56,0,33,88,1698,0,3,0,0,0
6,6,2,0,293,65,2,36,68,559,0,3,0,2,2
0,5,1,0,237,64,0,30,74,1496,0,3,0,2,2
6,0,2,0,162,78,2,22,67,1259,0,3,0,2,2
2,7,1,0,88,80,0,39,42,905,0,3,0,1,1
2,7,1,1,604,31,3,39,81,777,1,1,0,3,3
1,0,2,0,107,83,2,25,70,1471,0,3,0,1,2
4,0,2,1,427,43,0,30,61,1127,0,1,0,3,3
1,6,2,1,658,29,1,39,75,1112,0,3,0,3,3
2,1,1,0,87,78,2,28,67,1162,0,1,0,2,2
0,2,0,0,316,55,2,31,41,1254,0,3,0,2,2
1,2,0,0,87,85,1,21,79,1100,0,3,0,1,1
5,0,2,0,344,61,1,36,90,1329,0,3,0,2,2
3,4,0,0,145,81,1,35,54,1515,1,3,0,2,2
0,6,2,0,337,56,0,37,79,1531,0,3,1,0,0
1,5,1,0,110,79,2,28,50,1777,0,3,0,2,2
5,5,1,0,317,64,3,21,56,447,0,0,0,0,0
2,4,0,0,345,52,1,38,63,851,1,3,0,0,0
6,2,0,0,153,73,3,33,77,1645,1,3,0,1,2
0,1,1,0,84,78,2,37,49,1499,0,3,0,2,2
1,0,2,0,342,55,2,34,82,646,0,3,0,2,0
6,3,0,0,254,67,0,23,77,321,0,1,0,2,0
3,1,1,0,145,72,3,33,42,382,0,1,0,2,2
2,1,1,1,386,49,1,21,67,428,1,0,0,3,3
5,3,0,1,453,43,2,24,90,1135,0,3,0,3,3
5,0,2,1,362,50,3,33,47,360,0,3,0,0,0
2,6,2,0,104,75,3,21,81,723,0,3,1,2,1
6,1,1,0,156,79,1,20,71,1689,1,1,0,0,0
3,3,0,0,302,65,3,35,72,1316,0,3,0,2,2
1,0,2,0,214,73,1,28,48,1657,0,3,0,2,1
1,3,0,0,108,76,3,20,63,1613,0,1,0,2,1
3,6,2,0,103,85,3,34,52,327,0,3,0,1,1
2,7,1,0,160,78,3,34,40,1707,0,3,0,2,2
0,1,1,0,250,68,0,34,50,316,1,3,0,2,0
4,7,1,0,178,69,2,35,85,651,0,1,0,2,2
1,3,0,0,313,59,0,27,57,1384,0,0,0,0,2
3,6,2,0,333,52,1,24,56,1234,0,3,0,2,0
0,3,0,0,98,77,1,35,72,1493,0,3,0,1,2
4,2,0,0,266,67,2,24,54,593,1,3,0,2,0
4,6,2,0,260,67,0,33,44,1771,0,3,1,2,0
3,6,2,1,585,36,2,23,85,1590,0,3,0,3,3
0,0,2,0,130,75,3,25,78,736,0,3,0,1,1
1,3,0,0,194,70,1,38,63,357,0,3,0,2,2
4,1,1,0,197,76,1,28,94,894,1,3,0,2,2
4,5,1,0,105,81,2,35,56,1052,0,0,0,2,2
0,5,1,0,241,61,2,28,81,1176,0,3,0,2,2
1,3,0,0,143,77,1,36,48,1644,1,3,0,2,2
2,3,0,1,527,39,3,25,75,527,1,3,0,3,3
3,7,1,0,233,64,3,38,53,1481,1,3,0,2,2
2,5,1,1,628,31,0,39,86,640,0,3,0,3,3
1,4,0,0,134,72,2,35,92,1446,1,1,0,2,2
5,0,2,0,321,59,1,32,59,960,1,3,0,2,0
3,7,1,0,277,66,3,23,47,608,0,3,0,2,2
0,3,0,0,337,60,3,21,55,353,0,1,0,2,2
4,1,1,0,111,77,1,23,44,1002,0,3,0,2,2
5,7,1,0,223,73,3,29,92,1025,0,3,0,2,2
1,4,0,1,470,38,1,25,85,641,0,1,0,3,3
3,4,0,0,253,64,3,21,59,739,0,1,0,2,2
3,1,1,0,201,65,1,26,84,743,0,3,0,2,2
0,1,1,1,460,46,3,34,45,1434,1,3,0,3,3
2,4,0,0,241,70,3,20,86,1597,1,3,0,2,2
1,1,1,1,485,40,3,30,68,1253,0,0,0,3,3
0,1,1,1,540,38,0,21,52,998,0,0,0,3,3
5,7,1,0,105,77,2,32,79,546,0,3,0,2,1
6,4,0,0,134,80,1,40,85,1405,0,3,0,2,2
1,6,2,0,143,77,2,20,93,956,0,3,0,2,1
3,7,1,0,91,85,1,39,47,363,1,3,0,2,2
0,1,1,0,325,62,2,27,48,1233,0,3,0,0,0
6,2,0,0,104,78,3,25,91,1589,0,3,0,1,1
1,4,0,0,125,81,0,39,43,394,0,3,1,2,2
4,1,1,0,97,82,1,28,89,1456,0,3,0,2,1
3,2,0,0,346,52,2,33,69,540,0,3,1,0,0
5,4,0,1,467,43,0,31,45,802,1,3,0,3,0
2,7,1,0,149,81,3,29,53,672,0,3,0,1,2
4,1,1,0,52,82,3,30,55,1752,0,3,0,1,1
6,6,2,0,284,58,2,37,84,750,0,3,0,2,2
1,3,0,1,369,53,3,34,89,1398,0,3,0,0,0
4,7,1,0,346,53,3,20,62,415,0,1,0,0,2
6,6,2,0,95,77,2,23,74,1435,0,0,0,2,2
6,3,0,0,301,57,2,25,95,1524,0,3,0,2,0
3,4,0,0,256,70,1,27,61,1050,0,3,0,2,0
6,5,1,0,341,58,3,25,83,449,0,3,0,2,2
3,2,0,0,51,90,0,20,44,578,0,2,0,1,1
4,4,0,1,620,27,1,34,65,1633,0,3,0,3,3
2,4,0,0,231,68,2,39,72,1708,0,3,0,2,2
4,0,2,0,345,53,2,40,87,366,0,3,0,2,2
2,5,1,0,164,78,0,22,40,1169,0,3,0,2,1
0,0,2,0,171,68,3,40,93,446,0,1,0,2,2
1,3,0,0,280,67,3,40,64,1629,0,3,0,2,2
4,0,2,0,302,55,0,34,69,939,0,3,0,2,2
4,0,2,0,232,68,3,37,88,1056,0,3,0,1,1
4,6,2,0,116,76,3,29,83,1588,0,3,0,1,1
2,3,0,0,160,69,0,28,72,1327,0,3,0,2,1
2,3,0,0,297,64,2,23,66,730,0,3,0,2,0
1,1,1,0,334,54,1,39,54,1692,1,3,0,0,0
4,1,1,0,100,75,0,27,85,1083,1,3,0,2,2
5,7,1,0,119,75,2,38,67,741,0,3,0,2,2
2,2,0,0,308,65,0,21,89,542,0,3,1,0,0
4,7,1,1,359,55,2,20,73,1772,0,3,0,3,3
0,3,0,0,133,75,2,24,47,389,0,3,0,2,2
1,1,1,0,340,54,0,37,45,415,0,3,0,2,2
6,4,0,0,306,63,2,40,51,1312,0,3,1,0,0
5,0,2,0,113,84,1,23,94,1214,1,3,0,2,1
0,6,2,0,195,68,3,30,92,1240,1,3,0,1,1
0,2,0,0,170,72,2,33,94,498,0,3,0,2,2
2,3,0,0,326,61,0,38,57,944,0,1,0,0,0
6,1,1,0,178,68,2,37,56,1082,0,3,0,2,2
3,1,1,0,126,73,1,31,58,530,0,3,0,2,2
0,7,1,0,262,60,3,23,84,1180,0,3,0,2,2
5,1,1,0,302,57,2,37,47,1703,0,3,0,0,0
4,7,1,0,186,75,1,20,66,1734,0,3,0,2,2
0,2,0,0,325,60,0,22,55,731,0,3,0,2,2
3,2,0,0,106,81,1,33,65,841,0,3,0,2,2
6,4,0,0,96,84,3,36,75,1768,0,3,0,1,1
0,5,1,0,146,71,3,31,51,1310,0,3,0,1,1
1,1,1,0,281,60,3,30,81,1163,0,3,0,2,2
3,4,0,0,201,75,1,34,94,1436,0,3,0,2,2
2,3,0,0,311,60,2,40,86,681,1,3,0,0,0
2,3,0,0,277,60,1,33,44,1074,0,3,0,2,0
6,4,0,0,239,65,0,27,80,1285,0,3,0,2,2
1,7,1,0,215,70,2,21,48,363,0,3,1,0,0
4,2,0,0,224,64,1,35,60,1110,0,3,0,2,2
4,2,0,0,336,59,1,34,87,1576,0,3,0,2,2
2,0,2,1,653,27,2,26,44,1558,1,3,0,3,3
3,7,1,0,249,63,3,31,77,1701,1,3,0,2,2
1,6,2,0,176,77,2,26,43,594,0,2,0,2,2
6,0,2,0,288,57,3,36,91,1625,0,3,0,2,2
3,3,0,0,337,55,1,26,70,1192,0,3,0,2,2
2,3,0,1,393,47,3,38,61,450,0,3,0,0,0
5,1,1,1,630,27,2,34,51,716,1,3,0,3,3
2,4,0,0,318,58,2,38,74,1084,0,3,0,2,2
1,5,1,0,195,72,0,29,91,808,0,3,0,2,2
5,2,0,0,161,73,2,27,94,1399,0,1,0,2,2
2,0,2,0,257,64,2,40,89,600,0,2,0,2,0
2,4,0,1,535,41,0,40,67,1180,0,3,0,3,3
4,7,1,1,666,21,3,27,89,771,0,3,0,3,3
1,0,2,0,317,59,2,39,44,695,0,0,0,0,2
5,2,0,0,114,76,1,29,55,383,0,1,0,2,2
1,5,1,1,607,29,2,36,84,1211,0,1,0,3,3
5,6,2,0,115,78,0,38,93,1188,0,3,0,1,1
3,4,0,0,294,61,2,32,42,575,0,3,0,2,2
4,4,0,1,641,30,2,32,71,980,0,3,0,3,3
4,7,1,0,321,62,2,33,48,1079,0,3,0,0,0
6,5,1,0,186,71,2,21,46,494,1,0,0,0,0
5,7,1,0,166,75,0,24,49,1466,0,3,0,2,2
5,6,2,0,262,64,1,35,84,968,0,3,0,2,2
2,6,2,0,67,89,3,37,53,1554,0,3,0,1,1
3,6,2,0,59,82,1,20,89,1750,0,3,0,1,1
5,3,0,0,104,83,1,38,82,429,0,0,1,0,2
3,4,0,0,186,71,1,20,66,844,0,3,0,2,2
1,4,0,1,614,24,3,29,88,1684,1,0,0,3,3
4,7,1,0,116,80,3,36,68,833,0,3,0,1,1
4,2,0,0,329,53,2,26,67,1554,0,2,0,0,0
5,7,1,0,222,69,0,37,48,1641,0,3,0,2,2
6,0,2,0,252,65,2,33,71,1796,0,3,0,2,2
6,0,2,0,90,83,3,31,89,1787,0,3,0,1,1
2,0,2,0,244,64,2,31,52,1001,0,3,0,2,2
3,7,1,0,66,88,3,36,95,1268,0,3,0,1,1
4,0,2,0,194,76,1,22,54,1002,0,3,0,2,1
6,7,1,0,60,84,3,35,53,483,1,3,0,1,1
0,5,1,0,260,67,0,31,54,313,1,3,0,2,2
6,0,2,0,110,76,2,22,57,1627,0,0,1,0,0
0,7,1,0,179,71,2,30,66,1703,0,0,0,2,2
0,4,0,0,58,80,2,36,70,1203,0,1,0,2,2
5,1,1,1,679,24,2,33,45,1626,0,1,0,3,3
4,1,1,0,248,70,0,38,73,911,1,3,0,2,2
1,3,0,0,200,68,1,24,82,1199,0,3,0,2,2
5,4,0,0,136,72,1,25,84,1619,1,3,1,0,0
6,4,0,0,205,74,1,36,75,493,0,3,0,2,2
0,4,0,1,631,31,1,37,86,1386,0,0,0,3,3
3,1,1,0,77,87,3,33,88,761,0,3,0,1,1
3,5,1,0,345,55,1,34,44,348,0,3,0,0,0
1,7,1,0,315,64,2,21,62,802,0,2,0,0,0
4,2,0,0,69,83,2,22,86,956,0,3,0,1,1
0,2,0,0,249,66,2,20,47,1512,1,1,0,0,0
2,3,0,0,328,53,2,24,78,671,0,3,0,2,2
5,7,1,0,158,70,2,40,57,983,0,3,0,2,2
6,7,1,0,345,55,0,37,71,1738,0,3,0,2,0
6,2,0,0,122,79,0,26,81,1204,1,3,1,2,2
4,2,0,0,276,66,2,21,92,1278,1,3,0,2,0
2,2,0,0,132,80,2,23,93,1579,0,3,0,2,2
3,3,0,1,444,41,0,24,61,761,0,2,0,3,3
3,0,2,0,242,62,1,34,46,967,1,3,0,2,2
3,3,0,0,101,77,1,35,87,939,1,3,0,2,2
6,2,0,0,106,78,2,33,64,1307,0,3,1,2,2
0,3,0,0,75,85,3,23,80,1484,0,3,0,1,1
4,5,1,0,78,80,2,25,82,1337,0,3,0,2,1
5,1,1,0,312,60,2,24,48,1694,0,3,0,0,0
2,7,1,0,153,78,3,26,43,1049,0,3,0,1,2
0,3,0,1,468,45,2,25,44,607,1,3,0,3,3
2,6,2,0,174,74,3,22,42,394,0,0,0,2,2
0,2,0,0,207,72,0,25,54,811,0,3,0,2,2
4,6,2,1,654,26,0,35,92,1262,0,3,0,3,3
5,2,0,0,132,81,1,23,67,1680,0,3,0,2,1
0,4,0,0,186,76,2,36,71,1580,1,3,0,2,2
6,6,2,0,322,63,3,33,78,1048,0,3,0,2,2
5,3,0,0,302,60,2,29,82,1088,0,3,1,0,0
0,5,1,0,333,58,0,31,45,1667,1,3,0,0,0
6,0,2,0,225,73,2,28,63,1091,1,3,0,2,2
2,7,1,0,58,87,2,26,59,1326,0,3,0,2,2
2,3,0,0,131,76,2,25,42,472,0,1,0,2,2
1,7,1,0,331,59,3,24,70,769,0,3,0,2,2
1,6,2,0,75,86,1,38,92,1398,0,3,1,2,2
0,5,1,0,56,83,0,26,84,436,0,3,0,1,1
3,1,1,0,225,72,3,29,83,385,0,3,0,2,1
2,4,0,1,630,24,0,32,66,1428,0,1,0,3,3
6,5,1,0,234,62,1,34,42,1605,0,3,0,2,2
0,7,1,0,109,77,3,20,67,863,1,3,0,2,1
0,7,1,0,162,75,1,20,48,585,0,0,0,2,2
2,3,0,0,285,67,2,20,55,557,0,3,0,2,0
5,1,1,0,113,80,1,36,63,1033,0,3,0,2,2
3,2,0,0,342,61,0,34,68,889,0,3,0,2,2
0,1,1,0,215,69,0,23,74,367,0,3,1,0,2
6,4,0,0,131,78,3,26,69,394,0,3,0,1,1
2,3,0,0,200,69,0,29,67,1688,0,3,0,2,2
0,2,0,0,146,74,0,36,44,868,0,3,0,1,1
6,4,0,0,79,88,2,25,83,723,0,3,0,1,2
4,5,1,0,67,88,0,30,76,746,0,3,0,1,1
1,5,1,0,99,78,1,28,80,842,0,3,0,2,1
1,6,2,0,68,82,0,35,83,955,0,3,0,1,1
5,5,1,1,673,18,3,22,57,399,0,3,1,3,3
5,4,0,0,236,71,3,33,92,443,0,3,0,2,1
2,4,0,0,285,62,1,35,62,1385,0,3,0,2,2
1,6,2,1,410,44,1,31,79,1407,0,3,1,3,3
2,1,1,0,329,62,0,38,50,783,1,3,0,0,0
6,1,1,0,184,75,3,20,74,1440,0,3,0,2,1
0,2,0,1,417,50,2,26,52,1217,0,3,0,3,3
1,2,0,1,441,47,0,31,41,762,1,3,0,3,0
2,3,0,1,688,21,3,31,67,1783,1,1,0,3,3
5,7,1,0,288,63,0,29,57,1354,0,3,0,2,2
0,7,1,0,305,55,3,28,51,914,0,3,0,2,2
6,5,1,0,86,82,0,28,49,341,1,3,1,2,2
2,1,1,0,249,63,3,39,90,427,0,3,0,2,2
0,6,2,0,130,81,0,33,64,643,0,0,0,2,1
0,2,0,0,222,65,0,20,73,1092,0,3,0,2,1
0,6,2,0,123,78,3,29,95,689,1,3,0,1,1
4,6,2,0,162,74,0,20,68,1761,0,3,0,1,2
2,6,2,0,340,53,2,28,63,655,0,3,0,2,2
2,5,1,0,349,52,3,26,51,932,0,3,0,2,0
4,6,2,0,209,70,1,27,95,1320,0,3,0,2,2
2,0,2,1,505,43,3,32,82,1718,0,3,0,0,0
0,2,0,0,215,71,3,32,43,1288,0,3,1,2,2
4,1,1,0,322,62,0,38,72,1765,0,3,0,2,2
3,2,0,0,74,83,1,27,81,785,0,3,0,1,1
0,6,2,0,337,60,2,32,67,1339,1,3,0,0,0
4,6,2,0,341,59,0,22,73,669,0,3,0,2,2
5,4,0,0,323,53,1,33,77,443,0,2,0,0,0
6,2,0,0,78,87,1,37,41,848,0,3,0,1,1
5,5,1,1,401,47,1,31,88,1568,0,3,0,3,3
0,6,2,0,101,78,1,21,59,378,0,3,0,1,2
6,6,2,0,64,83,0,25,75,441,1,3,0,1,1
5,6,2,0,113,83,2,37,42,883,0,3,0,1,1
2,4,0,0,315,60,1,24,56,453,0,3,0,2,2
6,0,2,0,163,77,0,30,40,417,0,3,0,1,1
5,6,2,0,154,70,3,20,57,812,0,1,0,1,1
5,1,1,0,53,81,0,31,59,1591,0,3,0,1,1
5,7,1,0,67,80,1,34,80,1547,0,3,0,2,1
0,1,1,0,203,74,0,36,41,1586,0,3,0,2,2
3,6,2,0,218,69,1,22,53,1439,1,3,0,2,2
1,6,2,1,614,25,2,32,75,776,0,0,0,3,3
6,0,2,0,124,73,1,25,59,1212,0,3,0,1,1
0,0,2,0,156,75,3,33,62,767,0,3,0,1,1
2,5,1,0,141,76,1,30,58,1728,0,3,0,2,2
2,3,0,0,326,59,0,35,74,788,0,3,0,2,2
3,3,0,0,81,84,1,27,44,1044,0,3,0,1,2
2,4,0,0,219,74,3,27,67,583,0,3,0,2,1
2,1,1,0,315,61,2,36,58,1349,1,3,0,0,0
0,1,1,1,592,36,1,37,68,1603,0,3,0,3,3
2,0,2,0,295,61,1,36,84,942,0,3,0,2,2
4,1,1,0,322,63,3,21,76,848,1,3,0,2,0
5,3,0,0,171,70,3,21,49,924,0,3,0,1,1
4,0,2,0,53,80,1,27,51,561,0,3,0,1,1
0,3,0,0,120,78,2,22,75,1758,0,3,0,2,2
2,5,1,0,198,76,3,28,81,1058,0,3,0,2,1
3,0,2,0,273,64,2,20,45,910,0,3,1,0,0
2,1,1,0,179,72,0,20,40,1687,0,3,0,2,2
4,0,2,0,338,61,0,36,88,1210,0,3,0,2,2
4,7,1,1,407,52,3,38,70,855,0,3,0,0,0
6,1,1,0,210,73,3,20,47,1762,0,0,0,2,2
5,2,0,0,225,72,2,34,48,855,0,2,0,2,2
4,3,0,0,201,73,0,39,55,772,0,3,0,2,2
3,1,1,1,559,31,3,30,82,632,1,3,0,3,3
0,0,2,1,466,45,0,24,40,886,1,3,0,3,3
4,1,1,0,72,84,2,37,57,779,0,3,0,2,2
6,2,0,0,156,77,1,37,72,896,0,3,0,2,1
3,6,2,0,314,64,3,29,49,1692,0,3,0,2,2
0,5,1,0,136,76,3,29,78,435,0,3,0,1,1
1,4,0,1,600,30,0,20,75,928,0,1,1,3,3
4,7,1,0,201,73,2,39,91,1100,0,3,0,2,0
6,2,0,0,247,71,3,23,52,1011,0,3,0,2,1
3,2,0,1,402,54,2,25,59,781,0,1,0,3,3
1,6,2,0,85,82,3,32,49,963,1,3,0,1,1
1,1,1,0,65,89,1,21,46,1413,0,1,0,2,2
4,7,1,0,174,75,1,29,80,1186,0,3,0,2,2
1,3,0,0,310,54,3,34,48,726,0,3,0,2,2
1,0,2,1,601,35,1,30,76,1356,0,3,0,3,3
4,2,0,0,172,78,2,30,90,1655,1,3,0,2,2
3,5,1,0,192,69,3,30,73,1553,0,3,1,2,2
6,0,2,0,209,65,2,30,80,1567,1,3,0,2,2
4,2,0,0,91,81,3,37,70,1267,0,3,0,1,1
4,2,0,0,243,62,2,27,88,1129,0,1,1,0,0
1,0,2,0,319,60,1,33,66,985,0,1,0,0,2
4,2,0,0,162,72,2,24,85,1605,0,3,0,2,1
2,5,1,0,114,77,1,33,67,1799,0,3,0,2,2
0,6,2,0,166,72,3,24,52,1795,0,3,0,1,1
2,5,1,0,123,78,1,24,40,1521,0,3,0,2,2
1,4,0,0,202,69,0,27,69,1661,0,3,0,2,2
6,4,0,0,125,83,3,30,40,1677,0,3,0,1,1
3,1,1,0,92,78,2,27,41,497,0,3,0,2,2
6,4,0,0,77,88,2,33,66,373,0,1,0,2,2
6,2,0,1,672,26,0,21,68,507,0,3,0,3,3
0,4,0,0,96,86,2,30,91,987,0,0,0,2,2
2,3,0,0,176,69,0,37,58,528,0,3,0,2,2
5,1,1,1,568,31,0,20,67,1262,0,3,0,3,3
2,4,0,0,77,86,1,36,51,653,0,3,0,1,1
1,4,0,0,348,58,3,40,49,369,0,3,0,2,2
6,2,0,0,143,72,2,28,45,638,1,3,0,2,2
4,5,1,1,654,23,0,32,88,1144,1,3,0,3,3
0,7,1,1,436,51,1,32,45,1419,0,3,0,3,3
3,4,0,0,270,65,3,28,84,880,0,3,1,2,0
6,2,0,0,299,62,0,28,54,1452,0,3,0,2,2
1,3,0,1,514,34,0,37,46,1294,0,3,0,3,0
3,4,0,0,112,83,1,23,83,1465,0,3,0,2,1
6,1,1,1,480,41,1,20,42,439,0,3,0,3,3
1,5,1,0,330,61,0,22,84,1211,0,3,1,0,0
4,2,0,0,104,76,2,36,85,813,0,3,0,2,1
5,6,2,1,646,26,1,28,67,1632,1,2,1,3,3
4,6,2,1,360,59,1,26,57,1369,1,3,0,0,0
1,3,0,0,89,87,0,38,51,1197,0,3,0,1,2
1,7,1,0,139,82,3,36,50,1509,0,3,1,2,2
1,6,2,0,143,74,0,26,41,909,0,3,0,1,1
6,6,2,0,94,86,2,33,74,1150,0,3,0,1,1
4,2,0,0,225,68,2,29,50,839,1,3,0,2,0
1,0,2,0,269,59,2,35,59,452,0,1,0,2,0
3,6,2,0,51,82,0,38,51,595,0,3,0,1,1
6,0,2,0,125,77,0,21,53,1095,1,3,0,1,2
4,1,1,0,236,64,3,25,60,799,0,3,0,2,2
0,4,0,0,121,76,2,31,74,965,0,2,1,0,0
1,1,1,1,432,51,2,28,70,1283,0,3,0,3,3
2,4,0,0,349,51,2,31,49,337,0,1,0,0,0
6,7,1,1,363,50,0,24,43,1593,1,3,0,3,3
1,1,1,0,311,62,2,37,74,969,0,3,0,0,0
0,7,1,0,107,82,0,29,75,556,0,2,0,2,2
3,4,0,0,64,85,3,40,50,1796,0,1,0,1,1
5,5,1,0,247,61,0,29,87,797,1,3,0,2,2
5,6,2,0,208,67,1,34,75,705,0,3,0,2,2
6,7,1,0,173,78,0,39,87,1020,0,3,0,2,2
6,4,0,1,541,31,1,34,81,1275,0,3,0,3,3
6,0,2,0,346,56,1,32,58,1684,0,3,0,2,2
3,1,1,0,338,59,3,35,79,1318,0,3,0,2,0
4,6,2,1,575,33,3,27,87,1522,0,3,0,3,3
5,4,0,0,79,87,2,24,89,1446,0,3,0,1,2
6,2,0,0,89,86,2,36,79,1477,0,1,0,2,2
0,7,1,0,119,74,1,26,74,1068,0,3,0,2,2
5,3,0,1,511,43,2,24,85,1253,0,1,0,3,3
5,4,0,0,104,80,3,34,78,699,0,3,0,1,1
6,5,1,0,200,74,3,29,48,1611,0,2,0,2,2
2,7,1,0,350,54,2,27,71,768,1,1,0,0,0
3,2,0,0,121,74,0,29,89,1075,1,3,0,2,1
6,0,2,0,91,86,2,22,83,1388,0,1,0,2,2
2,1,1,0,311,62,0,37,55,788,0,3,1,0,0
5,6,2,0,263,69,2,29,51,692,0,3,0,2,2
3,5,1,0,197,75,3,25,53,652,0,3,0,2,2
3,4,0,0,257,62,2,39,56,881,0,3,0,2,2
0,4,0,0,323,57,2,30,57,775,0,3,0,2,0
6,7,1,0,57,86,3,30,87,1790,0,3,0,1,1
5,1,1,0,68,84,3,35,85,1597,0,2,0,2,1
1,3,0,0,343,53,0,24,86,1741,0,3,0,2,2
4,6,2,1,516,39,1,40,46,458,1,3,0,3,3
3,1,1,0,157,71,1,31,71,836,0,1,0,2,2
2,6,2,0,268,68,2,25,42,1602,0,3,0,2,2
5,6,2,1,510,40,2,39,82,1767,0,3,0,3,3
0,6,2,0,231,72,2,30,80,1047,0,1,0,2,0
4,7,1,0,270,60,1,37,81,330,0,3,0,2,2
0,5,1,0,177,78,2,39,78,551,1,3,0,2,2
2,4,0,0,326,56,1,20,56,524,0,3,0,2,0
0,2,0,1,616,29,3,24,41,813,0,3,0,3,3
6,1,1,0,257,62,3,37,57,1037,0,3,0,2,2
2,7,1,0,275,63,1,34,63,411,1,1,0,0,0
5,1,1,0,265,62,3,38,43,964,0,3,0,2,2
1,7,1,0,257,62,1,29,69,875,0,3,0,2,0
2,6,2,0,313,54,0,39,40,771,0,3,0,2,2
0,6,2,0,256,68,0,23,67,583,1,3,0,2,2
2,7,1,0,271,58,0,22,63,367,0,3,0,2,2
2,5,1,1,652,24,1,35,88,989,0,0,0,3,3
2,1,1,1,586,31,1,40,61,1749,0,3,0,3,3
4,6,2,0,174,71,0,26,88,902,1,2,0,2,2
5,6,2,0,188,73,1,20,90,966,0,0,0,2,2
3,7,1,0,235,72,2,24,59,1531,0,3,0,2,2
3,3,0,1,652,28,1,39,83,1446,1,3,0,3,3
6,1,1,1,402,55,0,33,71,1129,0,3,0,0,3
6,4,0,0,219,68,3,38,75,1194,0,3,0,2,1
4,1,1,0,160,71,1,22,78,1361,0,3,0,2,2
1,3,0,0,257,68,3,32,93,1191,0,1,0,2,2
2,6,2,0,196,67,0,21,68,1118,0,3,0,1,1
2,6,2,0,83,81,1,40,54,544,0,3,0,1,1
1,6,2,0,242,71,2,32,65,456,0,3,0,2,2
6,1,1,1,351,56,0,39,87,731,0,1,0,3,3
1,6,2,0,192,75,1,26,73,648,1,2,0,2,2
3,3,0,0,159,74,0,29,63,518,0,3,0,2,2
1,2,0,0,111,77,1,29,52,1376,0,3,0,2,1
6,1,1,0,189,76,0,34,64,679,0,3,0,2,2
6,1,1,1,659,28,0,39,83,1693,0,3,0,3,3
5,0,2,0,279,61,1,37,76,770,0,3,0,2,2
2,1,1,0,191,74,1,30,64,1235,1,3,0,2,0
2,1,1,0,199,73,2,40,77,314,0,3,0,2,2
1,5,1,0,237,68,0,28,91,581,1,3,0,2,2
6,1,1,0,198,74,1,28,74,1624,0,0,0,2,2
2,5,1,0,173,73,2,29,68,1320,0,3,0,2,2
3,0,2,1,370,48,3,27,71,595,0,3,1,0,0
5,1,1,0,149,73,3,23,45,1356,0,3,0,1,2
2,5,1,0,86,81,2,32,63,1472,1,3,0,2,2
0,3,0,0,314,60,3,37,60,1482,1,3,0,2,2
1,7,1,0,295,56,2,27,77,343,0,1,0,0,0
4,0,2,0,246,68,2,27,91,1077,0,3,0,2,2
1,4,0,1,647,29,2,38,47,477,0,3,0,3,3
4,3,0,0,83,79,2,22,46,451,0,3,1,2,2
0,2,0,0,138,81,1,40,46,1453,0,3,0,2,2
1,5,1,0,242,70,0,37,76,1278,1,3,0,2,2
3,1,1,1,616,24,1,23,46,1735,0,3,0,3,3
4,2,0,0,249,71,3,40,84,1402,0,1,0,2,2
1,4,0,0,340,58,0,24,69,1467,0,3,0,2,2
2,6,2,1,492,41,0,26,93,1629,0,3,0,0,0
3,2,0,0,135,80,0,32,69,1253,0,3,0,1,1
6,1,1,0,176,70,3,38,84,1120,0,3,1,2,0
6,1,1,0,340,56,2,35,92,1021,1,3,0,0,0
3,2,0,0,71,80,3,29,41,758,0,3,0,1,1
0,4,0,0,102,76,1,24,62,509,0,3,0,1,1
3,2,0,0,155,71,3,28,77,1240,0,3,0,1,2
3,5,1,0,282,67,1,26,78,1579,0,3,0,2,2
2,6,2,0,286,63,2,35,50,386,0,3,0,2,2
3,5,1,1,385,50,0,38,89,433,0,3,0,0,3
1,2,0,0,310,56,0,20,63,1796,1,3,1,0,0
1,7,1,1,437,48,2,39,45,1670,0,3,0,3,3
5,6,2,0,139,80,0,29,73,1366,0,3,0,1,1
1,5,1,0,57,88,2,26,88,1769,1,3,0,2,2
3,5,1,0,127,81,2,27,59,1359,0,3,0,2,2
6,3,0,1,518,41,3,31,79,1391,0,3,0,3,0
4,2,0,0,166,78,0,23,50,611,0,3,0,2,1
3,6,2,1,605,25,3,33,65,1540,0,3,0,3,3
0,6,2,1,468,39,2,28,49,614,0,3,0,3,3
2,5,1,0,266,69,0,20,48,561,0,3,1,0,0
3,7,1,0,98,76,2,26,95,452,0,3,0,2,2
4,7,1,0,92,84,3,20,40,1089,0,0,0,2,2
2,1,1,0,267,66,1,22,66,1463,1,1,0,0,0
2,4,0,0,222,68,0,37,61,641,1,3,0,2,2
5,2,0,0,57,90,3,30,69,728,0,3,0,1,1
1,6,2,0,331,60,1,23,61,354,0,2,0,0,2
3,0,2,1,559,34,3,35,70,1660,0,3,0,3,0
1,5,1,0,128,74,1,39,80,1193,0,1,0,2,2
3,3,0,1,640,27,1,23,87,645,0,3,0,3,3
0,5,1,0,290,61,0,32,57,1153,0,3,0,2,2
6,4,0,0,322,61,1,28,73,591,0,3,1,0,0
6,0,2,0,188,77,2,24,62,1479,0,1,0,2,2
2,5,1,0,270,60,0,36,46,1530,0,3,0,2,2
1,2,0,1,686,17,1,28,60,1024,0,3,0,3,3
6,4,0,0,159,73,1,28,42,528,0,3,0,2,1
1,7,1,0,324,54,0,23,75,1514,1,2,0,0,0
2,6,2,1,397,46,0,30,56,886,0,0,0,0,0
0,0,2,0,77,80,0,38,75,1597,0,3,0,1,1
5,1,1,0,107,75,3,35,47,1577,0,3,0,1,2
5,5,1,0,197,66,3,27,46,1399,1,0,0,2,0
0,5,1,1,529,34,3,24,49,1264,0,3,0,3,3
0,2,0,0,112,76,2,24,86,1078,0,3,0,2,2
3,1,1,0,56,81,1,33,44,1152,0,3,0,2,1
6,3,0,1,545,39,2,28,66,1493,0,3,0,3,3
6,6,2,0,281,59,1,22,41,1732,0,3,0,2,2
5,1,1,0,125,75,3,30,81,1282,0,0,0,2,2
2,2,0,0,106,84,3,39,85,1638,0,2,0,2,1
4,4,0,0,128,83,2,26,52,421,0,3,0,2,2
2,1,1,0,123,78,0,35,59,1307,0,3,0,2,2
5,5,1,0,162,77,0,22,58,853,0,3,0,2,2
5,6,2,0,71,80,0,33,88,440,0,3,0,1,1
6,0,2,0,65,89,1,38,78,1365,0,3,1,2,2
3,4,0,0,283,59,3,33,95,1537,1,3,0,2,2
1,2,0,1,556,36,3,35,66,715,0,3,0,3,0
3,0,2,1,612,29,2,30,51,1368,0,3,0,3,3
0,0,2,1,447,51,3,39,53,1261,0,3,0,0,0
4,1,1,0,255,61,0,28,42,346,0,3,0,2,2
6,0,2,0,342,56,3,30,82,1434,1,3,0,2,2
0,0,2,0,316,59,3,37,47,1745,0,3,0,2,2
2,5,1,0,187,71,1,22,50,977,0,3,0,2,2
4,6,2,0,115,76,0,24,50,1550,0,3,1,2,2
6,3,0,0,104,76,3,30,85,687,0,3,0,1,1
2,4,0,0,56,81,2,31,42,777,0,3,0,1,2
2,1,1,0,278,64,2,22,51,1298,0,3,0,2,0
6,1,1,0,143,73,0,25,95,916,0,3,0,2,2
3,6,2,0,107,81,3,25,46,752,0,3,0,1,1
5,2,0,0,159,78,3,24,42,1029,0,2,0,2,2
0,1,1,0,225,65,2,21,67,1493,0,3,0,2,2
1,0,2,1,606,28,1,28,78,1451,1,3,0,3,3
4,2,0,0,248,71,2,25,52,1222,0,3,0,2,2
1,5,1,1,531,40,3,32,46,1320,0,3,0,3,3
6,3,0,0,158,73,3,25,46,880,0,3,0,1,2
1,7,1,0,80,80,1,37,84,1652,0,3,0,2,2
5,6,2,0,328,63,2,39,46,864,0,3,0,2,2
2,2,0,1,683,27,1,29,85,547,1,3,0,3,3
6,0,2,1,579,29,0,34,43,1704,0,3,0,3,3
0,0,2,0,52,81,3,27,44,444,0,3,0,1,1
6,7,1,0,253,69,1,31,94,720,0,3,0,2,2
3,0,2,0,103,79,1,37,76,1569,0,3,0,1,1
3,5,1,0,128,78,0,36,81,984,0,3,0,2,2
0,7,1,1,630,28,3,40,52,497,0,3,0,3,3
5,2,0,0,213,72,1,21,59,1284,0,3,0,2,2
2,7,1,1,622,28,3,25,94,1104,0,3,0,3,3
2,5,1,0,156,80,3,20,65,497,0,3,0,2,2
5,5,1,0,266,61,1,21,82,317,1,3,0,0,0
4,7,1,0,140,77,3,34,73,896,0,3,0,1,1
1,3,0,0,107,81,3,29,73,361,0,3,0,1,1
5,5,1,0,328,59,1,30,90,371,1,3,0,0,0
4,4,0,0,207,72,2,32,81,1510,0,3,0,2,2
4,1,1,0,75,80,3,21,46,1358,0,0,0,2,2
2,4,0,0,232,63,2,24,44,1096,0,3,0,2,2
2,4,0,0,202,68,0,37,71,1452,0,3,0,2,1
3,5,1,0,82,78,1,28,83,363,0,3,0,2,2
0,6,2,0,286,63,3,23,47,1137,0,3,0,2,2
2,6,2,1,485,38,2,28,91,1489,0,0,0,3,3
5,6,2,0,209,67,2,31,73,918,0,2,0,2,2
1,1,1,0,60,82,1,24,74,1441,0,3,0,2,2
1,6,2,0,104,77,3,29,48,1167,1,3,0,1,1
3,7,1,0,275,65,1,29,92,1788,0,3,0,2,0
2,1,1,1,586,29,3,37,51,788,1,3,0,3,3
3,0,2,0,321,62,2,34,84,982,0,3,0,2,2
2,7,1,0,327,54,2,28,83,1333,1,1,0,0,0
3,7,1,1,622,31,0,25,74,1736,0,3,0,3,3
4,2,0,0,88,86,0,33,88,1366,0,3,0,1,1
6,3,0,0,195,67,2,34,90,1235,0,2,0,2,2
2,0,2,1,597,33,1,38,46,1206,0,3,0,3,3
2,2,0,0,73,78,0,21,51,1241,0,3,0,1,1
4,4,0,0,85,82,3,32,63,1171,0,3,0,1,1
3,0,2,0,194,71,1,33,88,883,0,3,0,2,2
4,2,0,0,208,75,1,24,44,1490,0,3,0,2,2
1,3,0,0,349,53,1,30,58,303,0,3,0,2,2
1,3,0,0,133,79,2,37,68,1717,0,3,0,2,2
3,7,1,0,139,79,2,26,82,484,0,3,0,2,2
6,1,1,0,295,60,2,35,67,1504,0,0,0,0,0
2,6,2,0,316,55,2,35,75,512,0,3,0,2,2
5,5,1,0,139,74,3,29,63,1357,0,1,0,2,2
4,3,0,0,71,87,3,39,74,1701,1,1,1,2,2
6,2,0,0,219,68,2,30,89,750,0,2,0,2,2
0,5,1,1,639,23,3,31,42,463,0,3,0,3,3
2,0,2,0,73,81,3,20,74,914,0,3,0,1,1
2,6,2,0,80,83,3,31,51,1730,0,3,1,2,1
4,0,2,0,326,61,1,32,62,1308,0,3,0,2,2
2,4,0,0,238,62,2,34,62,1515,0,3,0,2,2
5,4,0,0,310,55,2,31,74,1659,0,3,0,2,0
1,5,1,0,106,77,0,37,70,1240,0,3,0,2,1
3,2,0,0,332,56,1,38,75,868,0,3,0,2,2
0,7,1,1,663,25,1,24,69,991,0,1,0,3,3
2,2,0,0,79,79,1,38,43,1363,0,0,0,2,2
6,2,0,1,554,38,2,30,80,349,0,3,0,3,3
1,4,0,0,219,67,3,27,43,1666,0,3,0,2,2
3,1,1,0,57,80,2,37,74,1778,0,3,0,2,1
4,5,1,0,173,71,1,20,84,1194,1,3,0,2,2
4,3,0,0,325,59,2,32,57,1738,0,1,1,3,0
3,1,1,0,169,77,1,32,90,1679,0,3,0,2,2
6,5,1,0,108,81,0,38,51,1103,0,3,0,2,1
4,3,0,0,199,67,2,30,41,1509,0,3,0,2,2
1,2,0,0,125,76,1,20,69,696,0,3,0,2,1
5,6,2,0,172,76,3,25,84,1004,0,3,0,1,2
4,3,0,0,78,85,3,32,74,628,0,3,0,1,1
2,5,1,0,188,71,2,25,52,1672,0,0,0,0,2
0,3,0,1,359,54,3,38,42,1209,0,3,0,0,0
5,5,1,0,166,72,2,21,88,589,0,3,0,2,2
3,3,0,0,156,71,0,40,60,641,0,1,0,2,2
0,4,0,0,134,79,3,30,40,811,0,3,0,1,1
1,6,2,0,238,69,2,35,41,1427,0,0,0,2,2
4,3,0,0,337,53,2,23,56,885,0,0,0,0,0
6,5,1,0,86,77,2,25,83,521,0,3,0,2,1
2,0,2,0,150,80,3,27,55,524,0,3,1,2,2
0,1,1,0,57,83,1,25,74,1723,0,3,0,2,1
6,3,0,0,118,82,0,20,82,927,0,1,0,2,1
0,3,0,0,103,75,1,20,43,799,0,3,0,1,2
0,2,0,0,151,72,0,33,60,1010,1,3,0,2,1
6,2,0,0,225,67,2,20,58,938,0,3,0,2,2
5,5,1,0,342,53,3,20,82,1436,0,3,0,2,0
5,0,2,1,607,31,3,40,94,760,0,0,0,3,3
3,0,2,0,123,78,0,24,84,1427,0,3,0,1,1
2,6,2,0,132,79,2,22,43,1111,0,2,0,2,2
5,7,1,1,455,44,1,27,93,1489,0,3,0,3,3
6,4,0,1,573,29,3,35,75,791,0,3,1,3,3
2,5,1,0,54,81,2,24,73,1666,0,3,0,2,2
0,6,2,0,86,77,1,25,95,673,0,1,1,2,2
2,7,1,0,229,73,0,37,51,1631,0,3,0,2,2
3,7,1,0,327,54,3,26,94,559,0,0,0,0,2
6,7,1,0,277,64,1,37,44,1464,0,3,0,2,2
6,6,2,0,310,61,1,23,86,1523,1,3,0,2,2
6,5,1,0,184,69,3,21,44,1734,0,2,1,0,0
1,2,0,0,137,79,2,32,53,1321,0,0,0,2,2
0,4,0,1,481,37,2,34,92,307,0,1,0,3,3
1,3,0,0,179,76,0,32,86,901,0,3,1,2,2
1,6,2,1,384,57,3,38,61,1229,0,3,0,0,0
2,2,0,0,167,75,1,30,41,1220,1,3,0,2,2
1,3,0,0,308,58,3,24,87,1241,0,3,0,2,2
6,4,0,0,207,67,1,36,67,989,0,3,0,2,2
5,1,1,0,144,79,1,34,78,1716,0,3,0,2,2
5,3,0,0,296,56,3,29,65,482,0,3,0,2,2
1,5,1,0,311,58,2,23,72,1405,0,3,0,0,0
4,6,2,0,345,60,3,23,40,1499,0,3,0,2,2
3,2,0,1,643,27,3,40,61,910,1,3,0,3,3
2,3,0,0,176,76,0,35,51,1105,0,3,0,2,1
6,5,1,0,296,65,0,39,41,1607,1,3,0,2,2
4,3,0,1,693,25,1,39,61,1069,0,2,0,3,3
2,1,1,0,257,67,3,20,48,926,0,2,0,2,2
4,2,0,0,148,77,3,34,80,1588,1,3,0,1,1
0,7,1,0,84,77,3,25,51,995,0,3,0,1,1
0,3,0,0,238,67,2,22,72,926,0,3,0,2,2
5,7,1,0,108,83,2,25,79,1687,0,1,0,2,2
2,3,0,0,287,67,2,23,59,1422,0,3,0,2,2
0,6,2,0,135,80,1,34,66,1529,0,0,1,0,0
3,5,1,1,555,33,3,22,68,600,0,3,0,3,3
1,6,2,0,244,70,2,39,71,1061,0,3,0,2,2
2,6,2,0,160,74,2,39,42,505,0,3,0,2,1
2,7,1,0,146,71,0,34,57,1259,0,3,0,2,1
4,3,0,1,598,32,1,38,94,668,0,3,0,3,3
5,0,2,0,265,67,3,28,93,1319,0,3,0,2,2
3,2,0,0,247,69,3,25,83,990,0,1,0,2,2
3,4,0,1,687,26,2,20,55,325,0,3,0,3,3
2,7,1,0,59,83,1,26,79,936,0,3,0,2,1
5,4,0,0,251,70,0,33,93,300,1,3,1,0,0
4,1,1,0,187,76,3,32,48,1157,0,3,0,2,2
1,5,1,1,477,41,3,23,61,1363,0,3,0,3,3
5,3,0,0,335,54,2,26,89,1266,0,2,0,0,0
0,4,0,0,255,69,0,27,50,1084,0,3,0,2,2
6,6,2,0,187,71,3,27,65,466,0,0,0,2,2
6,6,2,0,102,84,2,29,40,1087,0,3,0,1,1
1,6,2,0,63,81,2,30,64,972,0,3,0,1,1
5,3,0,0,326,53,3,34,68,1547,0,3,0,2,2
4,1,1,0,106,84,3,22,74,394,0,3,0,1,1
0,2,0,0,121,77,2,30,58,1353,0,3,0,2,2
5,5,1,0,156,76,0,26,83,659,0,1,0,2,2
0,7,1,0,138,75,2,21,52,1135,0,1,0,2,2
1,7,1,0,85,79,1,39,59,1740,1,3,0,2,2
1,3,0,0,182,70,2,33,95,938,1,0,1,0,3
0,7,1,1,619,27,0,20,57,395,0,3,0,3,3
5,2,0,0,150,77,0,20,49,1573,0,3,0,1,1
4,0,2,0,187,71,2,32,92,414,0,1,0,2,2
3,2,0,0,208,65,3,30,71,1694,1,3,0,2,1
0,7,1,0,81,78,1,35,78,1743,1,3,0,2,2
6,1,1,0,68,89,3,40,88,1767,1,3,1,2,2
2,2,0,0,240,71,0,21,86,1786,0,3,0,2,2
4,6,2,0,199,75,1,35,88,832,1,3,0,2,2
4,6,2,0,139,82,3,24,47,474,0,3,0,1,1
6,6,2,0,348,57,2,22,52,995,0,3,0,2,0
6,0,2,0,339,59,3,36,94,1265,0,3,0,2,2
2,6,2,1,358,60,3,21,83,1328,0,3,0,0,2
0,6,2,0,107,78,3,33,72,1557,0,3,0,1,1
2,5,1,0,203,73,3,37,50,566,0,3,0,2,2
6,6,2,0,280,64,3,22,85,1024,0,3,0,2,2
1,6,2,0,302,55,3,22,55,1181,0,0,0,2,2
4,0,2,0,284,61,3,25,46,1757,0,3,1,2,2
6,2,0,1,685,21,0,35,41,824,1,3,0,3,3
3,5,1,0,92,86,1,37,70,1467,0,3,0,2,2
1,1,1,0,307,63,2,33,52,629,0,1,0,0,0
1,7,1,0,121,81,2,35,40,1589,0,3,0,2,2
4,2,0,0,341,56,2,22,86,928,0,0,0,0,0
6,3,0,1,429,43,0,34,82,1621,0,3,0,0,0
0,5,1,0,185,73,2,38,43,777,1,3,0,2,2
0,6,2,0,347,57,2,30,64,1031,0,0,0,0,0
6,3,0,0,203,71,0,35,87,978,0,3,0,2,2
2,4,0,0,302,65,0,32,51,706,0,3,0,2,2
6,1,1,0,236,71,3,29,76,1331,0,3,0,2,2
4,7,1,0,107,81,1,29,84,1419,0,3,0,2,2
6,5,1,0,279,67,3,22,79,1006,0,3,0,2,2
1,0,2,0,103,80,0,21,90,1131,0,3,1,2,1
0,4,0,1,378,57,2,20,46,1522,1,3,0,3,3
4,3,0,0,90,83,1,31,63,1195,0,3,0,1,1
0,5,1,1,665,24,2,27,86,692,0,3,0,3,3
4,1,1,1,384,47,1,39,81,723,1,3,0,3,3
5,6,2,1,616,33,0,31,57,742,0,3,0,3,3
2,5,1,0,142,81,2,32,86,1590,0,3,0,2,2
3,4,0,0,117,77,1,29,77,1032,0,3,0,2,2
2,6,2,1,568,37,3,38,95,335,0,3,0,3,3
6,1,1,0,299,62,3,26,72,1435,0,3,0,2,2
3,6,2,0,168,79,0,39,91,1421,0,3,0,1,1
2,5,1,0,299,59,1,40,58,1015,1,1,0,0,0
1,2,0,1,426,51,2,31,78,1439,0,3,0,3,3
0,6,2,0,342,55,1,28,43,300,0,1,0,0,0
6,6,2,1,526,33,0,40,59,1689,0,3,1,3,3
4,4,0,0,340,54,1,25,48,1120,1,0,0,0,0
1,7,1,1,676,28,3,20,46,1116,0,3,0,3,3
5,3,0,1,548,39,0,24,68,530,0,3,0,3,3
4,6,2,1,376,56,1,33,68,1590,0,3,0,0,0
0,4,0,0,141,73,1,40,72,567,0,0,0,2,2
3,2,0,0,150,77,0,36,55,584,1,3,0,2,2
1,1,1,0,216,73,3,33,40,1660,0,3,0,2,1
0,5,1,0,51,89,3,38,42,870,0,3,0,1,1
5,5,1,0,249,67,3,31,74,1063,0,0,0,2,2
4,4,0,0,63,81,1,24,70,1796,0,1,0,2,2
2,1,1,1,391,47,2,28,44,891,0,3,0,3,3
6,5,1,0,114,77,0,38,55,335,1,0,0,2,2
6,2,0,1,558,40,3,40,66,593,0,3,0,3,3
2,4,0,0,316,64,3,29,49,1193,0,3,0,2,2
0,3,0,0,115,81,2,29,50,488,0,3,0,2,1
0,5,1,0,91,86,1,39,70,819,0,2,0,2,2
3,7,1,0,85,82,3,31,71,763,0,2,0,2,2
0,3,0,0,294,62,0,38,84,1334,0,3,0,2,2
1,7,1,0,243,65,0,28,87,635,0,3,0,2,2
0,4,0,1,374,57,1,20,86,1154,0,3,0,0,3
5,7,1,0,168,72,0,37,79,1431,0,2,0,2,2
3,0,2,0,289,57,0,37,64,658,0,3,0,2,2
2,2,0,0,113,82,0,22,62,1063,0,3,0,1,2
4,2,0,0,278,67,3,28,50,541,0,3,0,2,2
2,2,0,1,352,52,3,29,44,576,0,3,1,3,3
2,7,1,0,240,71,0,39,72,892,0,2,0,2,0
3,5,1,0,192,68,2,32,49,1666,1,3,0,2,2
2,3,0,0,269,61,0,36,53,483,0,0,0,2,0
5,0,2,0,117,79,1,26,89,485,0,3,0,1,2
3,3,0,0,171,73,2,30,48,1594,0,0,1,0,0
6,4,0,0,325,54,0,32,87,347,0,3,0,2,2
1,3,0,0,146,77,3,32,79,934,1,3,0,1,1
0,4,0,1,663,27,1,26,57,902,0,2,0,3,3
3,6,2,0,184,69,3,31,69,733,0,3,0,1,1
3,2,0,0,143,78,0,35,43,786,0,3,0,1,2
1,2,0,0,274,68,1,33,79,1660,0,3,0,2,2
3,6,2,0,104,76,2,35,64,1623,0,3,1,2,2
0,5,1,1,689,17,0,26,75,380,0,3,0,3,3
5,1,1,0,270,59,3,34,88,536,0,3,0,2,2
1,3,0,0,166,75,0,26,54,1701,1,3,0,2,2
5,3,0,0,201,68,1,26,46,434,0,3,0,2,2
0,6,2,1,630,28,2,36,54,1405,0,3,0,3,3
3,0,2,0,139,81,3,30,41,723,0,3,0,1,1
2,7,1,0,347,57,3,38,86,1111,0,3,0,2,2
3,2,0,0,218,67,2,35,62,606,0,3,0,2,2
1,1,1,0,76,88,3,21,50,1398,0,1,0,2,2
1,7,1,0,187,69,0,28,67,660,0,2,0,2,2
3,7,1,0,52,90,1,28,72,1537,0,3,0,1,2
1,1,1,0,242,66,0,33,81,703,0,1,1,0,0
0,6,2,1,372,48,2,33,41,688,0,3,0,0,0
4,5,1,1,450,49,2,39,41,1257,0,3,0,3,3
0,3,0,0,241,64,3,26,63,947,0,3,0,2,2
5,4,0,1,634,32,0,26,52,593,0,3,0,3,3
6,5,1,0,260,62,2,27,78,1180,0,3,0,2,2
0,4,0,0,71,87,2,32,44,914,0,3,0,1,2
5,7,1,0,168,75,3,26,89,888,0,3,0,2,1
5,5,1,0,68,83,3,21,61,634,1,3,0,1,2
3,0,2,0,220,67,0,35,40,768,0,1,0,2,2
4,5,1,0,137,82,1,29,73,1284,0,3,0,2,2
5,4,0,0,342,57,3,25,46,810,1,3,0,2,0
6,1,1,0,347,56,1,28,90,1729,0,3,0,0,0
3,1,1,0,208,69,1,23,52,1081,0,3,0,2,2
5,4,0,1,448,41,2,20,58,1218,0,3,0,3,3
2,7,1,0,313,64,1,34,92,629,0,3,0,0,2
2,4,0,0,341,54,2,26,88,838,0,3,0,0,0
1,1,1,0,226,69,0,34,91,1735,0,3,0,2,2
4,0,2,0,266,69,0,31,76,888,0,3,0,2,2
2,7,1,0,268,64,1,39,50,1097,0,3,0,2,2
3,3,0,0,214,69,0,25,69,466,0,0,0,2,2
2,5,1,1,356,54,3,27,42,409,0,3,0,0,0
0,6,2,0,275,67,0,31,44,1118,0,3,0,2,2
5,6,2,0,290,58,3,32,82,1721,0,3,0,2,2
1,3,0,0,210,72,2,22,81,1264,0,3,1,0,0
5,4,0,0,103,76,1,37,61,1228,0,1,1,0,2
2,6,2,0,77,88,1,23,80,857,0,2,0,2,2
3,0,2,0,115,78,3,20,40,579,1,3,1,2,2
2,4,0,1,573,32,2,40,51,1489,0,3,0,3,3
5,5,1,0,190,73,1,28,74,1623,0,3,0,2,2
5,3,0,0,299,66,3,38,88,501,1,3,0,2,2
3,0,2,1,494,45,0,36,40,537,0,3,0,0,0
6,4,0,0,155,71,0,28,78,1371,0,3,0,2,1
4,7,1,0,176,75,3,32,85,902,1,3,0,2,1
5,5,1,0,282,67,1,37,70,1780,0,3,0,2,2
4,6,2,0,88,78,2,38,59,1313,0,3,0,1,1
3,5,1,0,137,80,1,26,50,1588,0,3,0,2,2
2,2,0,1,367,54,3,40,80,402,0,3,1,3,3
3,7,1,0,215,69,3,38,82,1789,0,3,0,2,1
4,3,0,0,245,67,3,31,70,339,0,3,0,2,1
3,2,0,0,205,65,0,30,62,882,0,3,0,2,1
3,3,0,0,100,83,3,21,94,1767,0,3,0,1,1
5,1,1,0,296,56,1,25,59,416,0,0,0,0,0
2,2,0,0,245,65,0,27,73,389,0,3,1,0,2
0,7,1,1,463,42,0,26,45,1727,0,1,0,3,3
5,7,1,0,126,75,2,36,49,1042,0,0,0,2,2
0,1,1,0,153,70,1,29,49,529,1,3,0,2,2
2,2,0,0,233,66,2,34,94,457,0,3,0,2,2
1,5,1,0,125,73,3,24,68,548,0,3,0,1,1
2,0,2,1,426,51,3,23,69,879,0,3,0,0,0
6,6,2,0,201,71,2,33,50,373,0,3,0,2,2
2,0,2,1,587,27,3,39,89,960,0,3,0,3,0
6,2,0,0,231,66,3,25,71,1597,0,3,0,2,1
0,2,0,0,205,67,0,25,76,1056,0,3,1,2,0
4,4,0,0,275,63,2,36,53,1487,0,3,0,2,0
1,1,1,0,350,55,2,30,42,590,0,0,0,0,0
3,2,0,0,175,72,0,20,78,1526,0,3,0,2,2
2,7,1,1,376,48,1,36,40,640,0,0,0,3,3
2,6,2,0,127,79,3,32,79,554,0,3,0,1,1
2,3,0,0,221,67,2,29,55,1566,0,3,1,0,2
5,7,1,0,143,80,2,30,74,1080,0,0,0,2,0
3,4,0,0,329,53,1,37,53,1649,0,3,0,2,0
6,7,1,0,128,83,3,39,82,1269,0,0,0,2,2
5,3,0,0,173,74,2,21,78,910,1,1,0,2,0
2,5,1,0,118,74,3,39,46,1238,0,3,0,1,2
6,7,1,0,131,75,2,20,59,1218,1,2,0,2,2
0,2,0,0,293,56,2,37,53,1380,0,3,0,2,0
6,4,0,0,196,75,0,29,59,1550,1,3,0,2,2
0,7,1,1,407,45,2,28,67,589,0,3,0,3,3
1,6,2,0,171,73,2,33,63,360,0,1,0,2,2
1,1,1,1,405,45,0,26,56,614,0,3,0,3,3
1,2,0,0,115,84,2,25,67,1004,1,3,1,0,0
6,2,0,0,314,55,2,22,58,1345,0,3,0,2,0
5,6,2,0,299,57,0,32,81,374,0,0,0,2,0
4,3,0,0,186,76,3,37,53,1309,0,3,0,1,1
4,6,2,0,144,74,0,29,85,1134,1,3,0,1,1
5,1,1,0,191,70,0,40,85,749,0,3,0,2,2
1,4,0,0,345,51,1,35,46,1226,0,3,0,2,0
0,7,1,0,300,58,1,23,55,1554,0,3,1,0,0
0,4,0,0,86,78,0,28,95,1764,0,0,0,2,2
5,2,0,0,204,73,2,32,67,1759,0,3,0,2,2
5,6,2,0,149,72,2,36,76,1034,0,3,0,2,2
5,0,2,0,225,65,2,30,71,827,0,0,0,2,2
0,7,1,0,265,69,3,22,63,304,0,3,0,2,2
3,0,2,0,114,80,2,22,80,820,0,3,0,1,1
1,6,2,1,600,34,0,33,72,558,0,3,0,3,3
6,1,1,1,395,54,0,29,93,482,0,2,0,3,3
4,2,0,0,166,74,0,25,53,1438,1,3,0,2,2
6,4,0,1,513,39,1,39,95,1124,0,3,0,3,3
6,1,1,1,377,56,1,29,60,528,0,1,0,3,3
3,4,0,0,106,75,1,20,88,1781,0,3,0,2,1
5,5,1,1,663,26,3,26,62,388,0,3,0,3,3
4,5,1,1,648,31,1,25,90,1238,0,3,0,3,3
3,5,1,1,407,52,1,30,94,503,0,0,1,3,3
5,0,2,0,335,61,0,39,75,811,0,3,0,2,2
0,1,1,1,694,18,2,39,51,620,1,3,0,3,3
1,5,1,0,100,75,2,33,65,1411,0,3,0,2,2
6,6,2,1,433,46,2,27,58,355,0,3,1,3,3
5,2,0,1,526,35,0,34,71,1268,0,3,0,3,3
3,3,0,0,240,61,2,32,44,1422,0,1,0,0,0
0,4,0,1,535,35,2,40,57,549,0,3,0,3,3
0,2,0,0,148,77,0,39,77,522,0,3,0,1,1
6,3,0,0,87,87,1,20,44,1324,0,3,0,1,2
6,6,2,0,147,75,3,21,64,1631,0,3,0,1,1
5,6,2,0,259,64,3,22,51,576,0,3,0,2,2
4,5,1,0,261,69,3,37,60,578,0,3,0,2,2
1,2,0,0,212,72,2,31,77,1515,0,3,0,2,2
3,7,1,0,145,79,3,23,50,943,0,3,0,1,1
0,2,0,1,676,20,1,37,88,818,0,3,0,3,3
5,4,0,0,224,66,0,21,84,538,0,1,0,2,2
2,1,1,0,104,84,1,39,63,575,0,3,0,2,2
3,0,2,0,273,60,2,21,48,1237,1,3,0,2,2
6,2,0,0,284,60,3,31,59,568,0,3,0,2,2
0,5,1,0,226,63,1,24,86,1641,0,3,0,2,2
0,4,0,0,306,60,3,24,85,694,0,3,0,2,2
5,2,0,1,418,47,2,35,50,879,1,3,1,3,3
3,5,1,0,53,86,0,34,79,896,0,3,0,1,1
5,4,0,0,81,78,2,32,76,1696,0,3,0,1,1
2,3,0,0,149,80,0,35,47,969,0,3,0,1,2
2,4,0,0,154,73,0,38,86,1606,0,1,0,2,2
3,3,0,0,183,74,3,30,80,1450,0,3,0,1,1
0,3,0,0,309,55,1,35,46,821,0,2,0,0,0
6,3,0,0,135,72,2,27,89,1307,0,3,0,2,1
5,4,0,0,334,56,3,38,86,726,0,3,0,2,2
6,5,1,1,421,45,2,35,70,947,0,2,0,3,3
3,3,0,1,676,27,2,29,87,1452,0,3,0,3,3
1,6,2,1,698,19,0,31,69,316,0,3,0,3,3
4,2,0,0,56,86,1,21,60,1397,0,3,0,1,1
0,6,2,0,276,58,0,24,95,475,0,3,0,2,2
5,7,1,1,638,30,0,24,45,534,0,3,0,3,3
1,2,0,0,54,83,3,21,80,660,0,3,0,1,1
3,1,1,1,653,22,1,32,57,941,0,1,0,3,3
5,2,0,0,274,65,3,34,90,1585,0,3,0,2,2
2,2,0,0,87,79,1,21,77,535,0,3,0,1,1
5,6,2,0,290,61,3,36,54,1036,0,3,0,2,1
5,0,2,0,156,72,2,27,66,1597,0,0,0,2,2
1,1,1,0,304,59,3,23,78,1406,0,0,0,2,0
3,2,0,1,425,50,1,22,67,979,0,3,0,3,0
5,2,0,0,286,64,3,36,44,1278,1,1,0,2,0
3,3,0,0,346,53,3,29,77,505,0,3,0,2,2
4,5,1,1,478,42,3,22,46,332,0,3,0,3,0
6,1,1,0,244,61,1,33,91,1284,0,3,0,2,2
3,0,2,0,113,84,1,27,66,658,0,2,0,2,2
2,2,0,0,337,52,3,29,57,1731,0,3,0,2,2
0,4,0,0,308,57,0,39,79,1465,0,3,0,2,2
1,4,0,0,74,86,0,33,53,887,0,3,0,1,2
5,7,1,0,113,75,0,24,78,1756,0,3,0,2,1
0,6,2,0,208,73,2,32,63,969,1,3,0,2,2
5,2,0,0,67,79,0,28,90,1716,1,1,0,2,2
5,5,1,0,255,69,0,23,55,1160,0,2,0,2,2
6,3,0,0,76,82,3,23,93,733,1,3,0,1,1
4,7,1,0,199,70,3,28,87,1212,0,3,0,2,2
0,6,2,0,350,51,1,37,44,1039,0,3,0,2,0
3,4,0,0,134,82,1,27,59,1727,0,3,0,2,1
6,3,0,0,87,81,0,22,73,660,0,3,0,1,1
6,1,1,0,138,74,1,29,61,1441,0,3,0,2,2
0,5,1,0,304,57,2,21,65,387,0,3,0,0,0
0,6,2,0,121,83,0,27,77,970,0,3,0,1,1
6,4,0,0,274,64,2,37,58,658,0,3,0,2,2
2,7,1,0,310,59,0,32,65,541,0,3,0,2,0
3,6,2,0,316,59,2,31,50,868,0,3,0,2,2
5,3,0,1,648,31,0,37,81,886,1,3,0,3,3
0,6,2,0,337,56,2,31,41,690,0,3,0,2,2
4,0,2,0,154,70,0,38,60,1423,0,3,0,1,2
5,4,0,0,205,69,2,39,42,1355,0,3,0,2,2
0,1,1,0,224,63,2,35,92,1063,0,2,0,0,2
0,3,0,0,262,66,0,39,92,909,0,3,0,2,2
6,0,2,1,561,31,2,36,79,1685,0,1,0,3,3
3,0,2,0,233,65,3,32,66,1504,0,3,0,1,1
4,2,0,0,70,86,2,39,59,446,0,3,0,1,2
4,0,2,1,534,37,1,36,70,794,0,3,0,3,0
5,4,0,1,665,23,2,40,80,776,0,3,0,3,3
5,6,2,0,262,63,2,27,94,897,0,3,0,2,2
4,7,1,0,281,65,1,38,91,518,1,3,0,0,2
6,2,0,1,416,51,2,32,55,1164,0,3,0,3,0
6,7,1,0,302,63,1,25,89,1096,0,3,0,2,2
5,5,1,0,320,53,1,29,55,1638,0,3,0,0,2
5,6,2,1,621,27,1,30,71,1158,0,3,0,3,3
2,1,1,0,302,56,2,21,59,550,0,3,1,0,0
2,5,1,1,507,42,1,37,79,1754,0,3,0,3,3
6,0,2,0,275,63,2,29,59,683,0,2,0,2,2
0,5,1,0,145,72,3,25,53,1125,0,3,0,1,1
5,2,0,0,69,87,2,33,53,1321,0,0,0,2,2
6,1,1,0,195,66,2,28,76,1797,0,3,0,2,2
5,5,1,0,116,80,1,31,84,503,0,3,0,2,2
2,6,2,1,370,58,3,35,75,439,0,3,0,0,0
3,5,1,1,611,32,1,40,40,1560,0,3,0,3,3
5,5,1,0,86,87,3,22,56,1269,0,3,1,2,2
3,2,0,0,169,78,3,34,60,757,0,3,0,1,2
3,6,2,1,472,39,2,30,47,1760,0,3,1,3,3
2,0,2,0,124,74,1,36,45,706,0,3,0,1,1
3,2,0,0,104,75,2,36,56,662,0,3,0,2,1
3,6,2,1,415,44,0,26,61,664,0,3,0,0,3
4,5,1,0,149,75,1,31,50,633,0,3,0,2,2
6,7,1,0,263,63,0,34,47,1552,0,3,0,2,2
0,7,1,0,110,84,0,32,40,1002,0,3,0,2,2
5,3,0,0,216,71,1,24,81,676,0,3,0,2,2
2,5,1,0,218,73,1,20,44,1133,0,3,0,2,2
2,3,0,0,282,59,0,26,45,1293,0,3,0,2,2
3,1,1,0,278,61,0,34,81,636,0,3,0,2,2
6,1,1,0,289,62,2,20,81,1430,0,3,0,0,0
2,2,0,0,189,73,1,22,83,672,0,3,1,0,0
1,6,2,0,214,74,1,22,73,1264,0,3,0,2,2
5,0,2,0,268,59,0,25,87,1443,1,1,0,2,2
3,7,1,0,57,87,3,30,61,763,1,1,1,2,2
0,1,1,0,145,74,0,39,41,664,1,3,0,2,2
6,7,1,0,54,87,1,24,77,1627,0,3,0,1,1
0,5,1,0,140,74,0,33,47,1041,0,3,0,2,2
6,6,2,1,525,33,2,31,88,1355,0,1,0,3,3
5,1,1,1,364,51,3,21,79,1580,1,3,0,0,0
4,0,2,0,196,72,0,21,75,1685,0,3,0,1,1
2,0,2,0,292,61,1,36,71,1287,0,3,0,2,2
0,5,1,0,308,65,1,40,76,787,0,3,0,0,2
0,4,0,0,299,58,1,39,43,459,0,3,0,2,2
1,3,0,0,81,78,0,29,70,964,0,3,0,1,1
4,1,1,1,625,30,1,22,72,848,1,3,0,3,3
4,7,1,0,230,63,2,26,55,1273,0,3,0,2,2
4,1,1,0,79,79,0,39,66,1229,0,3,0,1,1
2,3,0,0,159,78,0,38,50,966,0,2,0,2,2
6,0,2,0,289,62,0,39,91,1537,1,3,0,2,2
1,3,0,0,186,77,0,26,43,1712,0,3,0,2,2
2,5,1,0,280,60,1,22,67,1276,1,3,0,0,2
6,7,1,0,292,63,1,20,51,962,0,3,0,2,2
6,4,0,0,106,76,1,29,78,1121,1,3,0,2,2
2,0,2,0,291,60,2,33,90,1004,0,3,0,2,2
3,0,2,0,131,82,0,37,82,438,0,3,0,1,1
4,2,0,0,312,60,3,37,41,305,0,3,0,2,2
4,5,1,0,165,70,2,40,93,1112,1,3,0,2,2
2,2,0,0,101,85,2,32,50,1463,0,3,0,2,2
0,4,0,1,461,40,2,35,61,756,0,3,0,3,3
1,2,0,0,177,76,2,34,53,1292,1,3,0,2,2
3,1,1,0,95,79,1,23,89,1794,0,3,0,2,2
6,6,2,1,622,27,3,28,46,995,0,3,1,3,3
0,5,1,1,475,39,3,36,53,595,0,3,0,3,0
0,7,1,0,152,73,3,21,77,637,1,3,0,2,2
4,6,2,0,67,85,0,23,51,948,1,3,0,1,1
0,7,1,1,521,40,0,23,73,1654,0,3,0,3,3
4,6,2,0,264,69,1,40,47,458,0,3,0,2,2
4,7,1,0,213,65,0,27,71,1342,0,3,0,2,2
4,6,2,0,51,84,0,23,56,448,0,3,0,1,1
6,7,1,0,91,77,1,23,42,1139,1,3,0,2,2
1,3,0,0,222,66,1,40,90,941,0,0,0,2,0
1,0,2,1,591,36,1,38,91,544,0,3,0,3,3
5,6,2,0,339,59,1,31,44,1204,0,3,0,2,2
6,6,2,0,76,88,3,27,59,483,0,3,0,1,1
5,0,2,0,141,75,1,29,61,838,0,3,0,1,1
1,3,0,0,334,53,3,22,43,1373,0,3,0,2,2
3,1,1,0,256,61,2,26,81,1066,0,3,0,2,2
2,1,1,0,333,57,0,35,84,1162,0,3,0,2,0
3,7,1,0,308,57,0,38,95,1204,0,3,0,2,2
2,1,1,0,84,79,1,36,40,923,0,3,0,2,2
5,7,1,0,78,78,2,20,91,761,0,3,0,2,2
2,0,2,0,260,62,0,21,54,1428,0,3,1,2,0
2,1,1,0,262,65,0,37,74,389,0,0,0,0,2
0,3,0,0,287,66,2,37,69,708,0,3,0,2,2
0,6,2,0,225,71,2,30,85,956,0,1,0,2,2
3,1,1,0,228,73,2,25,72,957,1,3,0,2,2
3,1,1,0,256,61,2,33,48,1020,0,3,0,2,2
3,0,2,0,146,79,2,33,53,1434,0,3,0,2,2
5,7,1,0,312,58,0,22,71,759,0,3,0,2,2
2,0,2,0,317,61,1,36,78,1340,0,1,0,0,2
2,5,1,0,159,75,3,31,74,327,0,3,0,2,1
0,2,0,0,140,74,2,37,74,1439,1,3,0,2,2
6,5,1,0,349,59,2,27,91,805,1,3,0,0,0
3,6,2,1,629,28,0,25,83,1244,0,1,0,3,3
3,2,0,0,269,60,0,26,62,791,0,3,0,2,2
0,4,0,0,176,76,3,27,92,1507,0,1,0,2,2
4,4,0,1,476,42,1,31,51,1677,0,3,0,3,0
0,5,1,1,351,56,0,30,81,1782,1,0,1,3,3
5,0,2,0,138,75,3,26,94,994,1,3,0,1,1
6,4,0,0,234,68,3,28,64,1468,0,3,0,2,1
6,6,2,0,327,60,1,36,52,532,0,3,0,2,2
1,7,1,0,111,84,1,35,71,1190,1,3,0,2,2
4,7,1,1,471,47,2,33,74,1047,0,3,0,3,3
2,5,1,0,62,82,3,33,40,1426,0,3,0,1,1
4,2,0,0,85,80,0,22,40,1149,1,3,0,1,2
0,1,1,0,147,74,3,32,85,731,0,3,0,1,1
6,6,2,0,226,71,0,24,75,1231,1,3,0,2,2
1,6,2,0,67,84,1,25,74,404,0,3,0,1,1
6,6,2,0,97,81,2,37,53,397,0,2,0,2,2
1,6,2,0,265,63,3,31,57,963,0,3,0,2,2
3,2,0,0,256,62,0,33,54,1563,0,3,0,2,2
0,2,0,0,134,78,3,40,72,585,0,3,0,1,1
1,0,2,0,87,84,1,38,92,523,0,3,0,1,1
3,5,1,0,332,56,1,37,46,1382,0,3,0,0,0
0,5,1,0,164,72,3,23,92,333,0,3,0,2,2
3,5,1,1,522,43,3,34,79,670,1,3,0,3,3
4,1,1,0,270,68,2,35,88,359,0,3,0,2,2
5,0,2,1,514,44,0,20,55,1787,0,3,0,3,0
1,1,1,0,322,61,3,35,74,1385,0,3,0,2,2
0,2,0,0,270,64,1,39,51,1169,0,3,0,2,2
0,4,0,0,179,70,2,24,90,1442,0,3,0,2,2
6,3,0,1,411,53,1,22,78,1164,0,3,0,3,3
1,2,0,1,373,49,1,28,66,415,0,1,0,3,3
3,5,1,1,433,51,1,29,94,1021,0,3,0,3,3
5,1,1,0,172,73,1,33,46,1130,0,3,0,2,2
2,7,1,0,70,87,3,30,65,524,0,3,0,1,1
3,6,2,0,259,65,3,28,79,673,0,3,0,2,2
5,6,2,0,159,80,1,28,71,1309,0,3,0,2,2
5,0,2,0,275,62,3,38,41,1222,0,3,0,2,2
2,6,2,1,367,57,0,28,53,1191,0,3,0,0,0
5,1,1,0,165,70,2,39,87,1411,0,1,0,2,2
6,2,0,0,173,71,3,38,69,589,1,3,0,2,2
6,0,2,0,54,87,2,31,83,1108,0,3,0,1,1
2,5,1,1,648,26,3,20,50,974,0,3,0,3,3
3,0,2,0,202,75,2,25,47,882,0,0,0,2,2
2,5,1,0,170,74,0,32,63,950,0,0,0,2,2
3,1,1,0,194,76,0,27,77,1029,0,3,0,2,2
4,3,0,0,338,61,1,25,91,1351,0,3,0,2,0
2,5,1,1,666,29,3,36,44,430,0,0,0,3,3
0,3,0,0,190,75,3,27,58,938,0,3,0,1,2
2,5,1,0,52,82,1,31,57,1095,0,3,0,1,1
5,1,1,0,309,56,1,32,64,562,0,3,0,0,2
3,1,1,0,320,53,2,34,63,1004,0,0,0,0,0
3,0,2,0,210,73,2,39,64,1277,0,2,0,2,2
2,4,0,0,158,71,0,38,68,1045,1,2,0,2,2
2,0,2,0,101,77,3,36,49,673,0,3,0,1,1
3,6,2,1,422,45,3,24,71,1380,1,3,0,0,3
6,6,2,0,210,68,0,30,95,839,0,3,0,2,1
2,7,1,0,309,65,2,21,83,1749,0,3,0,0,0
5,1,1,0,183,67,3,39,46,1667,0,3,0,2,2
5,1,1,0,237,71,0,20,42,1266,0,3,0,2,2
1,6,2,0,147,81,2,27,66,627,0,3,0,2,2
0,3,0,0,134,80,1,25,92,1428,0,3,0,2,2
3,2,0,0,91,82,0,31,66,1367,1,3,0,1,2
6,6,2,0,76,88,1,28,84,652,0,3,0,1,1
2,6,2,0,231,68,1,35,83,1074,0,3,0,2,1
0,5,1,1,351,57,0,22,80,1347,0,3,0,0,3
5,7,1,0,98,79,1,33,47,437,0,2,0,2,2
2,5,1,0,335,62,2,30,61,1631,0,3,0,0,0
5,4,0,0,121,77,3,22,79,1397,0,3,0,1,1
2,2,0,0,160,78,0,36,63,1039,0,3,0,2,1
4,1,1,0,200,65,0,22,61,522,0,3,0,2,2
1,6,2,1,667,19,1,24,80,318,0,3,0,3,3
6,3,0,0,203,75,0,29,57,688,0,3,1,2,0
3,0,2,0,322,63,0,29,45,896,0,3,0,2,2
1,0,2,0,270,61,3,33,60,877,0,3,0,2,2
5,4,0,1,538,36,2,30,51,538,0,3,0,3,3
2,3,0,1,583,29,0,26,62,1121,0,3,0,3,3
1,3,0,0,192,73,2,38,68,1301,0,3,0,2,2
1,1,1,0,307,56,2,37,43,1743,0,3,0,0,0
2,0,2,0,289,58,2,36,80,303,0,3,0,2,2
3,4,0,0,346,61,0,31,63,917,0,3,0,2,0
0,7,1,0,53,87,0,25,94,443,0,3,0,1,1
0,0,2,0,91,80,2,28,77,1075,0,3,0,1,2
2,5,1,0,143,72,1,36,59,856,1,0,0,2,2
3,7,1,0,190,72,2,21,59,1461,0,3,0,2,2
2,2,0,0,340,55,0,34,81,1410,0,3,0,2,2
0,6,2,0,246,63,2,20,81,1556,0,3,0,2,2
5,6,2,0,183,68,3,22,57,551,0,3,1,2,2
0,0,2,0,248,68,1,30,73,1070,0,3,0,2,2
4,5,1,1,516,34,0,22,55,1676,0,3,0,3,3
0,6,2,0,320,57,3,22,67,1581,0,3,0,2,2
5,0,2,0,325,55,0,22,81,1766,0,3,0,2,2
3,0,2,0,90,82,0,39,82,1170,0,3,0,1,1
6,2,0,1,660,28,3,32,72,927,0,3,0,3,3
0,1,1,0,276,65,1,28,78,1165,1,3,0,0,0
1,1,1,0,111,82,2,28,53,1248,0,3,0,2,2
5,3,0,0,336,55,1,26,94,1040,0,3,0,2,0
4,7,1,0,86,84,0,29,57,1467,0,3,0,1,1
6,3,0,0,294,61,0,31,51,958,0,3,0,2,2
2,7,1,0,92,84,3,21,44,1729,0,3,0,1,1
3,1,1,0,257,70,0,35,64,1174,0,3,0,2,2
5,5,1,0,251,61,2,35,87,309,0,3,0,2,2
5,5,1,0,150,73,0,28,63,1049,0,3,0,2,2
2,7,1,0,107,79,3,23,48,436,0,3,0,1,1
4,2,0,0,169,77,0,22,60,1423,0,1,0,2,2
0,5,1,0,113,74,2,36,88,317,0,3,0,2,1
3,4,0,0,300,59,2,29,81,1036,1,3,0,0,2
0,0,2,0,146,72,2,24,87,483,0,3,0,2,1
6,1,1,0,294,56,3,31,43,1000,0,3,0,2,2
6,3,0,1,525,41,2,39,76,1562,0,3,0,3,3
2,1,1,0,276,64,2,34,75,547,0,3,1,0,0
1,2,0,0,317,63,3,26,44,331,1,3,0,2,2
2,1,1,0,330,58,3,25,78,997,0,3,0,2,2
2,4,0,1,474,45,3,22,51,1459,0,3,0,0,0
4,2,0,0,152,76,2,25,71,308,0,3,0,2,2
1,3,0,0,166,77,2,33,94,880,0,1,1,0,0
6,2,0,0,75,83,2,21,61,1673,0,3,0,1,1
6,3,0,0,269,62,0,23,56,1076,0,3,0,2,2
6,3,0,1,643,21,0,21,60,1489,0,3,0,3,3
1,1,1,0,171,74,2,31,81,1219,0,3,0,2,2
5,1,1,0,212,65,0,36,86,1570,0,2,0,2,2
5,7,1,0,56,88,3,28,49,1019,0,3,0,1,1
5,0,2,0,114,76,1,36,51,1173,0,3,0,1,1
5,2,0,0,68,82,1,36,72,1452,0,3,0,1,1
6,0,2,0,79,79,1,34,94,1771,0,3,0,1,1
5,7,1,0,203,72,2,28,74,1449,0,3,1,0,0
4,7,1,1,430,44,3,31,52,1053,0,3,0,0,3
0,4,0,0,144,78,3,20,42,1415,0,3,1,2,2
5,5,1,0,187,73,3,35,45,1270,1,3,1,0,2
0,6,2,0,91,81,2,39,86,798,0,3,0,1,1
4,3,0,0,197,70,0,31,43,388,0,3,0,2,1
0,5,1,0,64,89,1,20,68,1468,0,2,0,2,2
5,6,2,0,129,75,3,35,78,364,0,3,0,1,1
5,5,1,0,337,53,2,21,64,833,0,2,0,0,0
0,0,2,0,225,71,0,39,43,1527,0,0,0,2,2
2,3,0,0,116,75,1,32,62,918,1,3,0,2,2
3,0,2,1,460,43,0,40,75,1419,0,3,0,0,3
2,2,0,0,131,81,1,34,77,1404,0,3,0,2,2
1,0,2,0,168,78,1,23,91,1072,1,0,0,2,2
5,2,0,0,202,71,0,24,75,306,0,3,0,2,2
6,0,2,0,196,75,2,40,79,1114,0,3,0,2,1
4,1,1,0,127,79,2,24,71,555,0,3,0,2,2
2,7,1,0,255,62,1,22,90,1003,0,3,0,2,0
6,2,0,0,280,60,2,35,65,1291,0,3,0,2,2
5,3,0,0,148,71,1,21,64,1675,0,3,0,2,2
2,7,1,1,550,33,1,39,59,662,0,3,0,3,3
1,1,1,0,160,74,0,21,87,305,1,3,0,2,2
4,3,0,1,580,34,3,33,74,1727,0,3,0,3,3
2,4,0,1,493,43,0,21,62,1077,0,3,0,3,0
4,3,0,1,649,28,3,36,40,613,0,3,0,3,3
1,7,1,0,212,70,3,25,76,386,0,3,0,2,2
5,2,0,0,238,65,1,38,40,1574,1,3,0,2,0
1,4,0,0,252,68,1,22,46,1770,1,3,0,2,0
5,7,1,0,316,57,1,20,53,1183,0,3,0,0,0
2,0,2,0,313,61,0,31,78,1606,0,3,0,2,2
4,4,0,0,350,51,2,39,52,1672,0,3,0,0,0
1,5,1,0,152,77,2,28,89,1544,0,3,0,2,2
2,6,2,0,221,73,0,28,70,1280,0,3,0,2,2
0,3,0,0,225,72,1,24,66,325,0,3,0,2,2
4,0,2,0,146,75,3,24,65,819,0,3,0,1,1
1,0,2,1,438,50,1,28,93,1385,0,0,0,3,3
3,4,0,0,198,74,3,20,91,1184,0,3,0,1,1
6,5,1,1,537,37,1,33,85,1146,0,3,0,3,3
4,4,0,0,200,74,1,20,61,1094,0,2,0,2,2
4,4,0,0,298,61,0,33,89,321,0,3,0,2,2
4,0,2,0,126,80,2,35,77,1327,1,3,0,2,2
2,4,0,0,206,71,2,24,50,1753,1,3,0,2,2
5,1,1,0,345,59,2,30,63,740,0,3,0,0,0
1,6,2,0,222,72,1,21,89,1660,0,3,0,2,2
1,0,2,0,289,57,3,37,52,586,0,3,0,2,2
6,3,0,0,313,61,0,40,53,1716,0,1,0,0,0
2,1,1,1,508,40,2,37,83,1716,0,3,0,3,3
2,1,1,1,454,47,3,26,78,915,0,3,0,0,3
1,3,0,0,152,76,2,38,72,1510,1,2,0,2,0
5,4,0,0,332,52,3,29,62,383,0,0,0,2,0
2,7,1,0,55,80,3,36,83,903,0,3,0,1,1
3,7,1,0,255,63,3,35,63,1598,0,2,0,2,2
4,0,2,0,107,75,3,35,90,1439,0,1,0,1,2
6,5,1,0,315,59,3,22,92,999,0,3,0,2,2
3,6,2,1,553,32,1,40,44,746,1,3,1,3,3
2,3,0,0,306,57,2,20,91,356,0,0,0,0,2
1,1,1,0,114,77,3,32,50,1423,1,3,0,2,1
4,6,2,0,61,83,2,27,87,1678,0,3,1,2,2
6,1,1,1,406,53,0,33,45,1440,0,3,0,3,0
5,1,1,0,219,72,2,23,83,1290,0,3,0,2,0
3,4,0,0,222,72,2,32,93,304,0,3,0,2,2
6,0,2,0,114,74,1,28,66,442,0,3,1,2,2
3,3,0,1,650,30,1,31,79,477,0,0,0,3,3
1,0,2,0,250,69,2,39,62,1413,0,3,0,2,2
4,0,2,0,181,76,0,30,46,614,0,3,0,1,2
2,5,1,1,377,58,1,23,41,1407,0,3,0,3,3
2,7,1,0,113,76,0,24,86,1713,0,3,1,2,2
5,7,1,0,345,53,1,37,77,1755,0,3,0,0,0
0,7,1,1,616,25,1,20,46,1011,0,2,0,3,3
2,4,0,0,322,55,1,40,61,650,0,3,0,2,2
4,1,1,0,218,70,3,27,74,578,0,3,0,2,2
6,6,2,1,400,55,1,32,75,1386,0,0,0,3,0
0,6,2,0,57,85,3,27,68,907,0,1,0,1,1
1,1,1,0,334,58,3,34,75,1410,1,3,0,2,0
1,5,1,0,96,77,1,25,94,344,0,3,1,2,2
1,4,0,1,648,29,0,32,62,848,0,0,0,3,3
1,3,0,1,537,33,0,38,58,652,0,3,0,3,3
6,3,0,1,522,35,2,39,54,1180,0,3,0,3,3
4,4,0,0,304,65,3,40,82,1622,0,3,0,2,2
4,0,2,0,72,85,0,22,42,1666,0,3,0,1,1
4,1,1,1,585,33,3,34,54,1587,1,3,0,3,3
0,1,1,0,224,64,2,28,95,1377,1,3,0,2,0
1,6,2,1,469,47,1,23,76,681,0,1,0,3,3
3,2,0,1,413,44,2,40,77,1117,0,3,0,3,0
1,4,0,0,69,81,0,24,76,316,0,3,0,1,2
0,3,0,1,435,51,0,33,45,461,0,3,0,0,3
6,7,1,0,72,84,1,26,83,327,0,1,0,2,2
2,0,2,1,688,22,3,24,59,1380,1,3,0,3,3
5,3,0,1,388,49,0,30,49,903,0,3,0,0,0
5,2,0,1,587,37,1,31,78,1201,1,3,0,3,3
6,7,1,1,568,38,0,36,59,466,0,3,0,3,3
3,1,1,0,161,75,1,33,58,686,0,3,0,2,2
3,2,0,0,75,79,1,37,86,768,0,3,0,1,2
0,3,0,0,299,61,2,36,90,1560,0,3,0,2,2
0,7,1,1,674,22,3,22,60,334,0,1,0,3,3
5,1,1,0,56,84,2,26,82,1411,0,3,0,2,2
6,3,0,0,55,81,3,35,62,1464,0,3,0,1,1
3,0,2,0,253,70,0,25,82,350,0,3,0,2,2
6,7,1,0,134,81,3,40,42,1689,0,3,0,1,1
5,0,2,0,79,85,3,26,52,1798,0,3,0,1,1
5,0,2,0,173,75,1,36,62,925,0,3,0,2,2
1,7,1,1,352,50,2,25,45,1242,0,3,0,3,3
2,2,0,0,313,63,1,26,52,644,0,3,0,2,2
6,2,0,1,570,30,1,38,59,1029,0,3,0,3,3
0,7,1,0,349,54,1,24,47,1014,0,0,0,0,0
6,6,2,0,171,69,0,33,82,1003,1,3,0,2,2
3,7,1,0,219,68,0,32,47,1456,0,3,0,2,2
4,1,1,0,135,77,2,22,85,1209,0,3,0,2,2
1,2,0,0,291,66,3,34,67,674,0,3,0,2,2
0,7,1,0,208,75,3,24,87,1087,0,3,0,2,2
0,2,0,0,266,59,0,29,92,918,0,2,0,2,2
1,1,1,1,690,25,3,28,87,756,0,2,0,3,3
3,7,1,0,195,75,1,22,66,416,0,3,0,2,2
1,6,2,0,250,68,2,40,78,753,0,3,0,2,2
6,4,0,0,119,75,2,40,78,1228,0,3,0,2,2
3,7,1,1,570,36,0,22,80,1659,0,3,1,3,3
5,6,2,1,489,39,3,39,61,464,0,3,0,0,3
3,4,0,0,129,75,3,22,50,1590,0,3,0,1,1
5,1,1,0,205,72,0,33,88,1235,0,3,0,2,2
6,5,1,0,277,68,0,39,63,643,0,3,0,2,2
5,1,1,0,69,88,3,37,46,1077,0,2,0,2,1
6,7,1,0,122,74,3,22,75,989,0,3,0,1,1
6,4,0,0,181,69,3,36,44,768,1,3,0,2,1
2,6,2,1,421,48,2,34,67,1572,1,3,0,3,0
5,1,1,0,177,70,3,30,78,1710,0,3,0,2,1
6,5,1,0,52,89,2,25,86,864,0,3,0,2,2
3,5,1,0,271,60,2,39,46,1651,0,0,1,3,3
3,0,2,0,273,68,2,36,73,645,0,3,0,2,2
5,3,0,0,303,62,2,27,85,1163,1,3,0,0,2
2,3,0,1,638,24,1,37,90,1271,0,3,0,3,3
5,1,1,0,255,70,1,32,65,1059,0,3,0,2,0
1,3,0,0,101,85,3,36,69,760,0,3,1,2,2
4,5,1,0,261,60,2,24,72,914,0,3,1,0,0
6,0,2,0,134,77,3,29,87,530,0,3,0,1,1
2,1,1,0,288,58,2,26,74,404,1,3,1,0,0
5,3,0,0,189,77,2,33,61,1693,1,3,0,2,0
6,4,0,0,322,63,3,23,43,1433,0,3,0,2,2
4,3,0,1,533,34,1,36,42,321,0,3,1,3,3
3,5,1,0,202,70,0,24,66,1738,0,3,0,2,2
3,6,2,0,216,72,0,29,46,1525,0,3,0,2,1
5,2,0,1,583,30,1,35,86,990,0,3,0,3,3
4,5,1,0,205,69,0,30,60,935,0,3,0,2,2
6,5,1,0,128,79,3,40,77,540,0,1,0,2,2
1,2,0,0,330,61,2,28,68,798,0,2,0,0,0
0,7,1,0,93,82,0,28,95,1043,0,3,0,1,1
4,6,2,1,385,49,1,36,56,949,0,3,0,0,0
3,7,1,1,682,23,2,28,50,796,1,3,0,3,3
4,5,1,1,418,51,2,35,76,1746,0,3,0,3,3
3,3,0,1,594,26,3,20,55,1144,1,3,0,3,3
5,7,1,0,265,63,3,37,69,927,0,3,0,2,2
2,0,2,0,110,77,0,25,66,412,0,3,0,1,1
4,4,0,1,653,30,2,39,42,1215,0,0,0,3,3
3,7,1,1,376,50,1,31,45,962,0,3,0,3,0
4,1,1,0,139,77,2,32,62,1710,1,3,0,2,2
1,6,2,0,93,81,2,31,43,1126,0,3,0,1,1
2,7,1,1,630,30,0,25,83,852,0,3,0,3,3
5,6,2,1,442,43,2,22,56,936,0,3,1,3,3
4,5,1,0,306,64,2,33,57,1051,0,3,0,0,2
0,1,1,0,345,56,0,29,69,1382,0,1,0,0,0
2,7,1,0,176,72,2,30,83,975,0,1,0,2,2
0,3,0,0,248,70,2,30,74,1525,0,3,0,2,2
0,5,1,0,110,78,3,23,62,1679,0,3,1,2,2
0,5,1,0,95,86,1,22,87,532,0,3,0,2,2
0,2,0,1,457,47,2,21,69,306,0,2,0,3,3
4,3,0,0,332,58,2,20,53,614,1,3,0,0,0
3,1,1,0,258,67,1,23,63,958,0,3,0,2,0
2,7,1,0,291,61,1,37,46,502,0,3,0,2,0
3,4,0,0,345,60,3,29,47,1078,0,1,1,0,0
4,1,1,1,459,42,0,37,62,1393,0,3,0,3,3
2,2,0,0,93,80,2,29,61,1165,0,1,0,2,2
2,3,0,0,178,70,2,24,43,819,0,3,0,2,1
1,4,0,0,338,55,2,39,84,663,0,3,1,0,0
6,0,2,0,208,73,3,20,82,719,1,3,1,2,2
4,0,2,0,171,74,3,37,93,1158,0,3,0,1,1
2,6,2,0,300,55,0,31,89,570,0,3,0,2,2
2,2,0,0,211,67,0,26,79,944,0,3,0,2,1
4,6,2,0,300,64,2,33,80,1052,0,3,0,2,2
3,5,1,0,327,60,3,24,41,1699,0,3,0,2,2
0,4,0,1,385,57,2,24,47,1366,0,3,0,3,0
1,2,0,0,315,63,1,22,54,1376,0,3,0,2,2
3,0,2,0,161,72,1,33,55,794,1,3,0,2,2
4,1,1,0,95,76,1,24,49,1091,0,0,0,2,2
4,7,1,0,303,65,3,39,47,320,0,3,1,0,2
5,1,1,0,262,68,0,25,87,851,0,3,0,2,0
0,0,2,1,468,41,0,28,60,1531,0,3,1,3,3
6,0,2,0,241,71,0,25,84,1352,1,3,0,2,2
6,3,0,0,161,75,2,32,68,462,0,3,0,2,2
0,6,2,0,273,59,0,39,66,1154,0,3,0,2,2
4,3,0,1,397,46,2,36,69,379,1,3,0,3,3
3,0,2,0,143,79,0,40,61,1330,0,3,0,1,1
1,0,2,0,307,64,3,26,82,1630,1,3,0,2,2
0,1,1,0,270,58,3,30,64,735,0,3,1,0,0
6,6,2,0,259,65,2,37,90,1388,0,3,0,2,2
0,3,0,0,334,54,1,21,85,790,0,3,0,2,2
6,5,1,1,488,45,1,24,72,613,0,1,0,3,3
5,1,1,0,125,82,0,29,40,1141,0,3,0,2,1
5,4,0,0,254,61,2,28,42,690,0,3,0,2,2
5,1,1,0,150,76,2,25,68,1072,0,2,1,0,0
5,4,0,0,191,70,0,32,46,905,0,3,0,2,1
4,5,1,0,303,55,1,26,89,1793,0,3,0,2,0
6,1,1,0,159,76,0,30,56,821,0,3,0,2,2
6,4,0,0,119,75,0,28,94,1308,0,3,0,1,1
0,5,1,0,257,61,0,29,41,1656,0,3,0,2,2
2,0,2,1,351,59,1,22,82,987,0,3,0,0,0
0,6,2,0,84,86,0,32,88,389,0,3,0,1,1
1,0,2,1,634,23,0,23,90,1186,0,3,0,3,3
2,0,2,0,144,76,2,38,43,1621,0,3,0,2,1
6,5,1,1,359,58,1,32,49,451,0,0,0,3,3
3,2,0,1,675,28,2,34,66,1538,1,3,0,3,3
0,1,1,1,693,24,2,31,48,512,0,3,0,3,3
1,0,2,0,85,85,1,40,68,688,0,3,0,1,1
6,2,0,0,76,82,0,29,43,537,1,3,0,1,1
2,0,2,0,210,68,0,22,79,1592,1,3,0,2,2
1,3,0,0,326,53,3,33,60,335,0,3,0,2,2
5,2,0,0,187,68,1,30,68,371,0,0,0,2,2
4,5,1,0,105,83,1,34,87,1114,0,3,0,2,2
5,6,2,0,151,79,2,24,54,516,0,3,0,2,2
1,6,2,0,107,75,0,40,80,1742,0,3,0,1,1
6,3,0,0,237,66,1,21,91,473,1,3,0,2,2
3,6,2,0,167,70,2,30,87,1662,0,3,0,2,2
4,6,2,0,83,82,0,35,66,1659,0,3,0,1,1
4,7,1,0,206,75,2,34,80,632,0,3,0,2,2
1,1,1,0,262,63,1,34,72,569,1,3,1,0,3
6,2,0,0,238,64,0,29,70,1276,0,3,0,2,2
3,3,0,0,265,62,3,38,79,1088,0,3,0,2,2
4,4,0,0,76,80,0,33,76,1011,0,3,0,1,1
3,1,1,0,201,72,3,39,88,1211,0,3,1,2,2
4,7,1,0,204,68,3,23,92,1265,0,3,0,2,1
0,4,0,0,165,76,1,22,89,1061,0,3,0,2,2
2,3,0,0,189,76,3,24,82,328,1,3,0,2,1
4,6,2,0,238,68,3,23,59,1332,0,0,0,2,2
0,5,1,1,428,51,2,40,75,703,0,0,0,3,3
4,0,2,1,437,46,2,40,81,1024,0,3,0,3,3
6,1,1,0,325,54,0,20,59,1076,0,3,0,2,2
0,2,0,0,237,72,2,28,71,1228,0,3,0,2,2
6,5,1,0,227,66,2,27,70,820,0,3,1,0,0
5,3,0,0,168,71,3,39,46,957,0,3,0,1,2
6,5,1,1,364,49,2,34,51,1734,0,3,0,3,3
4,1,1,0,283,57,2,38,85,876,1,3,0,0,0
4,5,1,0,77,84,2,37,63,1336,1,3,0,2,2
4,7,1,0,71,79,0,28,54,442,0,3,0,1,1
0,0,2,0,203,70,3,26,45,468,0,3,0,1,2
6,5,1,0,226,65,1,23,94,1363,0,3,0,2,2
3,7,1,0,83,81,1,29,75,1543,0,3,0,2,2
2,0,2,1,501,40,0,23,60,968,0,3,0,0,3
2,0,2,0,343,52,3,20,89,1158,0,3,0,2,2
4,2,0,0,298,61,3,35,56,651,0,3,0,2,2
4,2,0,0,284,66,1,34,61,1771,0,3,0,2,2
2,7,1,0,266,59,0,30,52,1166,1,3,0,2,2
3,1,1,0,322,57,0,20,52,1369,0,3,0,2,2
5,0,2,1,561,36,2,23,72,1251,0,3,0,3,3
2,3,0,0,132,80,2,38,87,1529,0,3,0,2,2
5,0,2,0,307,59,1,37,56,1650,0,3,0,2,2
0,3,0,0,86,80,0,39,80,1090,0,3,0,1,1
2,4,0,1,477,41,1,34,80,860,1,3,0,3,3
1,6,2,1,580,35,2,26,85,1669,0,3,0,3,3
6,5,1,1,508,38,2,21,55,604,0,3,0,3,3
4,2,0,0,139,75,0,26,86,1377,1,3,0,2,2
5,0,2,0,110,80,3,36,88,1694,0,3,0,1,1
1,4,0,1,588,28,3,23,64,1402,0,3,0,3,3
5,4,0,0,56,90,0,35,71,712,0,3,0,1,1
1,0,2,0,146,77,0,32,87,1283,1,3,0,1,2
5,3,0,0,279,68,3,21,83,573,0,3,0,2,2
6,4,0,0,297,58,0,36,92,911,0,3,0,2,2
2,6,2,0,157,74,0,35,71,860,1,3,0,2,1
6,2,0,1,413,54,3,38,54,1732,0,3,0,0,0
6,6,2,0,177,74,0,22,88,1524,0,2,0,2,2
1,6,2,0,149,80,0,24,84,367,1,3,1,2,0
4,0,2,0,287,60,3,22,95,699,0,1,0,2,2
2,0,2,0,277,67,3,24,51,991,0,3,0,2,2
1,1,1,0,167,76,1,34,77,625,0,3,0,2,2
1,6,2,0,327,63,1,20,85,1364,1,3,0,2,0
3,6,2,0,64,87,2,26,61,345,1,0,0,2,2
1,3,0,1,539,36,1,29,65,671,1,3,0,3,3
0,1,1,0,115,83,1,35,41,546,0,3,0,2,2
4,0,2,0,319,54,0,23,94,777,0,3,0,2,2
0,1,1,0,252,66,1,25,59,1782,0,3,0,2,2
0,2,0,0,223,64,1,40,48,386,0,1,0,2,2
6,4,0,0,113,82,1,20,57,1033,0,3,0,2,1
3,0,2,1,470,41,3,26,93,312,0,3,0,0,0
2,4,0,0,194,69,3,31,64,1435,0,2,0,2,2
5,6,2,0,119,80,1,35,86,1763,0,3,0,1,2
4,6,2,0,52,87,2,22,70,627,0,3,1,2,2
0,1,1,1,507,43,2,25,44,1631,0,3,0,3,3
4,0,2,0,192,74,2,27,79,341,0,3,0,2,2
4,5,1,0,196,69,3,26,69,1045,0,3,0,2,1
6,1,1,0,330,61,3,23,83,847,0,3,0,2,2
3,2,0,0,194,66,2,36,49,804,0,3,0,2,2
6,5,1,0,323,55,3,23,52,358,1,2,0,0,2
1,1,1,1,357,51,2,27,76,544,0,3,0,3,0
6,7,1,0,336,58,0,34,62,825,0,3,0,2,2
5,5,1,0,225,72,1,37,92,564,0,3,0,2,2
5,0,2,0,256,68,1,26,90,1303,0,3,0,2,2
3,7,1,0,84,85,0,40,52,1795,0,3,0,1,1
3,1,1,0,93,82,1,30,78,1387,0,3,0,2,2
5,4,0,0,111,74,0,39,91,607,0,3,0,1,1
4,0,2,0,293,58,2,21,88,895,0,3,0,2,2
5,0,2,0,304,55,1,31,83,366,0,3,0,2,2
4,1,1,0,265,60,2,35,45,924,0,2,0,0,0
5,6,2,0,118,83,1,29,89,1118,1,3,0,2,2
4,3,0,1,653,26,2,39,93,803,0,3,1,3,3
6,0,2,1,659,30,1,37,62,353,1,3,0,3,3
2,3,0,0,62,86,1,34,62,749,1,3,0,2,2
5,5,1,1,636,25,3,23,83,1747,0,3,0,3,3
1,3,0,1,412,46,1,29,44,544,0,3,0,3,0
6,4,0,0,238,70,2,29,69,1535,0,3,0,2,2
0,3,0,0,190,66,0,36,73,1178,1,1,0,2,2
1,1,1,0,122,79,0,31,78,830,0,3,0,2,2
6,7,1,0,228,72,1,36,66,1312,0,3,0,2,2
5,6,2,0,63,88,3,25,80,499,0,3,0,1,1
6,7,1,1,634,25,1,39,75,1457,0,3,0,3,3
1,1,1,0,235,62,0,28,47,1062,0,3,0,2,2
5,5,1,1,568,39,3,21,64,764,0,3,0,3,3
5,3,0,0,252,63,3,36,70,531,0,3,0,2,2
3,0,2,1,528,37,0,39,47,317,1,3,0,3,3
2,2,0,0,236,65,3,24,87,395,0,3,0,2,1
2,0,2,0,91,85,3,22,81,1179,0,3,0,1,1
6,0,2,0,86,81,3,40,77,849,0,3,0,1,1
3,3,0,0,282,66,1,38,43,817,0,3,0,2,2
6,1,1,0,195,73,0,25,95,554,0,3,0,2,2
5,6,2,0,226,73,2,36,72,618,0,0,0,2,2
1,1,1,0,256,60,2,26,71,716,0,0,0,0,0
5,6,2,1,683,24,0,29,70,811,0,3,0,3,3
5,7,1,1,699,25,1,40,87,1412,0,0,0,3,3
6,7,1,0,256,63,2,35,40,1115,0,3,0,2,0
2,0,2,0,260,64,1,24,95,432,0,3,0,2,2
0,0,2,1,563,35,1,26,85,339,1,3,0,3,3
4,4,0,0,293,59,1,23,66,335,0,3,0,2,2
4,1,1,0,320,58,2,40,95,1224,0,3,0,0,0
2,2,0,0,210,72,0,34,51,1600,1,1,0,2,2
4,4,0,0,282,62,3,39,49,1014,0,3,0,2,2
2,7,1,0,283,65,0,37,77,1103,0,3,0,2,2
5,6,2,1,472,38,0,37,78,1187,0,1,0,3,3
1,7,1,0,85,83,2,29,70,452,0,3,0,2,1
6,0,2,0,290,56,3,34,40,1102,0,3,0,2,2
3,2,0,1,389,51,1,30,46,501,0,3,0,0,3
3,2,0,0,51,84,1,22,58,1076,0,0,0,2,1
2,5,1,1,597,30,1,35,49,306,0,3,0,3,3
1,5,1,1,454,48,2,32,81,571,1,3,0,3,3
4,2,0,0,240,71,2,25,53,321,1,3,0,2,2
1,0,2,0,247,61,2,28,94,1370,0,3,1,0,0
6,5,1,0,204,75,0,34,41,447,0,3,0,2,2
6,7,1,0,345,53,0,29,74,604,0,3,0,2,2
1,1,1,0,243,61,1,40,72,501,0,3,0,2,2
6,3,0,0,335,60,0,25,85,658,0,3,0,2,2
1,6,2,0,258,62,3,29,70,654,0,3,0,2,1
0,6,2,1,691,20,0,37,59,1443,1,3,0,3,3
0,6,2,1,496,36,3,32,90,1386,0,3,0,0,0
4,3,0,0,248,63,3,29,40,595,0,1,0,2,2
6,3,0,0,349,55,0,40,40,568,0,3,0,2,2
2,3,0,0,335,57,2,36,75,817,0,3,0,2,2
6,6,2,1,382,53,0,39,95,1038,0,1,0,0,0
5,7,1,0,265,64,3,39,90,1220,0,3,0,2,2
6,6,2,1,617,26,0,25,94,1517,0,0,1,3,3
0,1,1,0,214,74,1,32,81,1492,0,3,0,2,2
0,1,1,0,242,62,2,22,92,1031,0,0,0,0,0
6,5,1,0,308,56,1,27,66,1417,0,3,0,0,2
4,2,0,0,75,81,0,31,79,531,0,3,0,1,1
5,0,2,0,249,65,0,34,68,868,0,3,0,2,2
5,7,1,0,258,61,2,25,92,594,0,3,0,2,2
1,0,2,0,130,77,2,22,43,1548,0,3,0,1,1
6,2,0,0,156,80,2,29,59,406,1,3,1,0,0
5,1,1,0,260,64,2,29,58,490,0,3,0,2,2
5,6,2,1,440,41,1,33,81,1259,0,1,0,3,3
5,5,1,0,280,61,2,25,41,325,0,3,0,2,0
4,5,1,0,104,83,3,37,47,862,0,3,0,1,2
3,6,2,0,159,79,1,21,83,1507,0,1,0,2,2
1,2,0,1,676,19,3,24,94,1489,0,3,0,3,3
1,4,0,0,123,81,3,20,90,1473,0,3,0,1,1
1,3,0,1,542,38,3,39,81,1552,0,3,0,3,0
1,6,2,1,697,25,1,26,95,766,0,1,0,3,3
2,2,0,0,74,88,1,30,42,1374,0,3,0,1,1
3,4,0,0,325,60,0,23,94,1440,0,2,0,0,0
0,6,2,0,80,80,3,20,64,641,0,1,0,1,1
1,1,1,1,564,33,1,21,84,1377,0,3,0,3,3
5,3,0,1,422,53,2,26,77,1441,0,3,0,3,3
1,1,1,1,384,47,0,28,60,1455,0,3,0,0,3
6,2,0,0,113,81,3,24,46,942,0,3,0,1,1
0,0,2,0,75,86,1,35,74,1444,1,2,1,2,0
2,2,0,0,69,86,0,26,74,1068,0,3,0,1,1
3,7,1,0,213,74,3,23,91,1327,0,3,0,2,2
4,2,0,0,95,76,3,28,72,1647,0,3,0,1,1
2,2,0,0,80,81,2,38,74,1227,0,3,0,1,2
6,0,2,0,232,70,2,32,75,753,0,3,0,2,2
5,2,0,0,342,51,0,23,71,843,0,3,1,0,0
3,0,2,0,321,61,1,29,70,350,0,3,0,2,2
3,7,1,0,221,65,3,32,69,633,0,3,1,2,2
0,7,1,0,118,82,0,27,43,523,0,0,0,2,2
2,1,1,0,50,89,0,32,87,417,1,3,0,1,1
3,7,1,0,294,62,3,39,68,1724,0,3,0,2,2
2,3,0,1,464,48,3,32,75,817,1,3,0,3,0
1,6,2,0,96,80,2,25,86,1735,0,0,0,2,1
1,5,1,0,238,68,0,35,78,1408,0,2,0,2,2
3,0,2,0,72,85,2,32,58,1510,0,3,0,1,1
2,1,1,0,78,84,1,21,44,1476,0,3,0,2,2
5,0,2,0,170,75,2,35,78,315,1,3,0,2,2
1,1,1,0,53,89,0,20,55,1567,0,3,0,1,1
5,0,2,1,495,41,0,23,93,1572,0,3,0,0,0
5,0,2,0,304,64,3,23,87,786,0,3,0,2,2
3,7,1,0,299,66,1,32,58,1132,0,3,0,2,0
3,2,0,1,477,38,1,26,40,424,0,3,0,3,3
5,2,0,0,294,57,3,39,53,1695,0,3,0,2,2
3,4,0,0,266,62,3,36,47,353,0,3,0,2,2
4,6,2,0,175,74,3,32,50,324,0,3,0,1,2
2,1,1,0,283,63,0,26,76,601,0,3,0,2,2
1,5,1,0,266,67,2,31,87,893,0,3,1,0,0
5,3,0,0,121,78,0,26,49,567,0,3,0,1,1
6,5,1,0,242,61,2,23,48,927,0,3,0,2,0
4,0,2,0,158,72,2,37,68,369,0,3,0,2,1
4,3,0,1,444,48,2,38,69,1208,0,3,0,3,3
2,3,0,1,466,48,3,36,76,1484,0,1,0,3,3
2,1,1,0,340,55,0,27,84,584,0,3,0,2,2
4,5,1,0,76,81,2,25,83,626,0,3,0,2,1
2,4,0,0,169,78,3,21,89,1227,0,0,1,2,0
4,6,2,1,529,40,0,40,84,832,0,1,0,3,3
2,1,1,0,60,85,3,36,48,584,0,3,0,1,1
5,0,2,0,217,67,0,30,60,1284,0,3,0,2,1
2,2,0,0,296,66,1,34,51,1380,0,3,0,2,0
6,2,0,0,336,55,3,30,73,1340,0,1,0,2,2
5,2,0,0,54,84,2,26,70,1173,0,3,0,1,1
5,6,2,1,645,26,0,37,92,1564,1,3,0,3,3
4,7,1,0,280,61,1,28,70,720,0,3,0,2,0
4,5,1,0,230,64,2,25,65,1460,0,3,0,2,2
6,7,1,0,128,79,2,36,82,691,0,3,0,2,2
6,5,1,0,84,77,2,24,67,1066,0,3,0,2,2
5,0,2,1,523,33,1,20,50,397,0,3,0,3,3
4,3,0,0,145,71,0,31,75,1740,0,3,1,2,2
0,1,1,0,335,59,2,20,80,1147,0,3,0,0,0
2,7,1,0,217,73,2,25,75,1689,0,3,1,0,0
3,7,1,1,439,50,3,38,74,1400,0,3,0,0,0
1,5,1,1,556,39,1,20,92,314,0,3,0,3,3
5,5,1,0,198,68,1,20,81,488,0,1,0,2,0
0,1,1,1,456,45,1,20,60,1288,0,3,0,3,3
2,0,2,0,76,83,3,25,66,446,0,1,0,1,1
4,0,2,0,201,71,0,33,42,721,1,3,0,2,2
3,3,0,0,90,80,0,31,43,1737,0,3,0,1,2
2,4,0,0,327,60,0,22,45,898,1,3,0,2,0
4,0,2,0,199,73,1,27,91,1278,0,3,0,2,2
4,3,0,0,349,52,3,30,89,1725,0,3,0,2,2
0,2,0,1,370,52,1,32,80,1480,0,3,0,0,3
2,1,1,0,145,79,1,40,79,835,1,3,0,2,2
0,2,0,0,148,71,1,24,50,992,1,3,0,2,2
6,3,0,0,232,72,2,28,91,874,0,3,0,2,2
4,6,2,0,131,74,1,23,62,535,0,1,0,2,2
6,2,0,0,215,74,2,31,93,1312,0,3,0,2,2
4,5,1,0,117,74,0,27,53,482,0,3,0,2,2
0,7,1,1,555,31,2,23,60,1212,0,3,0,3,3
6,0,2,1,599,29,2,23,70,1010,1,3,0,3,3
3,7,1,0,86,84,2,36,79,1050,0,3,0,2,2
2,2,0,1,377,53,2,27,66,972,0,3,0,0,3
1,4,0,0,125,79,3,31,71,1327,0,3,0,1,1
6,3,0,0,115,76,3,24,75,1742,0,3,0,1,1
5,0,2,0,205,74,1,36,59,723,0,3,1,2,2
6,1,1,0,190,67,1,34,45,1440,0,3,0,2,2
2,6,2,1,648,31,1,25,61,1121,0,2,0,3,3
4,7,1,0,229,64,0,37,50,1383,0,3,0,2,2
6,6,2,0,54,84,2,28,57,1560,0,3,0,1,1
2,7,1,0,336,57,0,29,56,516,0,3,0,2,2
1,3,0,0,182,75,3,33,69,904,0,3,1,2,2
3,4,0,0,163,73,2,26,61,557,0,1,0,2,2
6,5,1,1,354,57,0,37,77,1643,0,3,1,3,3
6,6,2,0,107,78,1,24,58,1736,0,3,0,1,2
0,0,2,0,188,76,1,20,76,1040,0,3,0,2,2
6,1,1,1,435,50,1,29,50,1044,0,0,1,3,3
6,1,1,0,78,87,0,26,89,1164,0,3,1,2,0
3,2,0,1,463,49,0,40,73,1734,1,3,1,3,3
2,2,0,1,405,47,2,24,94,365,0,3,0,3,3
6,1,1,0,336,56,1,23,58,1282,0,3,0,0,0
0,2,0,0,202,69,2,30,65,1494,0,3,0,2,2
3,7,1,1,572,33,0,29,45,1532,0,3,0,3,3
5,0,2,0,159,70,2,36,93,1094,0,3,0,2,2
5,5,1,1,496,45,0,25,55,1300,0,3,0,3,3
0,2,0,0,133,81,1,33,44,1084,0,1,0,2,2
1,6,2,0,63,82,0,39,71,1570,0,3,0,1,1
4,5,1,0,192,67,1,35,53,899,0,1,0,2,2
2,3,0,0,61,84,3,26,61,1798,0,3,0,1,1
6,6,2,0,311,58,2,25,85,1185,0,3,0,2,2
1,7,1,0,199,67,0,24,70,402,0,2,0,2,0
1,3,0,0,121,76,2,39,41,1590,0,3,0,2,2
0,7,1,0,175,73,3,25,46,599,1,3,0,2,2
5,5,1,0,94,84,0,37,85,1256,0,3,0,1,1
6,1,1,0,265,62,3,31,56,1385,0,3,0,2,2
0,3,0,0,254,63,3,34,47,1731,0,3,0,2,2
0,3,0,0,189,73,0,39,46,928,0,0,0,2,2
5,3,0,0,301,56,2,33,69,1615,1,3,0,0,2
6,0,2,0,196,71,0,24,43,1172,0,3,0,1,1
2,0,2,0,198,70,1,39,67,415,1,3,0,2,1
1,1,1,0,138,77,0,40,76,1751,0,3,0,2,1
1,1,1,0,197,75,0,31,51,351,0,1,0,2,0
4,7,1,1,435,42,1,29,48,405,0,3,0,3,3
3,3,0,0,130,73,1,20,50,1225,0,3,0,2,2
3,3,0,0,331,57,0,26,42,662,0,3,0,2,2
2,5,1,0,208,65,1,40,92,435,1,3,0,2,2
3,6,2,1,568,30,3,25,88,563,0,3,0,3,3
2,3,0,0,58,83,0,25,89,804,0,3,0,1,1
4,7,1,1,445,41,3,37,83,445,1,3,0,3,3
2,4,0,0,159,73,3,23,52,1693,0,3,0,1,1
6,2,0,0,102,82,0,26,71,1600,0,3,0,1,2
2,3,0,0,190,70,3,27,77,694,1,3,0,2,2
0,6,2,0,319,59,0,20,61,1244,0,2,0,2,0
5,6,2,0,86,87,2,29,51,380,1,3,0,2,2
3,0,2,0,109,82,2,23,87,975,0,3,1,2,2
3,7,1,0,202,65,3,26,44,656,0,3,0,2,2
4,5,1,0,233,71,3,21,57,1382,0,3,0,2,2
2,3,0,1,563,38,3,31,95,758,0,3,0,3,3
2,1,1,1,409,53,2,38,74,408,0,1,0,3,3
1,5,1,0,278,67,3,39,40,426,1,3,0,2,2
6,2,0,0,265,61,2,38,40,502,0,3,0,2,2
4,1,1,0,87,82,2,40,77,922,0,3,0,2,2
3,6,2,0,312,59,3,25,78,1660,0,3,0,2,2
5,4,0,1,686,20,3,29,41,896,0,3,1,3,3
4,7,1,0,87,80,1,26,91,1152,0,1,0,2,2
2,4,0,0,245,66,0,40,47,509,0,3,0,2,2
3,6,2,1,445,42,2,20,46,1232,1,3,0,3,3
4,2,0,1,658,22,1,37,44,810,0,0,0,3,3
3,1,1,0,199,69,2,25,45,816,1,3,0,2,0
4,0,2,0,224,71,1,25,74,1088,0,1,0,2,2
5,6,2,1,433,47,3,31,69,939,0,3,0,0,0
4,0,2,1,536,32,3,34,89,562,0,2,0,3,3
2,1,1,0,323,62,3,33,42,497,0,3,1,0,0
3,3,0,0,140,74,0,21,74,1380,0,1,0,2,2
6,7,1,0,199,68,0,35,40,1685,1,0,0,2,2
5,7,1,1,389,47,0,37,47,330,0,3,0,0,0
1,4,0,1,640,25,2,33,57,534,1,0,0,3,3
1,7,1,0,201,68,2,40,93,548,0,3,0,2,2
5,0,2,1,351,59,1,21,48,1481,1,3,0,0,3
3,1,1,0,305,59,3,37,91,977,0,3,0,2,2
5,5,1,0,283,67,1,36,65,1254,0,3,0,2,2
6,1,1,0,261,62,3,40,91,544,0,3,0,2,2
2,5,1,1,622,33,0,27,59,1439,0,3,0,3,3
2,6,2,0,156,71,2,29,76,569,0,3,0,2,2
5,7,1,0,156,78,3,24,57,1603,0,1,0,2,2
5,0,2,0,318,62,2,22,89,739,0,3,0,2,2
4,0,2,1,683,17,1,40,50,824,1,3,0,3,3
6,3,0,1,441,51,2,35,83,1153,0,3,0,3,3
4,7,1,0,303,63,1,24,46,797,0,3,0,2,2
1,1,1,0,75,86,2,21,44,1344,0,3,0,2,2
0,0,2,0,273,64,3,39,79,1731,1,3,0,2,1
3,5,1,0,75,81,3,22,40,1431,0,3,0,1,1
0,6,2,1,528,34,1,24,54,563,0,2,0,3,3
5,7,1,0,168,79,2,29,76,658,0,3,0,2,2
2,1,1,0,122,82,2,37,60,370,1,3,0,2,2
0,4,0,1,653,25,2,25,77,588,0,3,0,3,3
5,6,2,1,630,29,3,38,81,895,0,3,0,3,3
2,5,1,0,236,72,3,22,40,1422,0,3,0,2,2
3,5,1,0,320,53,0,39,45,558,0,3,1,0,0
1,2,0,0,285,63,1,23,86,540,0,3,0,2,0
4,2,0,0,105,85,3,28,73,1779,0,3,0,1,1
2,4,0,0,240,69,2,24,41,330,0,3,0,2,2
6,6,2,0,113,78,0,38,65,1493,0,3,0,1,2
1,6,2,0,221,73,0,25,66,1626,0,3,1,2,0
3,1,1,0,311,55,1,39,50,764,0,3,0,0,2
1,4,0,0,209,71,3,20,93,988,0,3,0,2,1
2,3,0,0,268,61,2,21,79,1194,0,3,1,0,0
2,0,2,0,113,80,1,25,55,1088,0,1,0,2,2
3,7,1,0,169,76,2,27,74,1209,0,3,0,2,2
4,4,0,0,84,83,0,37,76,643,0,3,0,1,1
5,2,0,0,204,67,2,20,91,898,0,3,0,2,2
0,0,2,0,350,60,1,35,67,719,0,3,0,2,2
0,4,0,0,131,75,3,31,40,1302,0,3,1,2,2
5,1,1,0,251,62,2,30,89,1321,0,2,0,0,0
0,2,0,0,287,64,0,21,68,1794,1,0,0,0,0
5,1,1,0,170,73,0,31,75,1449,0,3,0,2,1
5,6,2,0,102,78,3,28,49,1601,0,3,0,1,1
1,2,0,0,338,52,0,38,41,361,0,3,0,2,0
4,3,0,0,146,72,0,34,66,1413,0,3,0,1,2
6,5,1,0,164,74,2,38,76,678,0,3,1,0,2
5,0,2,1,646,22,0,35,71,1129,0,3,0,3,3
2,2,0,0,284,58,1,37,48,1088,0,3,0,2,2
0,4,0,0,266,68,1,26,75,1717,0,3,1,0,0
3,7,1,0,133,79,3,30,94,357,1,3,0,2,1
3,7,1,0,249,65,2,20,65,803,0,3,0,2,2
1,3,0,0,61,87,3,31,59,475,0,2,0,1,1
3,0,2,1,483,44,3,20,66,1139,0,3,0,0,0
3,3,0,0,55,83,2,27,75,1325,0,3,0,1,1
3,2,0,0,290,61,0,25,57,1449,0,3,0,2,2
1,5,1,1,560,38,3,27,41,1077,0,3,0,3,3
3,5,1,0,148,79,2,37,49,1583,0,3,0,2,2
3,1,1,0,233,66,1,35,56,379,0,3,0,2,2
1,6,2,0,122,76,0,23,78,1667,0,3,0,1,1
5,7,1,0,198,66,2,31,77,389,0,3,0,2,2
5,1,1,0,87,79,0,31,81,1134,0,3,0,1,1
6,3,0,0,148,72,3,37,55,396,0,2,1,2,0
3,5,1,0,141,73,3,23,46,1454,1,3,0,2,1
2,1,1,1,685,27,0,22,67,776,0,3,0,3,3
3,2,0,0,327,59,0,33,62,1767,0,3,0,2,2
2,0,2,0,72,80,2,26,89,1327,1,3,0,1,1
6,2,0,1,668,26,2,20,48,546,0,3,0,3,3
5,2,0,1,386,48,2,36,62,547,0,3,0,3,3
6,1,1,0,132,73,2,40,85,1605,1,3,0,2,2
2,7,1,0,88,80,2,32,59,502,0,3,0,2,2
6,3,0,1,612,26,3,34,48,903,0,0,0,3,3
3,6,2,0,85,79,2,38,73,1024,0,3,0,1,1
1,3,0,1,425,49,3,32,89,553,1,3,0,0,0
0,6,2,1,513,43,2,28,86,1707,0,3,0,3,3
3,4,0,0,115,79,2,33,90,732,0,3,0,2,2
3,1,1,0,63,89,1,37,74,1379,0,3,1,2,2
4,1,1,1,663,20,2,30,85,433,0,3,1,3,3
6,2,0,0,73,81,2,31,40,1324,0,3,0,1,1
3,3,0,0,213,66,2,26,43,929,0,3,0,2,2
6,1,1,1,384,53,3,37,54,1041,0,3,0,0,0
4,4,0,0,182,75,2,39,84,730,1,3,0,2,2
3,7,1,0,92,80,0,27,85,1280,0,3,0,1,2
4,4,0,1,444,46,1,32,95,1645,0,1,0,3,3
6,5,1,1,653,20,0,22,62,1685,0,3,0,3,3
5,1,1,0,296,65,0,36,46,827,0,3,0,2,2
1,3,0,0,331,62,0,25,92,1325,0,3,0,2,2
1,3,0,0,286,67,0,32,68,1103,0,3,0,2,2
5,4,0,0,75,81,3,33,66,964,0,3,0,1,1
5,6,2,0,290,59,0,22,76,932,1,3,0,2,2
4,2,0,0,60,89,2,32,45,1488,0,3,0,1,2
2,0,2,0,313,56,0,31,50,1757,0,3,0,2,2
0,2,0,1,438,50,2,31,69,1438,0,3,0,3,0
6,6,2,0,195,74,2,30,73,1349,0,3,0,2,2
6,6,2,0,78,83,0,39,78,1691,0,1,0,1,1
2,1,1,0,155,77,1,30,48,1440,0,3,0,2,2
4,3,0,0,305,62,0,27,72,607,0,3,0,2,2
6,1,1,0,232,64,0,30,51,1300,0,3,0,2,2
6,4,0,1,493,45,3,27,89,1295,0,3,0,0,3
2,1,1,0,333,56,2,37,59,1615,0,3,0,0,2
6,1,1,0,170,70,1,25,46,1385,0,3,0,2,2
1,1,1,1,452,44,3,27,78,1453,0,3,0,0,0
1,7,1,0,237,69,3,24,77,1556,0,3,0,2,2
2,3,0,0,198,72,3,34,84,1064,0,1,1,0,2
4,6,2,0,71,80,0,21,80,1481,0,3,0,1,1
5,6,2,0,180,71,1,24,75,1507,0,3,0,2,2
3,0,2,0,300,60,1,30,71,1133,1,3,0,2,2
6,6,2,0,134,72,1,20,81,1394,0,3,0,1,2
4,0,2,1,425,50,1,33,65,1323,0,1,0,3,3
4,7,1,0,300,60,0,35,82,744,0,3,0,2,0
3,0,2,1,551,36,0,23,60,1157,0,3,0,3,3
1,6,2,1,604,31,3,35,64,831,0,3,0,3,0
6,4,0,0,316,61,2,31,44,862,0,3,0,2,2
6,2,0,0,235,69,1,21,43,1303,0,3,0,2,2
5,4,0,1,383,49,1,21,83,1523,0,3,0,0,0
3,2,0,0,211,71,2,28,81,318,0,3,0,2,2
1,6,2,1,632,22,3,32,65,570,0,0,0,3,3
1,1,1,0,248,68,0,23,72,1070,0,3,0,2,2
5,0,2,1,667,19,2,31,93,1111,0,3,0,3,3
6,1,1,0,212,69,3,38,78,1218,0,3,0,2,2
6,1,1,0,94,86,2,30,91,1593,0,2,0,2,2
1,0,2,1,489,37,0,36,75,1350,0,3,0,0,3
3,5,1,0,122,83,2,25,53,532,0,2,0,2,0
2,3,0,0,269,62,1,25,87,1634,0,3,0,2,2
6,6,2,0,77,80,0,20,90,443,0,3,0,1,1
3,3,0,0,212,72,1,30,87,1465,0,1,0,2,2
0,0,2,0,246,67,0,28,61,1688,0,3,0,2,2
3,2,0,0,82,85,3,40,89,1781,0,3,0,1,1
3,5,1,0,179,71,3,29,50,960,0,3,0,2,2
6,7,1,0,333,60,3,35,67,1494,0,3,1,0,0
5,3,0,1,462,40,1,28,88,1462,0,3,0,3,0
5,4,0,0,143,74,3,35,79,1283,0,3,0,1,2
1,5,1,0,233,67,2,25,41,1702,1,3,0,2,0
3,0,2,0,80,78,2,32,49,680,0,1,0,2,2
6,0,2,0,211,69,2,22,84,1316,0,3,0,2,1
0,0,2,0,159,73,0,32,46,673,0,3,0,1,2
1,2,0,0,308,58,1,37,47,1436,1,1,0,0,0
2,7,1,0,91,77,3,28,71,1315,0,3,0,1,1
6,2,0,0,285,58,0,20,63,712,1,3,0,2,2
3,1,1,1,591,29,3,29,87,599,1,3,0,3,3
3,5,1,1,436,43,1,30,48,1180,0,3,0,3,3
6,1,1,0,182,75,3,40,40,472,0,3,0,2,2
6,3,0,0,272,66,2,31,74,1062,0,3,0,2,2
0,2,0,0,300,63,3,37,51,424,0,1,0,2,0
4,6,2,0,336,53,2,39,57,480,0,3,0,2,2
6,4,0,0,321,57,0,29,59,1704,0,3,0,2,2
6,6,2,0,326,61,0,40,90,766,0,3,0,2,2
4,0,2,0,62,82,1,30,93,812,0,3,0,1,1
4,0,2,0,313,62,1,31,89,1030,0,3,0,2,2
0,3,0,0,254,70,3,40,82,1335,0,3,0,2,1
5,1,1,0,330,60,0,26,88,628,0,3,0,2,2
6,1,1,1,400,50,1,37,57,414,1,3,1,3,3
0,5,1,0,336,60,0,25,94,1768,0,3,0,2,2
3,7,1,1,457,50,0,30,55,1489,0,3,0,3,3
4,1,1,0,98,85,3,22,49,1112,0,3,0,1,2
0,7,1,1,434,43,1,27,58,1675,0,3,0,3,3
0,4,0,1,646,23,1,29,45,1024,0,3,1,3,3
2,2,0,0,270,68,2,40,48,1372,0,3,1,0,0
6,4,0,1,683,20,3,34,72,830,0,3,0,3,3
2,6,2,0,222,72,0,28,89,514,0,3,0,2,1
2,3,0,0,169,74,0,23,92,1521,0,3,0,2,1
1,5,1,0,323,62,0,22,81,1055,0,3,0,2,2
4,5,1,1,675,19,3,33,72,685,0,3,0,3,3
4,7,1,0,250,60,1,37,46,578,0,3,1,0,0
1,5,1,0,106,80,2,28,92,782,0,3,0,2,2
6,7,1,0,76,79,1,38,54,436,0,3,0,2,1
3,6,2,0,236,72,2,37,89,1590,0,3,0,2,2
3,7,1,0,200,70,1,23,89,1014,1,3,1,0,0
4,2,0,0,78,84,0,24,68,1069,0,3,0,1,2
0,4,0,0,170,69,2,27,40,1635,0,0,0,2,2
1,5,1,0,110,84,0,27,50,519,0,3,0,2,1
2,6,2,1,442,42,2,32,94,1099,0,3,0,3,0
2,7,1,1,430,50,3,33,56,1721,0,3,1,3,3
0,3,0,0,73,84,2,39,50,646,0,3,0,1,1
3,3,0,0,106,79,2,36,90,1347,1,3,1,0,0
4,6,2,1,469,41,1,26,59,1492,0,3,0,3,3
2,6,2,0,157,74,0,37,60,1330,0,3,0,1,1
4,0,2,1,504,40,2,24,87,1424,0,3,0,3,3
6,2,0,0,343,54,2,21,50,1431,0,3,0,0,0
3,5,1,1,666,29,1,28,74,1353,0,3,1,3,3
0,4,0,0,170,75,0,34,59,1436,0,3,0,2,1
6,1,1,0,153,75,2,38,69,892,0,3,0,2,2
1,3,0,0,254,60,2,27,71,1383,0,3,0,2,2
5,5,1,0,288,63,2,24,64,545,1,3,0,0,0
4,7,1,0,143,80,1,29,59,776,0,3,0,2,2
3,6,2,0,223,65,1,40,69,620,0,3,0,2,1
1,5,1,0,226,71,3,28,52,1176,0,3,0,2,2
1,2,0,1,539,36,2,35,66,1004,0,3,0,3,3
6,6,2,1,475,46,2,32,92,863,0,3,0,3,3
3,5,1,0,277,61,2,27,77,1693,1,3,0,0,0
3,3,0,0,309,57,2,22,75,1483,0,3,0,2,0
4,3,0,1,663,27,3,29,79,1455,0,3,0,3,3
6,0,2,0,329,57,0,27,82,1377,0,0,0,2,2
2,2,0,0,75,87,0,40,59,406,0,3,0,1,1
3,1,1,0,239,70,0,24,77,1513,0,0,0,2,2
1,2,0,0,224,63,0,26,44,746,0,3,0,2,2
3,7,1,0,318,61,2,27,48,451,0,3,0,0,0
