Date,Time,Road_Name,Vehicle_Count,Average_Speed,Weather,Temperature,Humidity,Visibility,Holiday,Event,Accident_Nearby,Traffic_Level
2026-02-22,21:15,College Road,165,60,Foggy,21,68,1535,No,None,No,Low
2026-07-14,21:30,Airport Road,245,61,Sunny,39,83,1338,Yes,None,No,Medium
2026-01-27,13:45,MG Road,308,51,Foggy,20,43,676,No,Festival,No,Medium
2026-02-11,23:15,Airport Road,199,63,Sunny,37,45,1441,Yes,None,No,Medium
2026-05-21,13:15,Ring Road,314,49,Foggy,39,55,1203,No,None,Yes,Medium
2026-11-14,12:00,Station Road,265,51,Rainy,24,49,1733,Yes,None,No,Medium
2026-04-11,23:30,MG Road,269,56,Foggy,36,74,1308,No,None,No,Medium
2026-12-30,20:30,City Center,130,66,Sunny,25,89,911,No,None,No,Low
2026-01-11,07:00,Ring Road,121,63,Sunny,23,89,1679,No,None,No,Low
2026-02-17,01:00,Bus Stand Road,162,60,Sunny,33,78,1406,Yes,None,No,Low
2026-09-23,09:00,City Center,564,27,Rainy,39,81,1127,Yes,None,No,Very High
2026-07-26,02:30,Ring Road,67,72,Rainy,23,85,1596,No,Concert,No,Low
2026-08-14,18:00,Airport Road,553,22,Sunny,31,91,372,Yes,Festival,No,Very High
2026-01-25,13:30,City Center,259,51,Sunny,22,81,708,Yes,None,No,Medium
2026-04-15,01:30,Ring Road,254,55,Sunny,40,67,1451,No,None,No,Medium
2026-06-09,00:45,Bus Stand Road,191,65,Sunny,28,57,507,Yes,Festival,No,Medium
2026-05-04,06:15,Station Road,228,61,Foggy,29,63,1121,No,None,Yes,Medium
2026-12-27,14:45,College Road,104,71,Rainy,25,48,751,Yes,Sports Match,No,Low
2026-05-15,15:30,City Center,285,51,Foggy,20,46,1216,Yes,None,No,Medium
2026-04-14,08:00,MG Road,604,15,Foggy,35,61,1475,Yes,None,No,Very High
2026-02-15,21:45,Ring Road,145,63,Rainy,31,93,1484,No,None,No,Low
2026-01-09,15:30,Station Road,298,47,Foggy,40,41,1177,Yes,Festival,No,Medium
2026-06-17,08:45,MG Road,646,20,Rainy,31,47,1358,No,Concert,No,Very High
2026-05-30,13:15,Bus Stand Road,344,47,Cloudy,24,78,1268,No,None,No,Medium
2026-04-12,09:15,MG Road,579,18,Foggy,40,48,995,Yes,None,No,Very High
2026-02-22,15:30,Market Road,71,74,Cloudy,39,76,734,Yes,None,No,Low
2026-02-08,07:30,Bus Stand Road,303,46,Foggy,28,75,905,No,None,No,Medium
2026-01-03,14:30,College Road,107,70,Foggy,33,95,1477,No,None,No,Low
2026-07-30,12:00,City Center,205,64,Foggy,36,62,854,Yes,Sports Match,Yes,Medium
2026-02-16,00:45,Station Road,193,63,Foggy,20,41,933,No,None,Yes,Medium
2026-01-09,13:00,Ring Road,263,56,Foggy,32,80,659,No,None,No,Medium
2026-10-12,11:45,City Center,265,49,Rainy,24,51,376,Yes,None,No,Medium
2026-11-10,14:00,College Road,298,46,Foggy,35,82,890,No,None,No,Medium
2026-02-18,01:30,Bus Stand Road,116,66,Rainy,24,40,944,Yes,None,No,Low
2026-04-11,11:30,Bus Stand Road,167,66,Sunny,26,70,682,No,None,No,Low
2026-05-17,05:00,Bus Stand Road,90,76,Cloudy,22,71,1198,Yes,None,No,Low
2026-08-19,02:45,Airport Road,57,77,Rainy,27,82,1140,No,Concert,No,Low
2026-05-29,11:30,College Road,116,73,Foggy,39,77,1093,No,None,No,Low
2026-03-27,06:45,City Center,69,75,Cloudy,31,50,1074,No,None,No,Low
2026-08-30,04:15,Station Road,129,69,Rainy,27,74,1099,Yes,None,No,Low
2026-08-20,10:00,MG Road,271,50,Foggy,33,61,1256,No,None,No,Medium
2026-09-22,22:30,Bus Stand Road,324,44,Foggy,40,65,752,No,None,No,Medium
2026-07-02,08:30,MG Road,410,41,Cloudy,32,67,1142,Yes,None,No,High
2026-06-02,09:45,Market Road,461,32,Sunny,38,65,1726,Yes,None,No,High
2026-06-02,02:00,Station Road,338,43,Cloudy,36,47,1312,No,None,No,Medium
2026-09-16,15:00,College Road,150,68,Cloudy,21,84,503,No,Concert,No,Low
2026-03-23,11:15,College Road,230,62,Cloudy,36,73,1696,Yes,None,No,Medium
2026-03-06,13:30,Ring Road,324,45,Sunny,24,47,672,No,None,No,Medium
2026-03-27,15:45,Ring Road,119,64,Rainy,35,74,635,Yes,None,No,Low
2026-09-25,10:00,Station Road,348,41,Sunny,26,92,1183,Yes,None,No,Medium
2026-09-28,08:45,Station Road,599,24,Sunny,20,41,570,No,None,No,Very High
2026-05-31,18:45,City Center,617,18,Rainy,28,65,1664,Yes,None,No,Very High
2026-07-16,21:00,MG Road,332,51,Foggy,36,88,777,No,None,No,Medium
2026-01-21,11:15,Market Road,232,60,Rainy,33,65,1047,Yes,None,No,Medium
2026-05-29,05:15,College Road,303,46,Foggy,21,59,1659,Yes,None,No,Medium
2026-04-25,18:45,Station Road,543,30,Sunny,35,84,729,Yes,None,No,Very High
2026-08-13,23:15,Airport Road,300,53,Sunny,29,86,872,No,None,No,Medium
2026-03-17,23:45,Airport Road,102,73,Cloudy,30,95,1320,Yes,None,No,Low
2026-02-19,17:45,Bus Stand Road,531,28,Rainy,24,70,1387,No,None,No,Very High
2026-05-13,19:30,City Center,597,23,Sunny,20,77,1318,No,None,No,Very High
2026-12-05,00:45,Airport Road,332,47,Cloudy,39,86,569,No,None,Yes,Medium
2026-04-08,10:00,Market Road,154,67,Cloudy,24,40,1701,No,None,No,Low
2026-04-04,21:15,Bus Stand Road,217,59,Foggy,39,67,347,Yes,None,No,Medium
2026-09-23,15:45,City Center,188,57,Foggy,33,89,828,No,None,No,Medium
2026-03-30,16:45,College Road,145,64,Cloudy,36,59,1171,Yes,None,No,Low
2026-11-10,01:30,Airport Road,188,65,Foggy,32,48,571,No,None,No,Medium
2026-04-02,22:30,Airport Road,196,64,Rainy,32,82,1110,Yes,Sports Match,No,Medium
2026-04-06,00:30,City Center,166,66,Sunny,21,47,438,Yes,None,No,Low
2026-07-13,08:00,Bus Stand Road,459,38,Rainy,30,94,1086,No,None,No,High
2026-01-16,20:15,Bus Stand Road,69,70,Foggy,31,43,1489,No,None,No,Low
2026-07-10,03:00,Station Road,111,68,Sunny,21,59,1749,No,Concert,No,Low
2026-12-22,08:30,College Road,486,36,Sunny,40,73,308,Yes,None,Yes,High
2026-11-21,10:45,City Center,180,57,Cloudy,30,54,720,Yes,None,No,Low
2026-09-19,06:30,MG Road,192,63,Cloudy,27,69,861,No,None,Yes,Medium
2026-10-10,10:30,Ring Road,255,52,Sunny,35,66,1063,No,None,No,Medium
2026-05-28,04:15,Market Road,340,51,Cloudy,22,68,1788,Yes,None,No,Medium
2026-10-26,11:00,College Road,67,78,Sunny,29,41,1335,No,None,Yes,Low
2026-01-18,04:15,City Center,85,70,Cloudy,30,55,505,No,None,No,Low
2026-05-29,04:45,College Road,213,56,Cloudy,30,72,1113,No,Festival,No,Medium
2026-10-15,16:00,City Center,146,71,Foggy,20,46,1299,No,None,No,Low
2026-06-25,00:30,Airport Road,210,57,Rainy,32,69,1480,No,None,No,Medium
2026-09-18,00:00,Bus Stand Road,70,78,Cloudy,36,71,1021,No,Festival,No,Low
2026-09-28,17:15,College Road,596,19,Cloudy,28,65,989,Yes,Festival,Yes,Very High
2026-01-23,12:15,City Center,246,60,Rainy,30,90,381,No,None,No,Medium
2026-11-12,19:00,City Center,533,23,Cloudy,37,52,1190,No,None,No,Very High
2026-11-22,18:45,Market Road,522,26,Foggy,27,71,355,Yes,None,No,Very High
2026-04-03,15:30,Ring Road,182,60,Rainy,31,42,1155,No,None,No,Medium
2026-10-27,13:15,College Road,290,53,Foggy,39,48,1144,No,None,No,Medium
2026-09-09,20:30,City Center,59,76,Rainy,30,93,1396,No,Festival,No,Low
2026-04-21,11:15,Airport Road,75,69,Cloudy,27,44,1703,No,None,No,Low
2026-11-14,19:15,MG Road,562,27,Cloudy,26,73,1480,No,None,No,Very High
2026-01-12,16:00,Ring Road,185,67,Cloudy,28,81,1164,No,Concert,No,Medium
2026-01-21,17:30,Bus Stand Road,516,29,Foggy,29,53,766,Yes,None,No,Very High
2026-05-26,20:45,Market Road,130,72,Foggy,32,43,1569,Yes,None,No,Low
2026-03-05,10:45,MG Road,52,80,Foggy,36,59,1679,Yes,None,Yes,Low
2026-07-01,00:15,City Center,213,56,Sunny,30,50,862,Yes,None,Yes,Medium
2026-09-09,12:45,Market Road,340,48,Foggy,29,42,1581,Yes,None,No,Medium
2026-06-17,20:15,Bus Stand Road,108,71,Foggy,39,51,1624,No,None,No,Low
2026-01-25,19:45,College Road,538,29,Cloudy,23,87,710,No,None,No,Very High
2026-01-21,05:00,Market Road,183,60,Cloudy,32,69,795,Yes,None,No,Medium
2026-08-10,19:45,College Road,470,38,Foggy,23,55,1612,Yes,None,No,High
2026-01-11,04:00,College Road,121,67,Rainy,31,48,548,Yes,None,No,Low
2026-12-13,16:45,Ring Road,86,76,Foggy,35,93,1175,No,None,No,Low
2026-09-30,16:30,College Road,65,74,Cloudy,28,57,1652,No,None,No,Low
2026-01-08,14:30,Airport Road,305,47,Rainy,31,82,473,Yes,None,Yes,Medium
2026-01-05,04:30,College Road,151,67,Foggy,30,80,1016,No,None,No,Low
2026-02-08,15:45,Bus Stand Road,173,61,Cloudy,33,90,1641,Yes,None,No,Low
2026-11-04,20:45,Bus Stand Road,184,62,Sunny,24,74,577,No,None,No,Medium
2026-09-10,08:15,MG Road,379,41,Rainy,27,58,399,Yes,None,No,High
2026-11-07,06:30,College Road,208,57,Sunny,38,74,527,Yes,None,No,Medium
2026-05-15,10:00,College Road,229,56,Foggy,38,49,1411,No,None,No,Medium
2026-11-27,09:15,City Center,479,37,Sunny,38,74,568,No,None,No,High
2026-04-29,23:30,Station Road,129,70,Sunny,22,82,1088,No,None,No,Low
2026-01-28,03:45,City Center,153,60,Sunny,24,83,668,No,None,No,Low
2026-06-22,23:15,Airport Road,63,77,Rainy,21,73,1542,Yes,None,No,Low
2026-06-12,17:45,Market Road,500,34,Cloudy,28,88,1725,No,None,No,High
2026-11-02,16:45,Market Road,284,50,Rainy,29,94,791,Yes,None,No,Medium
2026-06-01,21:45,Ring Road,62,77,Sunny,32,48,971,Yes,Festival,No,Low
2026-05-08,08:30,MG Road,396,39,Cloudy,25,80,1514,Yes,None,No,High
2026-06-03,11:45,City Center,149,65,Sunny,39,88,861,No,None,No,Low
2026-06-05,03:00,Market Road,82,68,Foggy,21,65,626,Yes,None,No,Low
2026-01-19,01:00,Market Road,274,53,Cloudy,29,95,1748,Yes,None,No,Medium
2026-10-10,02:45,MG Road,293,47,Sunny,32,73,1066,Yes,None,No,Medium
2026-12-02,14:45,Market Road,256,57,Cloudy,27,86,937,No,None,No,Medium
2026-08-05,19:15,College Road,354,49,Cloudy,26,48,303,No,None,No,High
2026-09-06,19:30,Airport Road,526,30,Foggy,21,52,443,Yes,None,No,Very High
2026-05-18,14:00,Airport Road,272,53,Cloudy,38,72,1333,No,None,No,Medium
2026-04-22,02:15,MG Road,186,61,Rainy,22,54,1069,No,None,No,Medium
2026-09-13,00:30,Market Road,204,61,Sunny,32,95,1641,Yes,None,No,Medium
2026-02-01,09:00,Market Road,549,21,Sunny,23,80,303,Yes,None,No,Very High
2026-07-13,07:15,Ring Road,245,52,Foggy,31,71,374,Yes,None,No,Medium
2026-07-29,05:15,Airport Road,115,71,Rainy,31,44,1258,No,Concert,No,Low
2026-05-31,13:15,Airport Road,314,52,Rainy,28,75,493,Yes,None,No,Medium
2026-11-15,22:30,Ring Road,133,72,Cloudy,39,79,1347,Yes,None,No,Low
2026-02-10,10:15,College Road,165,60,Cloudy,37,80,823,Yes,None,No,Low
2026-08-22,00:30,Market Road,95,70,Sunny,34,74,657,Yes,Festival,No,Low
2026-11-03,01:30,College Road,223,53,Sunny,39,56,1763,No,None,No,Medium
2026-05-27,03:45,College Road,174,61,Rainy,27,58,1043,Yes,Sports Match,No,Low
2026-09-03,05:15,Bus Stand Road,112,68,Cloudy,33,84,623,No,None,No,Low
2026-08-30,00:30,Market Road,184,57,Cloudy,29,69,1384,No,None,No,Medium
2026-02-07,18:30,Airport Road,432,39,Sunny,33,81,824,No,None,No,High
2026-10-13,16:15,MG Road,169,65,Rainy,29,65,574,Yes,None,No,Low
2026-03-24,10:15,MG Road,242,61,Rainy,30,70,1276,Yes,None,No,Medium
2026-02-06,12:30,Bus Stand Road,214,56,Rainy,28,86,1603,No,None,No,Medium
2026-04-20,19:00,Ring Road,579,22,Cloudy,22,89,1040,No,None,No,Very High
2026-10-28,05:15,Bus Stand Road,55,75,Foggy,28,70,1711,No,None,No,Low
2026-10-11,18:30,Bus Stand Road,622,18,Cloudy,38,64,935,Yes,None,No,Very High
2026-07-07,21:00,Market Road,112,65,Foggy,39,73,1495,No,None,No,Low
2026-07-12,06:30,Ring Road,296,46,Foggy,31,44,1309,Yes,None,No,Medium
2026-07-23,01:45,MG Road,252,51,Foggy,33,77,910,No,None,No,Medium
2026-06-29,07:15,MG Road,195,60,Sunny,36,40,687,Yes,None,No,Medium
2026-11-10,02:45,Ring Road,320,45,Sunny,33,41,1526,Yes,None,No,Medium
2026-02-01,22:00,Bus Stand Road,270,50,Foggy,34,68,1643,No,Concert,No,Medium
2026-09-02,00:15,Bus Stand Road,95,71,Foggy,33,50,726,No,Sports Match,No,Low
2026-09-01,14:00,MG Road,287,49,Sunny,27,88,320,No,None,No,Medium
2026-04-24,18:00,Ring Road,557,22,Sunny,36,57,1620,Yes,None,No,Very High
2026-02-04,13:15,City Center,127,67,Cloudy,27,51,360,Yes,None,Yes,Low
2026-06-03,18:45,Airport Road,394,45,Cloudy,27,43,735,No,None,No,High
2026-11-25,08:00,Airport Road,556,22,Rainy,36,50,1175,No,None,No,Very High
2026-07-07,10:45,Bus Stand Road,322,52,Sunny,32,67,1340,Yes,None,No,Medium
2026-08-07,09:15,Ring Road,497,32,Cloudy,34,80,901,Yes,None,No,High
2026-03-05,23:00,Ring Road,306,48,Rainy,35,68,1319,No,None,No,Medium
2026-10-18,10:15,MG Road,267,49,Sunny,38,94,318,No,None,No,Medium
2026-11-07,06:30,Market Road,168,68,Sunny,38,91,900,Yes,None,No,Low
2026-01-22,21:30,Bus Stand Road,252,53,Cloudy,34,41,442,Yes,None,No,Medium
2026-07-12,16:15,Bus Stand Road,241,55,Cloudy,31,42,643,No,None,No,Medium
2026-11-12,03:45,Station Road,152,70,Foggy,32,92,993,Yes,None,No,Low
2026-11-15,23:15,City Center,291,52,Cloudy,22,73,337,Yes,None,No,Medium
2026-07-24,20:00,Bus Stand Road,124,64,Rainy,32,68,1088,Yes,None,No,Low
2026-08-20,12:15,Ring Road,167,62,Rainy,36,61,533,No,None,No,Low
2026-07-25,07:45,Airport Road,165,63,Rainy,32,73,1271,No,None,No,Low
2026-05-08,19:30,Bus Stand Road,581,21,Foggy,27,71,1276,Yes,None,No,Very High
2026-06-11,08:45,College Road,600,18,Sunny,39,51,952,Yes,None,No,Very High
2026-10-24,00:00,Ring Road,290,52,Sunny,37,56,650,Yes,None,No,Medium
2026-01-06,04:45,Ring Road,171,62,Rainy,31,73,861,Yes,None,Yes,Low
2026-12-20,09:45,Market Road,553,21,Rainy,35,69,1068,No,None,No,Very High
2026-12-05,17:45,Station Road,638,18,Foggy,37,85,640,Yes,Concert,No,Very High
2026-11-06,05:15,Station Road,238,60,Cloudy,39,73,1499,No,None,No,Medium
2026-05-08,21:45,MG Road,86,76,Foggy,37,60,1266,No,Festival,No,Low
2026-11-18,02:45,Bus Stand Road,252,50,Cloudy,20,57,1203,No,None,No,Medium
2026-10-20,08:30,City Center,383,38,Rainy,31,77,1022,No,Concert,No,High
2026-02-21,10:45,Airport Road,338,49,Sunny,38,58,887,No,None,No,Medium
2026-05-08,03:30,MG Road,56,77,Foggy,22,84,1733,Yes,None,No,Low
2026-04-13,16:30,MG Road,345,45,Foggy,27,54,1438,Yes,Festival,No,Medium
2026-06-29,04:45,Market Road,238,55,Foggy,35,81,1694,Yes,None,No,Medium
2026-12-20,12:00,Market Road,89,67,Sunny,37,94,306,No,None,No,Low
2026-01-05,21:45,MG Road,128,67,Cloudy,20,78,1297,No,Festival,No,Low
2026-12-05,17:30,City Center,573,28,Rainy,23,43,1391,No,Concert,No,Very High
2026-06-15,18:15,College Road,413,41,Rainy,37,57,316,No,None,No,High
2026-03-18,13:30,MG Road,251,58,Foggy,36,75,342,No,None,No,Medium
2026-06-30,20:30,MG Road,232,53,Sunny,25,62,845,Yes,None,No,Medium
2026-02-26,01:45,Airport Road,294,50,Cloudy,32,61,676,No,None,Yes,Medium
2026-05-28,05:30,Ring Road,312,49,Cloudy,29,47,620,No,None,Yes,Medium
2026-04-02,22:15,Station Road,287,50,Rainy,26,88,1022,No,None,No,Medium
2026-12-19,08:30,College Road,504,29,Sunny,27,59,818,Yes,None,No,Very High
2026-01-19,05:00,City Center,114,69,Foggy,35,94,1598,No,None,Yes,Low
2026-09-20,22:00,Bus Stand Road,294,51,Sunny,26,87,640,Yes,None,No,Medium
2026-02-23,06:15,City Center,65,71,Sunny,30,59,1083,Yes,None,No,Low
2026-07-23,13:00,Bus Stand Road,263,52,Cloudy,27,70,575,No,None,No,Medium
2026-12-19,17:30,City Center,350,48,Cloudy,28,48,911,Yes,Sports Match,No,Medium
2026-06-04,14:15,Bus Stand Road,236,55,Sunny,30,56,1671,Yes,Concert,No,Medium
2026-09-18,18:15,Market Road,608,15,Foggy,36,70,1067,Yes,Sports Match,No,Very High
2026-08-12,12:45,City Center,120,64,Cloudy,23,47,1688,No,None,No,Low
2026-04-26,18:15,MG Road,564,28,Sunny,23,54,1048,No,None,No,Very High
2026-09-22,17:45,Station Road,502,35,Foggy,20,90,393,No,Festival,No,Very High
2026-06-17,19:00,City Center,501,33,Cloudy,21,62,349,Yes,None,No,Very High
2026-12-24,12:30,City Center,119,74,Foggy,40,95,1656,No,None,No,Low
2026-10-27,00:30,Market Road,89,70,Sunny,27,40,1702,Yes,None,No,Low
2026-07-29,03:30,MG Road,189,67,Sunny,35,87,1051,Yes,Sports Match,No,Medium
2026-04-06,06:30,MG Road,304,53,Cloudy,22,60,988,No,None,No,Medium
2026-06-09,11:45,Bus Stand Road,240,59,Sunny,26,88,369,Yes,None,Yes,Medium
2026-09-19,09:30,Market Road,443,36,Cloudy,32,85,562,Yes,None,No,High
2026-11-11,20:30,MG Road,132,72,Sunny,27,93,504,Yes,Sports Match,No,Low
2026-02-08,09:30,City Center,529,31,Cloudy,21,89,1276,No,Sports Match,No,Very High
2026-11-28,02:45,College Road,322,48,Cloudy,30,51,986,No,Festival,Yes,Medium
2026-05-16,21:45,MG Road,301,55,Cloudy,34,82,679,No,None,No,Medium
2026-03-05,09:00,College Road,379,40,Cloudy,34,47,1671,No,None,No,High
2026-10-06,23:00,College Road,280,49,Sunny,35,76,1296,Yes,None,No,Medium
2026-08-09,00:45,Bus Stand Road,121,69,Rainy,27,64,1326,No,None,No,Low
2026-05-13,12:00,Bus Stand Road,282,57,Sunny,35,85,1027,No,None,No,Medium
2026-04-22,10:45,Airport Road,308,52,Foggy,32,61,663,Yes,None,Yes,Medium
2026-05-07,21:45,Airport Road,223,55,Foggy,39,64,1635,Yes,None,No,Medium
2026-10-20,05:00,Airport Road,97,73,Foggy,38,68,1645,No,None,No,Low
2026-07-09,04:30,Airport Road,311,46,Cloudy,38,52,1428,No,Festival,No,Medium
2026-11-24,15:30,College Road,278,48,Sunny,32,43,488,No,None,No,Medium
2026-08-18,15:15,Ring Road,84,76,Foggy,33,53,699,No,None,No,Low
2026-01-18,20:45,College Road,123,72,Foggy,34,63,731,Yes,None,No,Low
2026-06-13,10:00,Market Road,97,75,Sunny,38,88,685,Yes,None,No,Low
2026-03-12,04:30,City Center,280,48,Sunny,37,78,743,No,None,No,Medium
2026-09-10,01:15,Bus Stand Road,273,58,Cloudy,34,87,354,No,None,No,Medium
2026-11-02,21:45,Airport Road,250,54,Foggy,24,91,536,Yes,None,No,Medium
2026-12-20,03:00,MG Road,276,50,Sunny,27,57,1392,Yes,Sports Match,No,Medium
2026-10-18,11:45,Airport Road,296,53,Rainy,22,46,1281,Yes,None,No,Medium
2026-06-13,18:45,College Road,621,22,Foggy,23,66,1489,No,None,No,Very High
2026-02-16,13:00,Airport Road,327,48,Sunny,20,46,452,No,None,No,Medium
2026-12-21,04:00,MG Road,109,73,Sunny,20,94,1318,Yes,Concert,No,Low
2026-02-26,10:45,City Center,100,68,Cloudy,34,50,526,Yes,None,No,Low
2026-04-08,04:00,Station Road,341,43,Sunny,40,50,1553,Yes,None,Yes,Medium
2026-05-24,09:30,MG Road,562,25,Sunny,35,66,1292,Yes,Concert,No,Very High
2026-09-16,08:30,Market Road,404,38,Rainy,30,84,1316,No,None,No,High
2026-04-26,01:15,Market Road,310,54,Rainy,22,60,727,Yes,None,No,Medium
2026-02-13,01:45,MG Road,73,74,Cloudy,32,41,1428,No,None,No,Low
2026-09-15,16:15,City Center,180,67,Cloudy,29,78,1729,No,None,No,Low
2026-09-06,09:00,Market Road,477,28,Sunny,31,40,526,Yes,None,No,High
2026-12-10,21:30,Market Road,332,46,Rainy,32,43,473,No,None,No,Medium
2026-04-18,21:15,Bus Stand Road,181,67,Rainy,24,67,381,Yes,None,No,Medium
2026-09-28,12:15,MG Road,196,57,Sunny,22,95,363,No,None,No,Medium
2026-06-17,23:15,MG Road,100,70,Cloudy,23,95,1202,Yes,None,No,Low
2026-03-09,15:45,MG Road,342,44,Rainy,33,53,1449,No,None,No,Medium
2026-04-20,16:15,College Road,232,59,Sunny,26,49,383,No,None,No,Medium
2026-12-14,00:30,MG Road,328,50,Sunny,40,45,1336,Yes,None,No,Medium
2026-07-17,12:45,Market Road,177,64,Foggy,20,92,613,Yes,None,No,Low
2026-08-01,04:00,Bus Stand Road,319,45,Sunny,32,51,1724,No,None,No,Medium
2026-04-04,17:30,City Center,357,49,Rainy,26,77,1127,Yes,None,No,High
2026-05-26,21:45,Station Road,350,40,Foggy,22,62,681,No,Sports Match,No,Medium
2026-03-07,06:00,City Center,86,73,Rainy,38,87,316,No,None,No,Low
2026-08-27,08:15,MG Road,515,28,Sunny,30,89,1724,No,None,No,Very High
2026-04-11,12:30,MG Road,238,62,Rainy,26,88,721,Yes,Festival,No,Medium
2026-03-17,02:15,Bus Stand Road,349,49,Cloudy,26,82,1596,No,None,No,Medium
2026-02-21,19:00,Station Road,623,18,Rainy,39,84,529,Yes,None,No,Very High
2026-10-08,14:00,Station Road,341,45,Rainy,25,63,734,Yes,None,No,Medium
2026-10-01,07:15,City Center,190,65,Cloudy,24,43,1387,Yes,None,No,Medium
2026-05-05,01:30,City Center,154,68,Foggy,22,84,1516,Yes,None,No,Low
2026-01-15,15:00,Station Road,333,50,Foggy,28,48,1226,Yes,None,No,Medium
2026-09-27,11:45,Bus Stand Road,343,50,Foggy,29,61,1126,Yes,None,No,Medium
2026-03-01,13:00,MG Road,59,74,Sunny,25,52,850,No,Festival,No,Low
2026-02-02,13:00,Bus Stand Road,177,59,Cloudy,29,68,1466,Yes,None,No,Low
2026-05-20,05:15,MG Road,298,54,Cloudy,30,75,1142,No,None,No,Medium
2026-10-12,06:15,Bus Stand Road,328,46,Rainy,33,47,790,Yes,None,No,Medium
2026-12-10,05:30,City Center,253,50,Sunny,37,66,608,Yes,Festival,No,Medium
2026-07-27,12:45,Bus Stand Road,76,73,Foggy,36,79,316,No,Festival,No,Low
2026-11-28,05:15,MG Road,245,53,Cloudy,21,42,949,No,None,No,Medium
2026-11-29,22:45,City Center,160,63,Foggy,23,54,1330,Yes,None,No,Low
2026-07-14,21:15,Ring Road,277,52,Cloudy,25,84,1680,No,None,No,Medium
2026-08-11,04:30,Market Road,143,68,Sunny,23,57,1075,No,None,No,Low
2026-01-30,03:15,Bus Stand Road,287,50,Rainy,32,92,1792,Yes,None,No,Medium
2026-07-30,01:45,City Center,212,61,Sunny,36,64,787,No,None,No,Medium
2026-03-11,21:00,College Road,86,75,Rainy,38,94,470,No,None,No,Low
2026-04-18,05:00,MG Road,228,62,Foggy,32,76,1371,No,None,No,Medium
2026-09-28,00:00,Ring Road,91,73,Foggy,33,93,1449,No,None,No,Low
2026-10-22,23:45,College Road,252,59,Foggy,36,44,1248,Yes,None,No,Medium
2026-07-13,16:45,City Center,304,52,Cloudy,40,69,859,No,None,No,Medium
2026-08-11,21:00,Market Road,249,56,Cloudy,37,76,1309,No,None,No,Medium
2026-05-07,05:30,Ring Road,254,50,Rainy,21,67,1754,No,None,No,Medium
2026-11-04,16:15,City Center,325,46,Sunny,33,41,852,No,None,No,Medium
2026-08-25,10:30,College Road,120,67,Rainy,34,89,790,No,None,No,Low
2026-03-16,09:00,Bus Stand Road,602,16,Sunny,21,46,363,No,None,No,Very High
2026-05-31,11:30,Ring Road,156,66,Foggy,34,53,1520,No,Concert,No,Low
2026-03-19,11:45,College Road,295,46,Sunny,35,62,1081,Yes,None,No,Medium
2026-12-19,20:45,City Center,187,59,Foggy,25,84,1787,Yes,Sports Match,No,Medium
2026-06-20,19:00,Bus Stand Road,526,31,Rainy,23,45,847,Yes,None,No,Very High
2026-01-14,06:00,College Road,81,67,Sunny,27,54,525,Yes,Sports Match,No,Low
2026-06-17,02:30,City Center,76,76,Rainy,35,67,349,Yes,None,No,Low
2026-11-10,10:15,Market Road,76,76,Foggy,38,63,908,Yes,None,No,Low
2026-06-28,15:30,Airport Road,120,65,Cloudy,34,56,1341,No,None,Yes,Low
2026-07-06,23:45,Ring Road,260,56,Sunny,33,92,1322,No,None,No,Medium
2026-05-21,09:30,City Center,438,35,Sunny,23,47,1079,No,None,Yes,High
2026-07-23,22:15,MG Road,292,54,Rainy,36,54,1252,Yes,None,No,Medium
2026-08-26,01:00,City Center,228,60,Sunny,27,71,833,Yes,None,No,Medium
2026-08-12,10:15,City Center,112,71,Sunny,36,50,1438,Yes,None,No,Low
2026-12-02,06:15,Market Road,270,57,Sunny,27,51,393,Yes,None,No,Medium
2026-01-05,10:30,MG Road,234,59,Cloudy,35,89,469,Yes,None,Yes,Medium
2026-05-20,18:45,Market Road,585,27,Cloudy,40,95,455,No,None,No,Very High
2026-02-24,00:00,Ring Road,189,61,Cloudy,39,59,1308,No,None,No,Medium
2026-05-27,08:15,MG Road,533,28,Sunny,36,88,1583,Yes,None,No,Very High
2026-10-09,21:00,Market Road,313,46,Sunny,26,49,1568,No,None,No,Medium
2026-06-03,07:30,City Center,101,74,Foggy,27,67,1135,Yes,None,No,Low
2026-09-10,12:45,Market Road,266,49,Rainy,35,55,1739,No,Concert,No,Medium
2026-01-09,08:15,Airport Road,641,11,Sunny,26,43,1616,No,None,No,Very High
2026-06-16,08:15,Airport Road,566,25,Cloudy,24,44,1293,Yes,None,No,Very High
2026-01-03,02:00,City Center,323,44,Foggy,24,82,643,No,None,Yes,Medium
2026-08-25,21:30,MG Road,349,47,Rainy,25,87,1626,Yes,None,Yes,Medium
2026-09-09,05:00,Bus Stand Road,166,64,Cloudy,31,82,321,No,None,Yes,Low
2026-08-10,01:15,College Road,109,73,Rainy,25,48,1437,No,None,No,Low
2026-01-31,05:15,Market Road,83,76,Rainy,35,89,556,No,None,No,Low
2026-02-06,12:30,Bus Stand Road,93,70,Sunny,38,84,551,Yes,None,No,Low
2026-06-28,01:45,City Center,74,71,Rainy,37,47,923,Yes,None,No,Low
2026-08-19,02:15,MG Road,205,63,Sunny,36,78,1540,No,None,No,Medium
2026-09-27,16:00,College Road,213,63,Foggy,20,64,1693,Yes,Festival,No,Medium
2026-06-08,09:45,College Road,379,41,Sunny,28,47,832,No,None,No,High
2026-08-16,14:15,Bus Stand Road,107,67,Sunny,25,40,1057,No,None,No,Low
2026-12-08,07:45,City Center,302,46,Sunny,40,86,655,No,Festival,No,Medium
2026-10-23,02:30,Market Road,109,68,Cloudy,27,75,778,Yes,Sports Match,No,Low
2026-11-04,12:30,College Road,274,48,Foggy,23,53,490,Yes,Festival,No,Medium
2026-05-25,01:45,Bus Stand Road,106,70,Cloudy,26,90,653,No,None,No,Low
2026-08-19,03:15,Market Road,61,78,Sunny,31,51,1763,No,None,No,Low
2026-01-07,16:45,Bus Stand Road,77,71,Cloudy,32,87,1052,No,None,No,Low
2026-02-27,17:00,Station Road,482,30,Rainy,26,86,1299,Yes,Concert,Yes,High
2026-01-13,18:15,City Center,481,31,Sunny,40,40,1447,No,None,Yes,High
2026-02-12,16:15,Market Road,176,58,Sunny,30,84,1693,No,None,No,Low
2026-01-06,04:00,Bus Stand Road,53,74,Foggy,38,76,1385,No,None,No,Low
2026-06-10,01:00,MG Road,273,50,Sunny,23,44,1443,Yes,Festival,No,Medium
2026-03-27,05:45,College Road,213,55,Rainy,25,46,1312,No,None,No,Medium
2026-01-04,18:45,Market Road,541,29,Sunny,25,61,1323,Yes,None,No,Very High
2026-03-10,14:30,Station Road,101,75,Sunny,24,45,1783,Yes,None,No,Low
2026-12-12,16:00,College Road,280,56,Foggy,40,80,1530,No,None,No,Medium
2026-04-02,10:45,Bus Stand Road,71,69,Sunny,30,82,938,No,None,No,Low
2026-05-20,06:15,Market Road,343,47,Cloudy,36,78,1616,No,None,Yes,Medium
2026-04-22,03:15,MG Road,225,54,Cloudy,23,83,399,Yes,None,No,Medium
2026-07-29,06:00,Market Road,194,60,Rainy,31,75,1056,No,None,No,Medium
2026-02-18,23:45,City Center,137,70,Cloudy,37,57,1080,No,Concert,No,Low
2026-01-08,17:00,Ring Road,484,27,Foggy,38,49,782,Yes,None,No,High
2026-01-08,21:00,Station Road,229,56,Foggy,35,71,821,Yes,None,No,Medium
2026-11-23,19:45,College Road,509,31,Foggy,20,73,463,Yes,None,No,Very High
2026-08-03,09:00,MG Road,610,20,Foggy,25,68,444,No,None,No,Very High
2026-03-25,14:00,Ring Road,207,55,Rainy,32,71,1781,No,None,Yes,Medium
2026-11-04,09:45,MG Road,510,26,Cloudy,34,91,1152,Yes,None,No,Very High
2026-07-04,00:15,MG Road,83,74,Sunny,26,95,1285,No,None,No,Low
2026-02-04,07:00,Airport Road,282,48,Rainy,22,42,672,Yes,None,No,Medium
2026-04-30,19:45,Ring Road,370,45,Cloudy,33,41,1445,No,Sports Match,No,High
2026-12-11,14:00,Ring Road,314,50,Sunny,37,46,364,Yes,None,No,Medium
2026-03-05,00:45,Bus Stand Road,334,46,Rainy,22,58,1214,No,Festival,No,Medium
2026-09-05,09:00,Airport Road,587,25,Rainy,31,67,1129,Yes,None,No,Very High
2026-09-22,21:00,Market Road,114,65,Sunny,37,62,871,No,Festival,No,Low
2026-05-20,18:00,Bus Stand Road,552,23,Rainy,26,60,1128,Yes,Sports Match,No,Very High
2026-07-07,19:00,Ring Road,518,24,Foggy,25,63,1181,No,None,No,Very High
2026-04-21,21:00,Bus Stand Road,189,65,Foggy,39,81,1464,No,None,No,Medium
2026-01-21,05:45,Market Road,346,49,Rainy,25,63,1549,Yes,None,Yes,Medium
2026-04-13,16:30,Station Road,66,72,Foggy,29,58,1787,No,None,Yes,Low
2026-08-21,18:00,Ring Road,494,34,Cloudy,40,41,1318,Yes,None,No,High
2026-09-18,21:15,Market Road,83,71,Foggy,37,92,363,No,Festival,No,Low
2026-11-04,16:30,City Center,66,73,Foggy,27,89,1249,Yes,Festival,Yes,Low
2026-02-12,10:45,City Center,321,48,Cloudy,30,53,943,No,None,Yes,Medium
2026-11-21,06:00,MG Road,213,62,Foggy,26,53,1530,Yes,None,No,Medium
2026-11-12,03:30,Bus Stand Road,166,61,Foggy,27,47,1555,No,None,No,Low
2026-03-31,20:45,Market Road,116,74,Cloudy,27,44,1237,No,None,No,Low
2026-01-05,23:45,City Center,342,50,Rainy,34,51,513,Yes,Festival,No,Medium
2026-12-07,17:15,MG Road,453,30,Rainy,28,95,907,No,None,No,High
2026-04-23,22:30,City Center,219,63,Sunny,27,71,1371,Yes,None,No,Medium
2026-05-08,20:30,City Center,189,57,Cloudy,24,94,1036,No,Festival,No,Medium
2026-01-10,21:15,Airport Road,86,75,Cloudy,23,43,1239,Yes,None,No,Low
2026-02-06,16:30,Station Road,156,63,Sunny,26,63,385,Yes,None,No,Low
2026-06-22,19:30,Ring Road,437,34,Rainy,35,81,1265,No,None,No,High
2026-09-19,17:30,Ring Road,444,39,Cloudy,33,62,917,Yes,Festival,No,High
2026-05-23,02:45,Airport Road,243,53,Cloudy,39,93,741,No,None,No,Medium
2026-04-24,09:45,Station Road,560,20,Cloudy,32,51,1286,No,None,No,Very High
2026-07-28,14:30,Bus Stand Road,122,66,Rainy,22,48,1286,Yes,None,Yes,Low
2026-07-23,21:00,College Road,110,71,Sunny,21,48,1173,No,None,No,Low
2026-07-02,20:00,MG Road,192,58,Cloudy,33,89,1483,Yes,None,No,Medium
2026-01-24,19:45,City Center,378,39,Rainy,39,70,1671,Yes,None,No,High
2026-05-24,04:00,Station Road,227,60,Sunny,35,52,600,Yes,None,No,Medium
2026-05-15,23:15,Market Road,217,59,Rainy,20,79,1506,Yes,None,No,Medium
2026-06-06,22:00,MG Road,188,67,Sunny,36,57,1485,Yes,None,No,Medium
2026-03-15,23:00,Bus Stand Road,292,47,Rainy,40,86,1007,No,None,No,Medium
2026-07-28,18:45,College Road,436,36,Sunny,27,43,1081,No,None,No,High
2026-12-28,03:30,Ring Road,260,49,Rainy,40,50,1548,No,None,Yes,Medium
2026-02-12,21:15,Ring Road,156,66,Sunny,33,75,1650,No,None,No,Low
2026-09-09,20:45,Ring Road,186,58,Foggy,23,46,472,No,None,No,Medium
2026-09-10,23:30,Bus Stand Road,87,70,Sunny,25,54,857,Yes,None,No,Low
2026-09-10,02:30,Bus Stand Road,156,69,Foggy,22,58,331,Yes,Sports Match,No,Low
2026-08-01,20:00,Ring Road,183,58,Foggy,38,77,1081,No,None,No,Medium
2026-12-27,07:15,Station Road,268,59,Cloudy,23,73,1555,No,None,No,Medium
2026-07-05,13:00,College Road,132,71,Foggy,26,56,1161,No,None,No,Low
2026-07-10,21:15,College Road,226,59,Rainy,30,51,593,No,None,No,Medium
2026-11-14,14:15,MG Road,219,54,Sunny,27,71,1344,No,None,No,Medium
2026-07-27,03:15,Market Road,320,45,Rainy,23,44,553,No,None,No,Medium
2026-07-07,01:30,College Road,202,61,Rainy,27,49,827,No,Concert,No,Medium
2026-03-20,19:15,College Road,471,29,Foggy,24,49,769,Yes,Concert,No,High
2026-03-19,01:45,City Center,64,74,Rainy,26,71,1719,Yes,None,No,Low
2026-12-29,21:30,Station Road,155,70,Foggy,33,70,876,Yes,None,No,Low
2026-06-13,00:30,Ring Road,268,59,Cloudy,29,65,1631,Yes,None,No,Medium
2026-11-24,08:45,Airport Road,530,25,Sunny,33,55,1577,No,None,No,Very High
2026-05-20,07:30,Ring Road,190,59,Foggy,22,41,822,Yes,None,No,Medium
2026-05-17,19:30,City Center,618,14,Rainy,40,41,1612,Yes,None,Yes,Very High
2026-06-13,05:15,MG Road,222,56,Sunny,40,55,1514,No,None,No,Medium
2026-08-28,20:00,Bus Stand Road,213,63,Rainy,20,94,759,No,None,Yes,Medium
2026-02-22,08:45,Airport Road,623,18,Rainy,36,52,1214,No,None,No,Very High
2026-10-28,04:00,MG Road,234,61,Cloudy,37,53,738,No,None,No,Medium
2026-03-26,06:45,Ring Road,275,54,Rainy,21,71,482,No,Concert,No,Medium
2026-03-13,14:45,Station Road,288,48,Rainy,38,67,1491,Yes,None,No,Medium
2026-12-01,13:45,City Center,76,70,Rainy,21,69,1721,Yes,None,No,Low
2026-04-12,22:30,College Road,111,70,Foggy,25,46,395,No,None,No,Low
2026-02-05,19:45,City Center,356,49,Foggy,30,82,1544,Yes,Festival,No,High
2026-07-08,16:30,Ring Road,140,66,Foggy,36,55,1435,Yes,None,No,Low
2026-12-19,08:15,Station Road,562,24,Sunny,21,82,1587,Yes,None,No,Very High
2026-05-24,17:15,Airport Road,484,28,Sunny,34,66,695,Yes,None,No,High
2026-05-22,12:45,MG Road,266,59,Sunny,23,81,1026,No,None,No,Medium
2026-08-15,02:30,College Road,169,66,Foggy,40,49,1017,Yes,None,No,Low
2026-06-10,10:45,College Road,170,66,Sunny,35,60,682,Yes,Festival,No,Low
2026-08-27,21:30,Bus Stand Road,244,61,Rainy,31,77,1304,Yes,None,No,Medium
2026-09-30,15:45,City Center,301,54,Sunny,25,91,1198,Yes,Festival,No,Medium
2026-04-21,11:30,City Center,117,64,Cloudy,32,71,1360,Yes,None,No,Low
2026-11-22,01:45,Bus Stand Road,273,57,Cloudy,25,48,743,No,None,No,Medium
2026-03-26,21:45,Market Road,241,58,Sunny,28,47,1461,Yes,None,No,Medium
2026-10-06,19:45,College Road,619,17,Rainy,29,68,500,Yes,None,No,Very High
2026-12-08,09:45,Airport Road,427,38,Cloudy,20,73,980,Yes,None,No,High
2026-12-27,02:15,MG Road,231,61,Sunny,36,56,922,Yes,None,No,Medium
2026-12-02,11:15,City Center,233,53,Rainy,38,55,1711,Yes,Festival,No,Medium
2026-09-24,03:15,MG Road,72,78,Sunny,40,44,418,Yes,None,No,Low
2026-06-26,07:15,College Road,245,61,Cloudy,28,57,459,Yes,None,No,Medium
2026-05-25,22:30,College Road,144,69,Rainy,38,91,929,No,None,No,Low
2026-05-25,02:30,Ring Road,149,67,Cloudy,29,87,1074,No,None,No,Low
2026-11-13,14:15,Market Road,265,57,Rainy,39,92,1232,Yes,Sports Match,No,Medium
2026-09-18,19:15,Bus Stand Road,429,36,Cloudy,33,81,1186,No,None,No,High
2026-10-30,22:30,Airport Road,52,76,Rainy,28,64,943,Yes,Sports Match,No,Low
2026-03-12,06:30,City Center,250,57,Sunny,23,42,362,No,Sports Match,No,Medium
2026-02-02,12:30,Airport Road,315,46,Cloudy,23,80,897,No,None,No,Medium
2026-06-25,15:00,City Center,60,79,Cloudy,40,91,1432,No,None,No,Low
2026-07-07,00:00,Station Road,306,52,Cloudy,38,62,767,Yes,Concert,Yes,Medium
2026-10-12,19:30,MG Road,545,30,Sunny,36,94,459,No,None,No,Very High
2026-02-01,23:30,Ring Road,266,50,Rainy,21,89,667,Yes,None,No,Medium
2026-01-12,09:15,Bus Stand Road,645,16,Sunny,31,47,1345,Yes,None,No,Very High
2026-11-28,17:15,Airport Road,445,33,Rainy,39,67,1257,Yes,Festival,No,High
2026-02-15,08:45,Station Road,537,28,Cloudy,24,66,1589,No,None,No,Very High
2026-10-17,17:30,Market Road,487,36,Sunny,28,66,514,Yes,None,No,High
2026-08-08,12:45,College Road,284,48,Cloudy,35,77,1367,Yes,Festival,No,Medium
2026-05-30,18:15,Ring Road,512,27,Foggy,30,41,822,No,None,No,Very High
2026-02-09,12:15,Bus Stand Road,270,56,Rainy,30,50,1030,Yes,None,No,Medium
2026-04-09,22:30,Market Road,91,72,Sunny,23,62,863,No,None,No,Low
2026-08-09,13:45,Ring Road,173,59,Foggy,25,84,555,Yes,None,No,Low
2026-12-13,21:15,Airport Road,245,59,Foggy,36,40,691,No,Sports Match,Yes,Medium
2026-08-01,19:30,Airport Road,409,45,Cloudy,33,45,1351,Yes,None,No,High
2026-03-02,10:00,Market Road,249,59,Cloudy,24,56,1539,Yes,None,No,Medium
2026-08-28,14:15,Airport Road,107,70,Rainy,23,62,1507,No,None,No,Low
2026-01-26,06:30,Airport Road,239,61,Foggy,40,77,992,Yes,Concert,No,Medium
2026-10-01,23:00,Airport Road,178,67,Sunny,22,56,1291,Yes,None,No,Low
2026-08-27,09:45,MG Road,474,36,Sunny,20,85,1368,No,None,Yes,High
2026-12-01,19:45,City Center,455,35,Foggy,24,77,757,No,None,No,High
2026-07-06,04:00,MG Road,195,57,Cloudy,32,89,1557,Yes,None,No,Medium
2026-11-13,02:30,Market Road,223,56,Cloudy,30,77,626,No,None,No,Medium
2026-09-28,21:15,College Road,54,78,Rainy,23,44,1199,Yes,None,No,Low
2026-10-19,02:45,College Road,150,61,Sunny,36,84,1681,No,None,No,Low
2026-12-02,05:45,Ring Road,170,61,Cloudy,21,79,1271,Yes,None,No,Low
2026-01-01,17:00,Airport Road,389,44,Cloudy,34,79,839,No,Sports Match,No,High
2026-03-02,06:45,MG Road,273,54,Rainy,40,90,340,No,None,Yes,Medium
2026-06-07,05:45,College Road,154,64,Cloudy,30,93,418,No,None,No,Low
2026-02-11,19:15,Ring Road,528,30,Rainy,33,91,548,No,None,No,Very High
2026-05-22,16:45,MG Road,229,54,Cloudy,28,56,1028,No,None,No,Medium
2026-11-06,13:00,City Center,347,49,Foggy,24,65,1317,Yes,Concert,No,Medium
2026-05-21,12:15,Station Road,80,68,Foggy,33,47,1351,Yes,None,No,Low
2026-03-16,02:00,Station Road,196,61,Sunny,21,90,1032,Yes,None,No,Medium
2026-06-14,07:45,Market Road,156,70,Foggy,40,81,315,Yes,None,No,Low
2026-06-03,12:45,Station Road,51,75,Foggy,30,88,765,No,Festival,No,Low
2026-01-01,12:30,Bus Stand Road,100,66,Cloudy,38,65,798,No,None,Yes,Low
2026-09-21,19:00,Ring Road,364,47,Sunny,39,65,909,Yes,None,No,High
2026-06-06,06:15,Market Road,202,56,Cloudy,34,52,308,Yes,None,No,Medium
2026-02-10,03:45,Ring Road,281,49,Sunny,34,94,1312,No,Concert,No,Medium
2026-12-14,15:00,Market Road,96,73,Foggy,22,80,1110,No,None,No,Low
2026-12-21,06:15,City Center,219,63,Foggy,25,80,1465,No,Sports Match,No,Medium
2026-09-07,02:15,Station Road,286,50,Sunny,29,55,1392,Yes,None,No,Medium
2026-04-11,11:15,Bus Stand Road,82,75,Rainy,34,79,662,No,None,No,Low
2026-09-03,11:30,Ring Road,241,60,Cloudy,34,77,1034,Yes,Concert,No,Medium
2026-11-01,00:45,Station Road,173,66,Foggy,37,68,1234,Yes,None,No,Low
2026-10-12,16:15,Station Road,170,63,Rainy,37,83,1318,Yes,None,No,Low
2026-09-04,02:15,College Road,83,71,Foggy,38,45,972,Yes,None,No,Low
2026-05-24,09:30,Bus Stand Road,470,37,Foggy,31,78,587,No,None,No,High
2026-01-13,00:45,Ring Road,52,74,Foggy,25,66,1289,Yes,Festival,No,Low
2026-02-09,03:15,Airport Road,225,53,Cloudy,30,49,694,Yes,None,No,Medium
2026-09-02,02:30,MG Road,258,58,Rainy,36,40,545,Yes,None,No,Medium
2026-08-12,22:15,Ring Road,54,71,Sunny,21,83,813,Yes,None,No,Low
2026-11-03,01:30,Station Road,286,54,Cloudy,35,62,1607,Yes,Concert,Yes,Medium
2026-08-15,00:00,College Road,53,78,Cloudy,29,57,1546,Yes,None,No,Low
2026-06-29,20:45,Bus Stand Road,66,78,Sunny,28,68,1132,Yes,None,No,Low
2026-02-09,17:15,College Road,426,42,Sunny,22,91,1265,Yes,Festival,No,High
2026-02-08,23:15,City Center,119,73,Cloudy,27,72,1470,No,None,No,Low
2026-09-07,16:15,College Road,205,64,Cloudy,36,61,1249,Yes,None,Yes,Medium
2026-10-27,23:45,Ring Road,258,50,Foggy,27,44,840,No,None,No,Medium
2026-03-13,08:15,City Center,587,19,Rainy,24,65,1755,Yes,None,Yes,Very High
2026-07-30,04:45,Bus Stand Road,241,56,Sunny,37,72,1553,No,None,No,Medium
2026-09-11,23:15,Airport Road,240,53,Cloudy,30,67,1313,Yes,None,No,Medium
2026-05-02,14:30,Station Road,340,48,Rainy,40,87,461,Yes,None,No,Medium
2026-08-17,12:00,Station Road,326,52,Cloudy,36,69,392,Yes,None,No,Medium
2026-04-06,19:00,Market Road,384,45,Sunny,28,73,1557,Yes,None,No,High
2026-11-20,21:30,Station Road,93,70,Rainy,31,68,625,Yes,None,No,Low
2026-03-30,23:30,Station Road,145,64,Foggy,33,56,1700,Yes,None,No,Low
2026-03-06,17:15,City Center,491,32,Cloudy,24,49,683,No,None,No,High
2026-12-25,08:30,College Road,548,29,Cloudy,24,63,1721,Yes,None,No,Very High
2026-06-10,12:30,Market Road,298,54,Sunny,30,75,560,No,None,No,Medium
2026-01-16,11:45,Ring Road,254,59,Cloudy,33,44,1513,Yes,None,No,Medium
2026-11-09,17:30,Ring Road,478,31,Foggy,38,46,487,No,Sports Match,No,High
2026-11-28,05:30,Bus Stand Road,323,51,Foggy,30,49,874,Yes,None,No,Medium
2026-09-15,19:15,Market Road,563,26,Cloudy,22,57,815,Yes,None,Yes,Very High
2026-10-29,12:15,City Center,323,43,Foggy,27,76,950,No,None,No,Medium
2026-02-04,10:45,Airport Road,299,50,Sunny,23,65,644,Yes,None,No,Medium
2026-05-15,15:15,College Road,92,72,Cloudy,21,68,1524,No,Concert,No,Low
2026-07-11,22:00,Market Road,173,62,Sunny,30,56,1001,No,None,No,Low
2026-05-24,22:00,Airport Road,163,64,Cloudy,23,80,904,Yes,None,No,Low
2026-11-07,07:30,City Center,155,69,Foggy,30,72,1404,Yes,None,No,Low
2026-03-27,14:30,Ring Road,108,70,Cloudy,40,41,969,Yes,None,No,Low
2026-08-25,13:30,MG Road,282,54,Foggy,40,71,1163,Yes,None,Yes,Medium
2026-08-13,19:15,Ring Road,567,20,Sunny,24,49,984,No,None,No,Very High
2026-02-19,23:15,City Center,200,59,Sunny,39,63,1225,No,None,No,Medium
2026-05-10,11:15,Airport Road,180,57,Rainy,38,74,824,No,None,No,Low
2026-03-19,09:15,Station Road,540,30,Cloudy,22,42,1365,No,None,No,Very High
2026-11-05,08:15,Ring Road,644,13,Foggy,25,87,1150,Yes,None,No,Very High
2026-07-23,07:30,Bus Stand Road,337,46,Sunny,40,54,1706,Yes,None,No,Medium
2026-10-06,12:45,Airport Road,70,75,Foggy,38,87,369,No,Concert,No,Low
2026-10-27,20:15,Airport Road,283,50,Foggy,36,80,1301,No,None,No,Medium
2026-11-23,02:30,City Center,287,47,Cloudy,21,86,842,Yes,None,No,Medium
2026-05-15,01:45,Airport Road,52,75,Sunny,28,45,1075,No,None,No,Low
2026-08-25,09:45,Ring Road,624,21,Cloudy,31,63,525,No,Sports Match,No,Very High
2026-02-17,18:00,College Road,536,23,Rainy,20,82,898,No,None,No,Very High
2026-06-13,03:15,City Center,176,63,Foggy,34,88,742,No,None,No,Low
2026-06-22,01:45,Station Road,111,66,Foggy,33,82,1032,Yes,None,No,Low
2026-12-05,08:15,MG Road,427,34,Cloudy,31,77,1302,Yes,None,No,High
2026-04-05,10:15,College Road,254,50,Foggy,21,40,379,Yes,None,No,Medium
2026-04-28,17:15,Station Road,395,43,Sunny,27,80,476,No,None,No,High
2026-01-20,12:30,City Center,77,74,Sunny,20,45,1147,No,None,No,Low
2026-10-27,19:30,MG Road,552,21,Foggy,40,78,463,Yes,Festival,No,Very High
2026-09-17,07:15,Station Road,85,72,Cloudy,21,55,558,No,None,No,Low
2026-09-25,09:45,Bus Stand Road,516,33,Cloudy,22,90,1422,Yes,Concert,No,Very High
2026-07-21,20:15,Airport Road,153,60,Sunny,26,88,438,No,None,No,Low
2026-09-24,13:15,Bus Stand Road,330,50,Rainy,31,43,1455,No,None,No,Medium
2026-05-17,17:45,Market Road,423,43,Cloudy,33,46,696,No,Festival,No,High
2026-04-24,15:15,College Road,87,69,Foggy,21,56,1471,Yes,None,No,Low
2026-01-23,23:45,Ring Road,203,55,Foggy,39,40,635,No,Sports Match,No,Medium
2026-04-09,08:00,City Center,593,24,Cloudy,29,89,750,Yes,None,No,Very High
2026-06-27,17:15,Station Road,498,34,Cloudy,23,94,573,No,None,No,High
2026-09-26,19:30,Market Road,480,30,Cloudy,21,87,1433,Yes,None,No,High
2026-12-03,11:30,Station Road,122,64,Sunny,32,84,1134,No,None,No,Low
2026-04-07,05:00,City Center,81,76,Cloudy,35,52,1606,Yes,None,No,Low
2026-12-03,01:00,City Center,190,62,Rainy,40,92,1253,Yes,None,No,Medium
2026-07-14,04:30,Station Road,139,64,Sunny,22,80,1065,Yes,None,No,Low
2026-08-14,21:45,MG Road,157,63,Rainy,29,84,1416,Yes,None,No,Low
2026-09-14,21:15,Station Road,142,63,Rainy,20,57,502,Yes,None,No,Low
2026-07-14,08:15,Airport Road,484,35,Rainy,27,79,919,No,None,No,High
2026-10-29,20:15,MG Road,316,46,Foggy,38,50,1743,No,None,No,Medium
2026-03-08,22:30,College Road,189,57,Sunny,31,53,1663,No,None,No,Medium
2026-07-16,20:30,Airport Road,112,64,Rainy,34,95,1504,No,Festival,No,Low
2026-11-13,15:00,Ring Road,123,73,Rainy,23,89,417,Yes,None,No,Low
2026-06-05,10:00,Ring Road,157,63,Sunny,26,82,728,Yes,None,No,Low
2026-08-21,21:15,Bus Stand Road,129,73,Rainy,33,70,824,No,None,Yes,Low
2026-03-02,19:45,MG Road,380,45,Foggy,39,45,564,No,None,No,High
2026-12-14,00:15,City Center,285,53,Cloudy,36,82,471,Yes,None,No,Medium
2026-04-15,02:00,College Road,112,72,Sunny,37,46,906,Yes,None,No,Low
2026-09-20,14:30,College Road,79,75,Sunny,34,55,1353,Yes,None,No,Low
2026-07-05,00:45,Bus Stand Road,98,67,Sunny,26,81,1763,No,None,No,Low
2026-12-24,09:30,College Road,590,16,Foggy,28,60,1169,No,None,No,Very High
2026-11-10,05:15,Station Road,169,65,Cloudy,27,61,1702,Yes,None,No,Low
2026-05-07,11:15,Bus Stand Road,66,71,Sunny,28,77,581,Yes,Festival,No,Low
2026-03-16,17:45,Station Road,390,37,Foggy,38,62,1583,No,Sports Match,No,High
2026-07-28,00:15,Station Road,316,52,Cloudy,36,85,925,Yes,None,No,Medium
2026-07-06,21:15,Airport Road,270,55,Foggy,23,40,488,No,Festival,No,Medium
2026-05-11,06:30,College Road,328,44,Rainy,40,42,1221,Yes,None,No,Medium
2026-08-31,01:00,City Center,171,59,Rainy,30,44,663,Yes,None,No,Low
2026-09-30,14:15,Station Road,316,47,Sunny,24,78,1040,Yes,None,No,Medium
2026-10-29,22:15,Bus Stand Road,198,58,Sunny,27,64,866,Yes,None,No,Medium
2026-04-03,19:00,College Road,456,35,Cloudy,31,57,506,No,None,No,High
2026-01-15,06:30,Bus Stand Road,298,51,Sunny,20,66,751,No,None,No,Medium
2026-09-26,13:45,Market Road,233,53,Foggy,32,75,1049,Yes,None,No,Medium
2026-06-20,22:45,College Road,91,71,Rainy,27,47,870,No,None,No,Low
2026-09-12,19:15,Market Road,529,25,Rainy,25,90,536,Yes,Festival,No,Very High
2026-10-13,07:00,Ring Road,303,53,Foggy,35,47,646,Yes,None,No,Medium
2026-08-03,00:30,City Center,342,43,Foggy,39,70,1587,Yes,None,No,Medium
2026-08-07,06:45,College Road,51,73,Foggy,32,45,1635,No,None,No,Low
2026-04-04,05:00,Market Road,180,62,Foggy,30,62,809,Yes,None,No,Low
2026-02-11,00:00,Market Road,129,68,Foggy,20,60,839,Yes,Sports Match,No,Low
2026-12-29,04:45,College Road,318,48,Rainy,34,86,557,Yes,None,No,Medium
2026-06-26,17:00,Station Road,621,15,Cloudy,38,44,1344,Yes,None,No,Very High
2026-10-15,13:45,College Road,123,67,Foggy,40,47,522,No,None,No,Low
2026-12-27,03:15,Ring Road,258,53,Foggy,30,47,916,No,None,No,Medium
2026-12-24,08:45,City Center,438,33,Cloudy,23,42,661,No,None,No,High
2026-08-05,16:15,Ring Road,180,57,Sunny,34,41,844,No,None,No,Low
2026-11-17,11:15,City Center,153,68,Cloudy,21,80,1299,Yes,None,No,Low
2026-02-26,02:15,Ring Road,149,61,Foggy,37,50,907,No,None,No,Low
2026-10-02,04:00,Airport Road,310,46,Cloudy,40,67,1371,No,Sports Match,No,Medium
2026-10-29,08:45,Station Road,621,18,Foggy,36,65,570,No,None,No,Very High
2026-01-14,13:00,MG Road,233,58,Cloudy,34,81,1153,Yes,None,Yes,Medium
2026-07-24,01:45,College Road,247,55,Sunny,35,91,1134,No,None,No,Medium
2026-06-15,02:15,Bus Stand Road,161,65,Cloudy,33,72,700,Yes,None,No,Low
2026-04-21,13:30,Bus Stand Road,88,73,Cloudy,38,82,921,Yes,None,No,Low
2026-07-14,05:30,City Center,259,58,Sunny,26,92,1030,No,None,No,Medium
2026-06-16,05:15,Station Road,305,50,Foggy,33,89,405,No,None,No,Medium
2026-04-27,11:15,Airport Road,264,58,Foggy,21,92,387,Yes,None,No,Medium
2026-07-07,15:45,Station Road,67,72,Sunny,30,94,571,No,Festival,No,Low
2026-11-03,02:45,Bus Stand Road,50,72,Sunny,34,65,813,Yes,None,No,Low
2026-04-19,21:45,Airport Road,334,43,Cloudy,30,94,1646,No,None,No,Medium
2026-09-05,00:30,Market Road,264,55,Foggy,30,49,1561,Yes,Festival,Yes,Medium
2026-01-24,04:15,Market Road,244,55,Cloudy,21,77,573,Yes,None,No,Medium
2026-02-28,00:45,Station Road,247,60,Sunny,23,41,1384,Yes,None,Yes,Medium
2026-12-13,06:30,City Center,105,71,Rainy,37,64,704,Yes,None,No,Low
2026-09-30,00:30,Bus Stand Road,297,49,Sunny,25,43,752,No,None,No,Medium
2026-04-06,03:00,Airport Road,209,59,Sunny,39,59,1282,No,None,No,Medium
2026-10-30,02:45,Airport Road,66,77,Cloudy,22,62,837,Yes,None,No,Low
2026-07-19,06:15,Market Road,314,48,Sunny,27,90,826,No,None,No,Medium
2026-09-19,12:15,Bus Stand Road,324,53,Foggy,21,63,1702,Yes,Concert,No,Medium
2026-04-24,20:45,Market Road,258,56,Cloudy,32,74,1201,No,None,No,Medium
2026-08-30,03:15,Bus Stand Road,305,47,Rainy,22,72,1310,Yes,None,No,Medium
2026-01-04,19:45,Airport Road,642,16,Foggy,38,78,765,No,None,No,Very High
2026-09-11,04:45,Station Road,105,67,Foggy,40,40,408,Yes,Festival,No,Low
2026-10-11,17:30,MG Road,476,28,Foggy,21,81,1606,Yes,None,No,High
2026-01-18,14:45,Market Road,66,75,Rainy,33,63,1079,No,Concert,No,Low
2026-05-29,05:30,Market Road,133,72,Sunny,23,42,305,Yes,None,No,Low
2026-01-15,17:00,City Center,450,35,Rainy,34,95,634,Yes,None,No,High
2026-03-24,08:45,Bus Stand Road,605,22,Rainy,29,79,1079,Yes,None,No,Very High
2026-07-01,05:15,Market Road,79,70,Cloudy,20,67,811,No,None,Yes,Low
2026-10-14,21:30,Bus Stand Road,316,46,Cloudy,27,91,1601,No,None,No,Medium
2026-07-01,12:00,Market Road,160,67,Foggy,26,87,357,Yes,None,Yes,Low
2026-08-25,20:30,College Road,350,40,Cloudy,38,58,1305,No,None,No,Medium
2026-03-30,04:00,City Center,270,53,Sunny,38,76,599,Yes,Festival,No,Medium
2026-11-27,12:30,Station Road,164,64,Rainy,40,90,1791,No,Concert,No,Low
2026-08-17,02:00,Station Road,156,70,Rainy,34,55,1766,Yes,None,No,Low
2026-11-10,10:30,Airport Road,164,66,Sunny,40,53,990,No,None,No,Low
2026-06-03,17:15,Airport Road,352,47,Rainy,22,87,945,No,Festival,No,High
2026-10-25,07:15,Airport Road,206,59,Foggy,21,81,405,No,None,No,Medium
2026-01-27,21:15,Market Road,182,61,Foggy,25,94,1669,Yes,None,Yes,Medium
2026-06-09,15:30,Airport Road,184,66,Foggy,21,94,566,No,Concert,No,Medium
2026-03-14,17:00,Market Road,542,27,Foggy,29,93,1685,No,None,No,Very High
2026-03-07,08:30,Bus Stand Road,391,39,Sunny,37,54,1208,Yes,None,No,High
2026-07-27,12:45,Market Road,287,49,Sunny,29,74,600,No,None,No,Medium
2026-06-16,14:00,Bus Stand Road,53,71,Sunny,21,77,1299,No,None,No,Low
2026-05-15,04:45,Market Road,65,71,Sunny,25,52,1553,Yes,None,No,Low
2026-07-17,19:15,City Center,565,27,Sunny,25,57,998,No,Festival,No,Very High
2026-01-31,23:00,City Center,183,59,Rainy,23,71,1178,Yes,None,No,Medium
2026-06-13,23:30,Station Road,97,67,Foggy,24,89,1800,Yes,None,No,Low
2026-02-26,23:45,College Road,149,70,Rainy,23,60,825,Yes,None,No,Low
2026-03-06,12:30,Airport Road,292,47,Cloudy,33,54,1779,Yes,None,Yes,Medium
2026-07-21,12:00,City Center,230,53,Sunny,36,61,967,No,None,No,Medium
2026-03-08,23:30,Airport Road,347,49,Sunny,21,88,1239,Yes,Sports Match,No,Medium
2026-08-24,03:30,City Center,150,61,Sunny,39,92,818,Yes,None,No,Low
2026-06-14,02:30,MG Road,136,63,Sunny,20,64,1687,Yes,None,No,Low
2026-08-27,13:15,Station Road,58,72,Sunny,27,82,986,Yes,None,No,Low
2026-03-19,08:15,City Center,566,26,Rainy,22,86,1751,Yes,None,No,Very High
2026-04-20,02:15,Bus Stand Road,205,56,Foggy,24,73,1395,Yes,None,No,Medium
2026-12-26,20:45,College Road,319,45,Rainy,34,68,1701,No,None,No,Medium
2026-03-24,23:15,Station Road,153,60,Sunny,21,44,792,No,None,No,Low
2026-03-06,05:30,MG Road,237,52,Rainy,31,68,1768,Yes,None,No,Medium
2026-05-12,02:00,Ring Road,103,67,Sunny,28,62,1438,Yes,None,No,Low
2026-12-21,22:45,College Road,318,48,Foggy,21,90,1137,No,None,No,Medium
2026-03-11,10:45,Ring Road,260,56,Sunny,25,46,1258,No,Festival,No,Medium
2026-03-02,05:45,Ring Road,55,71,Rainy,31,77,659,Yes,None,No,Low
2026-05-05,19:45,Market Road,419,37,Rainy,20,42,631,No,None,No,High
2026-03-01,17:15,Market Road,464,31,Foggy,38,54,466,Yes,None,No,High
2026-05-05,19:45,Bus Stand Road,636,21,Cloudy,22,93,398,No,Concert,No,Very High
2026-08-17,11:45,Ring Road,161,65,Foggy,22,90,682,Yes,Festival,No,Low
2026-04-19,08:45,Bus Stand Road,614,23,Cloudy,30,85,1727,No,None,Yes,Very High
2026-08-15,04:00,Airport Road,264,53,Rainy,30,47,632,No,None,No,Medium
2026-02-04,22:15,Ring Road,232,60,Rainy,25,60,1305,No,None,No,Medium
2026-02-05,11:30,Market Road,104,66,Foggy,27,95,1003,No,None,No,Low
2026-04-12,17:00,Market Road,489,29,Foggy,20,60,500,Yes,None,No,High
2026-02-13,00:00,Airport Road,103,71,Foggy,25,84,1104,No,None,Yes,Low
2026-05-18,15:45,Ring Road,308,55,Rainy,29,85,344,Yes,None,No,Medium
2026-09-02,19:45,Market Road,599,17,Sunny,33,87,1144,No,None,No,Very High
2026-04-26,01:15,Market Road,283,55,Sunny,28,42,374,No,None,No,Medium
2026-07-30,20:15,Market Road,342,43,Foggy,40,57,1671,No,None,No,Medium
2026-06-02,20:00,MG Road,188,63,Sunny,39,93,890,Yes,None,No,Medium
2026-04-24,00:30,Station Road,160,67,Foggy,36,92,1512,No,None,No,Low
2026-10-08,10:45,Bus Stand Road,331,42,Rainy,23,50,1688,Yes,None,No,Medium
2026-06-28,18:30,College Road,445,36,Cloudy,24,71,1313,Yes,None,No,High
2026-11-16,19:45,Ring Road,506,29,Cloudy,37,41,1537,Yes,None,No,Very High
2026-01-11,05:00,City Center,115,72,Cloudy,31,89,921,Yes,None,Yes,Low
2026-10-26,15:00,Ring Road,120,69,Foggy,29,77,1472,Yes,None,No,Low
2026-03-30,17:30,Bus Stand Road,613,18,Rainy,27,44,851,Yes,None,No,Very High
2026-09-01,09:15,Ring Road,588,25,Foggy,21,59,1596,Yes,None,No,Very High
2026-10-21,15:30,College Road,167,64,Cloudy,29,75,1618,Yes,None,No,Low
2026-11-25,00:00,Market Road,133,64,Foggy,28,54,1369,No,None,No,Low
2026-08-08,07:45,MG Road,228,55,Rainy,33,60,1171,No,None,Yes,Medium
2026-04-06,11:45,College Road,120,71,Foggy,40,56,1169,Yes,Festival,No,Low
2026-06-21,05:30,Airport Road,208,58,Cloudy,25,42,1201,Yes,None,Yes,Medium
2026-03-20,19:00,Bus Stand Road,507,31,Foggy,37,81,1611,No,None,No,Very High
2026-12-31,02:00,MG Road,160,59,Foggy,23,51,1501,No,None,No,Low
2026-11-15,21:00,MG Road,86,77,Sunny,40,46,1502,Yes,None,Yes,Low
2026-10-05,19:15,Bus Stand Road,600,18,Foggy,28,72,1013,Yes,None,No,Very High
2026-10-17,07:45,Ring Road,138,62,Sunny,36,42,415,Yes,Festival,Yes,Low
2026-02-25,03:30,Station Road,50,77,Rainy,33,54,1579,Yes,Concert,No,Low
2026-08-14,17:00,City Center,513,27,Cloudy,22,43,1523,Yes,None,No,Very High
2026-09-10,17:00,Ring Road,629,21,Cloudy,23,48,1451,Yes,None,Yes,Very High
2026-06-21,18:15,Ring Road,611,14,Cloudy,35,81,857,Yes,None,No,Very High
2026-11-14,06:30,Station Road,74,68,Foggy,29,72,859,No,None,No,Low
2026-04-06,23:30,Station Road,212,59,Sunny,23,88,1653,No,Concert,No,Medium
2026-04-06,04:00,Market Road,318,48,Sunny,32,58,1276,No,None,No,Medium
2026-01-25,15:30,Station Road,131,71,Sunny,40,87,1483,No,None,No,Low
2026-11-11,15:15,City Center,333,51,Sunny,20,53,782,No,None,No,Medium
2026-01-15,07:45,MG Road,84,68,Foggy,35,86,512,No,None,No,Low
2026-10-23,07:30,Station Road,172,66,Foggy,36,79,1623,No,None,No,Low
2026-10-30,23:15,Airport Road,270,55,Foggy,28,48,801,No,None,No,Medium
2026-11-24,10:45,Airport Road,266,54,Sunny,38,85,941,No,None,No,Medium
2026-04-06,01:30,Airport Road,319,44,Sunny,32,91,1259,Yes,None,No,Medium
2026-07-21,17:15,Airport Road,621,21,Cloudy,23,41,546,Yes,None,No,Very High
2026-03-20,07:00,MG Road,276,52,Cloudy,32,47,441,No,None,No,Medium
2026-08-01,18:00,City Center,606,16,Foggy,25,87,1078,No,Festival,No,Very High
2026-04-16,08:00,Market Road,479,38,Cloudy,31,42,1552,Yes,None,No,High
2026-04-01,08:00,Market Road,414,39,Foggy,33,57,1050,No,None,No,High
2026-11-16,15:15,College Road,191,62,Cloudy,36,86,889,No,None,No,Medium
2026-11-27,15:15,Market Road,206,57,Foggy,39,62,1283,Yes,Festival,No,Medium
2026-02-27,01:15,College Road,70,69,Cloudy,23,56,715,No,None,No,Low
2026-10-27,22:15,Bus Stand Road,241,58,Rainy,34,66,998,No,None,No,Medium
2026-12-02,18:45,Market Road,613,23,Rainy,22,71,678,No,None,No,Very High
2026-07-18,19:15,College Road,457,39,Cloudy,34,67,1796,No,None,No,High
2026-10-15,22:15,Bus Stand Road,67,71,Sunny,26,46,1148,Yes,None,No,Low
2026-01-10,10:00,College Road,307,45,Rainy,34,78,1162,No,None,No,Medium
2026-10-19,18:45,College Road,436,37,Foggy,37,73,1505,No,None,No,High
2026-07-11,08:00,Station Road,350,43,Foggy,28,47,1792,Yes,None,No,Medium
2026-03-16,05:15,Station Road,50,73,Sunny,26,44,1208,No,None,No,Low
2026-12-08,19:15,Market Road,474,31,Rainy,35,68,1433,No,Concert,No,High
2026-10-31,14:30,MG Road,146,67,Rainy,34,49,840,Yes,None,No,Low
2026-02-17,04:45,Airport Road,300,51,Sunny,31,51,568,Yes,None,No,Medium
2026-03-11,07:30,Ring Road,176,67,Rainy,31,92,1700,No,None,No,Low
2026-10-24,23:00,Station Road,142,65,Foggy,21,71,878,Yes,None,No,Low
2026-05-16,14:45,Ring Road,76,72,Rainy,26,69,1688,No,None,No,Low
2026-05-12,09:45,City Center,489,31,Sunny,35,89,496,No,None,Yes,High
2026-04-27,11:15,College Road,309,46,Cloudy,31,92,1347,No,None,No,Medium
2026-09-04,20:45,Market Road,147,71,Cloudy,27,60,1115,No,None,No,Low
2026-05-10,23:30,College Road,350,45,Foggy,24,85,1492,No,None,No,Medium
2026-03-12,12:30,College Road,69,72,Foggy,32,58,374,No,None,No,Low
2026-01-28,11:45,City Center,213,54,Sunny,26,67,1647,No,None,No,Medium
2026-04-07,01:30,Station Road,136,62,Foggy,37,88,493,No,None,No,Low
2026-10-02,17:00,Station Road,573,22,Foggy,22,63,734,Yes,None,No,Very High
2026-11-30,22:15,MG Road,334,44,Rainy,39,78,629,Yes,None,Yes,Medium
2026-05-23,17:30,Bus Stand Road,422,40,Rainy,20,59,854,Yes,None,No,High
2026-01-09,19:00,Station Road,493,36,Sunny,35,46,992,Yes,Sports Match,No,High
2026-11-17,21:30,Airport Road,275,55,Sunny,27,48,816,No,None,No,Medium
2026-09-14,13:30,Airport Road,281,54,Cloudy,27,92,812,No,None,No,Medium
2026-01-06,20:00,City Center,279,58,Sunny,39,49,682,Yes,None,No,Medium
2026-06-03,11:30,MG Road,129,64,Rainy,35,74,1182,No,None,No,Low
2026-06-30,08:15,Ring Road,414,44,Rainy,37,57,712,Yes,None,No,High
2026-01-30,12:45,Market Road,217,61,Rainy,29,83,631,Yes,None,No,Medium
2026-10-22,05:00,Ring Road,177,68,Foggy,20,88,1686,No,None,No,Low
2026-09-25,18:00,Station Road,517,24,Sunny,32,48,1253,No,None,No,Very High
2026-12-16,09:30,Ring Road,532,29,Sunny,40,75,460,No,None,No,Very High
2026-11-13,01:15,College Road,228,59,Foggy,20,43,1063,No,None,No,Medium
2026-03-14,18:00,City Center,371,43,Rainy,32,72,1039,No,None,No,High
2026-02-01,04:30,Ring Road,232,53,Cloudy,38,54,587,No,Concert,No,Medium
2026-09-11,18:30,Airport Road,647,16,Cloudy,25,85,707,No,None,No,Very High
2026-11-22,07:45,Market Road,295,55,Foggy,22,61,624,No,None,No,Medium
2026-05-03,01:00,City Center,201,63,Foggy,22,65,1583,Yes,None,No,Medium
2026-12-22,00:30,City Center,313,50,Cloudy,27,86,1010,No,None,No,Medium
2026-03-09,23:15,Airport Road,166,59,Foggy,30,65,1727,No,None,No,Low
2026-01-06,12:30,MG Road,265,50,Cloudy,20,69,1796,Yes,None,No,Medium
2026-12-23,17:00,Bus Stand Road,522,31,Sunny,40,71,610,Yes,None,No,Very High
2026-09-21,14:15,Bus Stand Road,329,48,Foggy,23,67,667,No,None,No,Medium
2026-11-12,03:30,Station Road,321,52,Cloudy,35,65,1777,No,None,No,Medium
2026-12-02,02:00,Ring Road,63,78,Foggy,22,89,1554,Yes,None,No,Low
2026-07-29,03:00,Market Road,307,52,Cloudy,37,78,1677,Yes,None,No,Medium
2026-06-27,04:30,Bus Stand Road,123,71,Cloudy,20,45,1187,Yes,None,No,Low
2026-07-31,17:00,Ring Road,398,42,Foggy,22,45,1192,No,None,No,High
2026-03-25,02:00,Airport Road,243,58,Cloudy,38,83,1506,Yes,None,No,Medium
2026-08-10,04:15,MG Road,237,57,Sunny,32,63,440,No,None,No,Medium
2026-08-17,15:45,Market Road,240,53,Foggy,26,54,1554,No,None,No,Medium
2026-11-14,13:00,College Road,74,77,Cloudy,32,42,1239,No,None,No,Low
2026-09-15,15:30,College Road,153,61,Sunny,32,90,537,Yes,None,No,Low
2026-11-29,14:15,Market Road,217,60,Sunny,36,72,336,Yes,Sports Match,No,Medium
2026-01-05,00:15,Ring Road,296,50,Rainy,30,84,301,No,None,No,Medium
2026-12-04,22:45,Ring Road,179,68,Rainy,25,53,841,No,None,No,Low
2026-06-06,18:15,City Center,352,44,Foggy,26,93,1432,Yes,None,No,High
2026-06-22,00:15,Bus Stand Road,221,53,Rainy,23,94,1062,No,None,No,Medium
2026-09-17,19:15,Market Road,619,17,Sunny,20,80,651,No,Festival,No,Very High
2026-12-05,10:00,Market Road,56,70,Cloudy,23,61,974,No,None,No,Low
2026-05-21,23:45,Bus Stand Road,218,61,Sunny,34,82,1170,No,None,No,Medium
2026-03-07,10:15,Ring Road,231,57,Cloudy,36,78,1598,Yes,Concert,No,Medium
2026-02-08,16:00,Airport Road,100,72,Cloudy,24,75,485,No,Festival,No,Low
2026-05-17,16:00,Bus Stand Road,332,46,Cloudy,32,88,831,Yes,Festival,No,Medium
2026-05-04,22:15,Ring Road,176,64,Cloudy,23,40,1454,No,Concert,No,Low
2026-05-23,18:15,Airport Road,623,22,Rainy,20,89,1706,Yes,None,No,Very High
2026-12-25,04:00,Bus Stand Road,178,67,Rainy,20,51,1158,No,None,No,Low
2026-05-11,16:45,Market Road,278,53,Foggy,33,40,1580,No,None,No,Medium
2026-02-12,00:30,Airport Road,80,69,Sunny,21,93,789,No,Concert,No,Low
2026-01-17,06:30,MG Road,342,43,Cloudy,39,91,1141,No,None,No,Medium
2026-08-20,08:00,Market Road,590,25,Sunny,28,78,1244,Yes,None,No,Very High
2026-02-06,10:00,City Center,153,65,Cloudy,26,93,1619,No,None,No,Low
2026-07-30,20:15,City Center,96,67,Foggy,23,83,1685,Yes,Festival,No,Low
2026-08-23,00:00,Market Road,221,53,Sunny,32,74,651,Yes,None,No,Medium
2026-01-19,14:30,MG Road,254,56,Rainy,36,65,753,Yes,Sports Match,No,Medium
2026-09-27,20:00,Ring Road,66,77,Foggy,33,64,490,Yes,None,No,Low
2026-01-27,10:30,Bus Stand Road,131,63,Sunny,20,67,522,Yes,Festival,No,Low
2026-02-27,03:45,City Center,124,72,Foggy,39,84,847,Yes,Sports Match,No,Low
2026-07-01,07:00,Bus Stand Road,287,49,Cloudy,35,80,329,Yes,None,No,Medium
2026-03-29,11:15,City Center,94,76,Foggy,39,93,995,Yes,None,Yes,Low
2026-02-03,01:00,Bus Stand Road,141,63,Rainy,24,69,1196,No,None,No,Low
2026-01-16,18:45,Market Road,431,41,Foggy,30,62,762,Yes,None,No,High
2026-03-15,10:00,College Road,131,65,Foggy,33,89,1793,No,None,No,Low
2026-11-06,21:45,Station Road,177,59,Rainy,24,82,1040,Yes,None,No,Low
2026-07-08,20:15,Airport Road,232,60,Rainy,30,56,1033,Yes,Concert,Yes,Medium
2026-07-21,00:30,Ring Road,278,53,Foggy,20,47,1543,No,None,Yes,Medium
2026-06-06,06:00,College Road,317,54,Cloudy,24,84,732,No,None,Yes,Medium
2026-02-04,13:30,Market Road,347,48,Cloudy,34,47,1370,No,None,No,Medium
2026-10-01,16:00,MG Road,65,79,Cloudy,29,62,1277,Yes,None,No,Low
2026-09-21,05:15,Ring Road,266,49,Rainy,20,46,1254,No,Sports Match,No,Medium
2026-07-03,08:30,Station Road,630,19,Rainy,30,92,336,No,None,No,Very High
2026-08-30,02:30,City Center,348,49,Cloudy,37,91,1471,No,None,No,Medium
2026-04-05,14:30,Ring Road,109,71,Foggy,21,85,1722,Yes,None,No,Low
2026-07-14,06:00,College Road,149,64,Cloudy,22,92,1024,No,Sports Match,No,Low
2026-10-04,11:45,Station Road,336,42,Sunny,26,84,1118,No,None,No,Medium
2026-10-06,02:00,Market Road,321,48,Foggy,25,60,1338,Yes,None,No,Medium
2026-06-25,12:15,Station Road,87,67,Rainy,28,68,1189,No,None,Yes,Low
2026-05-04,16:15,Airport Road,242,56,Foggy,21,62,1163,Yes,None,No,Medium
2026-08-24,15:30,Market Road,244,51,Rainy,39,73,1287,Yes,None,No,Medium
2026-04-17,04:30,Market Road,345,42,Foggy,27,61,1343,Yes,None,No,Medium
2026-01-31,17:00,College Road,586,24,Foggy,28,94,1281,No,None,Yes,Very High
2026-03-19,05:00,Airport Road,152,66,Sunny,31,71,1405,Yes,None,No,Low
2026-09-01,11:00,MG Road,309,55,Sunny,28,74,560,Yes,None,Yes,Medium
2026-05-19,22:45,Ring Road,103,74,Foggy,28,93,1761,Yes,None,No,Low
2026-01-24,10:45,Airport Road,342,51,Rainy,36,85,1686,Yes,None,No,Medium
2026-12-10,05:45,Bus Stand Road,260,51,Cloudy,39,46,1513,No,None,No,Medium
2026-04-24,00:15,Ring Road,80,77,Rainy,40,65,764,No,None,No,Low
2026-07-10,20:30,MG Road,276,57,Sunny,32,77,730,Yes,None,No,Medium
2026-04-09,16:30,College Road,104,75,Foggy,24,74,1305,Yes,None,No,Low
2026-02-09,10:45,City Center,200,55,Foggy,24,72,416,Yes,None,No,Medium
2026-02-08,09:15,Bus Stand Road,504,34,Foggy,22,68,1399,No,None,No,Very High
2026-09-15,00:45,Bus Stand Road,244,58,Foggy,35,47,705,Yes,None,No,Medium
2026-08-15,12:00,City Center,182,65,Foggy,40,59,577,No,None,No,Medium
2026-07-05,22:15,Ring Road,227,54,Sunny,23,91,673,Yes,None,No,Medium
2026-07-17,18:45,Ring Road,635,20,Foggy,28,73,1232,Yes,None,Yes,Very High
2026-06-20,22:15,Market Road,339,50,Rainy,21,65,1254,Yes,None,No,Medium
2026-12-20,01:00,Station Road,192,57,Cloudy,27,44,1092,Yes,None,Yes,Medium
2026-01-28,20:45,City Center,175,68,Sunny,30,64,470,No,None,No,Low
2026-10-23,16:15,Ring Road,281,51,Cloudy,38,47,376,Yes,None,No,Medium
2026-08-13,07:45,Station Road,177,65,Cloudy,24,84,829,Yes,None,No,Low
2026-11-08,14:45,Airport Road,158,65,Sunny,33,76,1323,No,None,No,Low
2026-02-07,02:00,Market Road,169,59,Cloudy,24,48,1571,No,Festival,Yes,Low
2026-12-28,07:30,City Center,73,77,Cloudy,29,40,1400,Yes,None,No,Low
2026-03-19,17:45,College Road,581,26,Cloudy,22,44,926,Yes,None,No,Very High
2026-02-08,19:15,Market Road,634,14,Foggy,27,89,1024,Yes,Concert,No,Very High
2026-07-19,22:00,City Center,331,52,Sunny,25,88,981,Yes,None,Yes,Medium
2026-10-04,16:45,Market Road,188,67,Rainy,20,51,317,Yes,Festival,No,Medium
2026-03-29,18:30,Ring Road,356,47,Rainy,22,65,1412,Yes,None,No,High
2026-09-20,21:45,Ring Road,114,74,Cloudy,24,75,351,Yes,None,No,Low
2026-01-20,20:45,Station Road,97,73,Sunny,32,60,543,Yes,None,No,Low
2026-02-23,16:15,Market Road,225,58,Cloudy,25,73,1759,No,None,No,Medium
2026-06-29,06:15,College Road,342,49,Cloudy,37,53,930,Yes,Sports Match,No,Medium
2026-05-05,09:30,Airport Road,358,48,Cloudy,21,93,1587,No,None,No,High
2026-06-08,21:45,MG Road,223,63,Rainy,37,41,1019,No,None,No,Medium
2026-06-02,04:45,MG Road,341,51,Rainy,27,45,461,No,None,No,Medium
2026-11-07,01:45,Ring Road,300,47,Rainy,31,69,353,Yes,None,No,Medium
2026-03-05,22:45,Ring Road,266,53,Sunny,33,66,337,Yes,None,No,Medium
2026-09-08,03:15,College Road,336,45,Sunny,35,59,1558,No,None,No,Medium
2026-12-22,10:30,MG Road,225,60,Cloudy,23,79,993,No,None,Yes,Medium
2026-01-06,10:15,Bus Stand Road,163,61,Sunny,20,82,614,No,None,No,Low
2026-03-06,06:00,Ring Road,127,70,Foggy,35,62,1214,Yes,None,No,Low
2026-09-27,10:15,City Center,269,57,Foggy,31,51,307,No,None,No,Medium
2026-06-07,22:15,City Center,140,63,Sunny,34,51,1438,No,Sports Match,Yes,Low
2026-11-25,17:30,MG Road,487,30,Sunny,28,81,777,Yes,None,No,High
2026-02-23,19:45,Market Road,480,31,Rainy,33,50,620,No,None,No,High
2026-04-30,23:45,Market Road,144,61,Rainy,39,68,1265,No,None,No,Low
2026-08-21,20:15,Station Road,321,52,Sunny,31,77,1227,No,None,No,Medium
2026-07-20,01:00,Ring Road,173,62,Cloudy,21,94,983,No,None,No,Low
2026-12-02,03:30,Station Road,256,60,Rainy,21,42,331,No,None,No,Medium
2026-03-02,05:45,College Road,268,51,Foggy,39,42,339,No,None,No,Medium
2026-06-08,16:45,Market Road,336,49,Cloudy,38,44,1788,Yes,None,No,Medium
2026-03-02,05:00,Bus Stand Road,64,75,Rainy,39,78,705,Yes,Festival,Yes,Low
2026-07-15,11:45,Station Road,53,73,Rainy,21,58,861,No,Sports Match,No,Low
2026-02-15,02:30,Airport Road,165,66,Cloudy,33,42,1363,No,None,No,Low
2026-08-09,14:15,Ring Road,277,49,Rainy,27,68,1321,Yes,None,No,Medium
2026-04-24,08:30,MG Road,372,47,Rainy,21,54,735,Yes,None,No,High
2026-12-21,02:15,Bus Stand Road,347,46,Cloudy,26,65,620,Yes,None,No,Medium
2026-05-30,22:15,Ring Road,193,61,Sunny,28,55,1471,No,Concert,No,Medium
2026-09-02,04:45,Ring Road,168,64,Sunny,21,73,848,Yes,None,No,Low
2026-09-21,16:45,MG Road,293,55,Cloudy,38,41,1333,No,None,No,Medium
2026-01-01,05:30,Station Road,264,55,Rainy,21,44,782,No,None,No,Medium
2026-12-26,07:30,Market Road,154,62,Sunny,34,67,531,Yes,None,No,Low
2026-04-15,13:00,College Road,277,51,Sunny,25,77,621,No,Festival,No,Medium
2026-09-05,00:45,City Center,200,61,Cloudy,29,77,379,No,None,No,Medium
2026-11-29,05:00,City Center,60,76,Rainy,21,63,1029,No,None,No,Low
2026-04-12,22:15,Bus Stand Road,175,66,Cloudy,23,81,553,Yes,None,No,Low
2026-04-11,22:30,Station Road,67,75,Sunny,40,63,1360,No,Festival,No,Low
2026-09-26,16:45,Station Road,299,46,Sunny,31,44,1362,Yes,None,No,Medium
2026-04-20,09:30,City Center,435,36,Rainy,38,88,1021,Yes,Concert,No,High
2026-05-19,02:00,Bus Stand Road,186,60,Cloudy,23,55,1109,No,None,No,Medium
2026-08-27,02:45,Station Road,286,48,Cloudy,35,79,1006,No,None,No,Medium
2026-01-29,11:15,Station Road,166,67,Rainy,26,65,1471,No,None,No,Low
2026-12-08,09:00,Station Road,543,30,Rainy,40,88,538,Yes,None,No,Very High
2026-10-07,19:45,Bus Stand Road,355,42,Sunny,22,91,467,Yes,Concert,No,High
2026-10-25,02:45,City Center,54,79,Cloudy,37,81,1489,Yes,None,No,Low
2026-12-23,03:30,Bus Stand Road,310,48,Sunny,31,57,1447,No,None,No,Medium
2026-04-08,18:00,City Center,429,35,Foggy,28,81,312,No,None,No,High
2026-10-28,08:45,Station Road,565,27,Sunny,21,52,1518,Yes,None,No,Very High
2026-01-10,20:45,College Road,181,60,Rainy,20,91,329,No,Festival,Yes,Medium
2026-10-12,22:45,MG Road,127,68,Rainy,22,72,1614,No,None,No,Low
2026-06-27,21:00,Ring Road,67,73,Rainy,23,72,1125,Yes,None,No,Low
2026-01-19,08:15,Ring Road,426,37,Sunny,35,78,832,Yes,None,No,High
2026-01-24,13:45,Bus Stand Road,276,53,Cloudy,34,91,828,No,None,No,Medium
2026-10-30,01:00,Ring Road,110,71,Foggy,32,92,1782,No,None,No,Low
2026-11-25,19:15,Airport Road,617,24,Rainy,34,62,992,No,None,No,Very High
2026-08-13,08:45,City Center,401,36,Foggy,30,91,1617,Yes,Sports Match,No,High
2026-08-07,00:00,Market Road,144,71,Cloudy,39,52,539,Yes,Concert,No,Low
2026-08-26,13:45,Bus Stand Road,349,51,Foggy,27,49,1445,Yes,None,No,Medium
2026-07-18,04:45,Ring Road,312,49,Foggy,29,76,726,No,Festival,No,Medium
2026-11-09,17:45,Market Road,526,32,Rainy,29,41,454,No,None,No,Very High
2026-04-18,00:30,Market Road,53,74,Cloudy,39,62,631,Yes,None,No,Low
2026-09-27,22:00,College Road,335,45,Foggy,31,55,1559,No,Festival,No,Medium
2026-09-25,14:30,MG Road,186,64,Cloudy,36,76,1488,Yes,None,No,Medium
2026-07-11,20:15,City Center,250,50,Cloudy,33,93,1424,No,None,No,Medium
2026-06-10,22:30,College Road,167,67,Sunny,21,59,823,Yes,None,No,Low
2026-11-28,12:15,City Center,91,69,Foggy,22,44,1730,Yes,None,No,Low
2026-07-24,01:45,Market Road,299,50,Cloudy,26,95,1340,No,None,No,Medium
2026-12-09,16:45,City Center,303,52,Cloudy,34,81,1082,No,Sports Match,No,Medium
2026-12-24,00:00,College Road,300,51,Foggy,23,94,719,Yes,None,No,Medium
2026-07-23,06:30,Airport Road,145,66,Rainy,30,92,893,Yes,None,No,Low
2026-04-23,10:30,Airport Road,181,59,Cloudy,25,86,438,No,None,No,Medium
2026-11-09,11:15,Bus Stand Road,161,63,Sunny,33,58,1189,Yes,Festival,No,Low
2026-10-01,02:00,Ring Road,179,68,Rainy,20,91,1169,No,Sports Match,No,Low
2026-04-01,03:45,City Center,81,73,Cloudy,27,52,352,No,Festival,No,Low
2026-03-19,07:15,Ring Road,251,51,Sunny,37,57,1786,No,Festival,No,Medium
2026-07-23,03:30,City Center,65,75,Cloudy,20,50,1662,Yes,None,No,Low
2026-01-06,07:30,MG Road,319,54,Cloudy,25,55,394,No,None,No,Medium
2026-09-13,03:15,Ring Road,240,54,Sunny,37,43,588,Yes,None,No,Medium
2026-10-08,03:45,MG Road,279,51,Cloudy,20,55,1251,Yes,None,No,Medium
2026-04-19,05:30,Bus Stand Road,271,50,Sunny,34,56,1639,No,None,Yes,Medium
2026-05-23,19:15,Ring Road,583,21,Sunny,23,77,1245,No,None,No,Very High
2026-01-08,02:00,College Road,311,48,Cloudy,32,68,1624,Yes,None,No,Medium
2026-05-28,23:45,MG Road,132,63,Sunny,38,47,1483,No,None,No,Low
2026-06-23,20:15,Ring Road,107,71,Cloudy,36,71,1652,Yes,None,No,Low
2026-05-26,23:30,City Center,50,78,Rainy,28,50,1575,No,None,No,Low
2026-10-12,07:45,Station Road,124,72,Rainy,33,50,705,Yes,None,No,Low
2026-05-10,18:45,Station Road,515,25,Cloudy,29,85,1661,Yes,None,Yes,Very High
2026-01-09,23:00,College Road,302,47,Rainy,20,54,1013,Yes,None,No,Medium
2026-07-12,02:45,MG Road,124,63,Foggy,20,69,768,No,None,No,Low
2026-02-02,15:00,City Center,299,53,Sunny,36,76,1289,No,Festival,No,Medium
2026-11-27,02:45,Ring Road,139,71,Rainy,21,75,1012,Yes,None,No,Low
2026-12-26,03:15,Ring Road,96,76,Cloudy,29,77,1237,No,None,No,Low
2026-07-26,15:00,Station Road,292,55,Cloudy,27,93,1120,No,None,No,Medium
2026-01-15,03:30,Airport Road,50,75,Sunny,21,84,1688,No,None,No,Low
2026-03-12,00:15,Station Road,313,45,Rainy,38,58,1734,Yes,Sports Match,No,Medium
2026-07-16,16:15,Market Road,106,69,Cloudy,20,76,1383,Yes,None,No,Low
2026-11-12,02:00,Airport Road,165,61,Sunny,39,56,1462,No,None,No,Low
2026-06-04,10:45,Station Road,290,55,Rainy,33,40,788,No,Festival,No,Medium
2026-02-23,13:30,Airport Road,203,58,Rainy,23,76,1152,No,Sports Match,No,Medium
2026-06-14,23:45,Market Road,327,44,Cloudy,37,84,1104,No,None,No,Medium
2026-01-07,17:00,Airport Road,579,24,Rainy,28,90,1569,No,None,No,Very High
2026-02-06,04:30,Airport Road,341,43,Foggy,37,46,511,Yes,None,Yes,Medium
2026-01-07,11:15,Ring Road,107,68,Foggy,25,51,1786,Yes,None,No,Low
2026-06-24,01:30,Market Road,177,67,Cloudy,38,86,759,No,None,Yes,Low
2026-02-23,01:30,Market Road,66,72,Cloudy,25,76,1617,No,None,No,Low
2026-09-21,21:00,Bus Stand Road,214,63,Cloudy,32,53,1096,Yes,Concert,No,Medium
2026-01-22,00:00,Airport Road,131,65,Cloudy,37,92,731,No,None,No,Low
2026-03-05,07:30,Market Road,95,71,Sunny,33,63,1099,Yes,None,No,Low
2026-04-10,17:15,Bus Stand Road,414,36,Cloudy,36,91,1187,Yes,None,Yes,High
2026-01-15,12:15,MG Road,143,69,Rainy,37,60,690,Yes,Concert,No,Low
2026-04-19,00:15,Market Road,250,56,Rainy,25,94,390,No,Festival,No,Medium
2026-09-07,00:30,City Center,232,54,Sunny,25,41,728,Yes,None,No,Medium
2026-08-16,09:30,Bus Stand Road,604,22,Cloudy,31,71,1736,Yes,None,No,Very High
2026-03-26,13:00,Station Road,207,63,Cloudy,23,84,1089,Yes,Festival,No,Medium
2026-10-28,15:00,Bus Stand Road,263,56,Sunny,32,66,1282,No,None,No,Medium
2026-07-27,05:15,City Center,295,47,Cloudy,33,67,755,Yes,None,No,Medium
2026-07-26,05:45,Market Road,248,57,Foggy,29,79,1366,Yes,None,No,Medium
2026-01-27,23:45,College Road,67,75,Foggy,29,84,967,No,None,No,Low
2026-04-17,01:45,MG Road,215,54,Rainy,33,62,1249,No,None,No,Medium
2026-12-05,03:15,College Road,247,55,Sunny,20,87,937,No,None,No,Medium
2026-06-09,01:30,Bus Stand Road,289,54,Rainy,32,56,1335,Yes,None,No,Medium
2026-09-09,17:15,Market Road,479,31,Cloudy,25,87,1692,No,None,No,High
2026-03-14,00:00,Bus Stand Road,324,50,Cloudy,34,42,901,Yes,None,No,Medium
2026-10-28,01:45,Market Road,341,46,Sunny,33,54,1752,No,None,No,Medium
2026-04-04,13:00,Ring Road,115,68,Cloudy,21,58,1679,No,None,No,Low
2026-05-18,11:00,Station Road,189,63,Foggy,20,49,806,Yes,None,No,Medium
2026-09-23,02:15,Ring Road,273,57,Sunny,34,57,697,Yes,None,No,Medium
2026-04-05,15:15,City Center,223,55,Sunny,32,53,897,No,None,No,Medium
2026-02-02,23:15,Station Road,135,62,Rainy,20,72,331,No,None,No,Low
2026-06-22,13:45,Airport Road,69,70,Cloudy,32,67,1118,No,None,No,Low
2026-01-14,03:45,College Road,172,66,Foggy,40,61,1080,No,Concert,No,Low
2026-07-01,06:30,Airport Road,271,58,Cloudy,22,90,540,Yes,None,No,Medium
2026-09-12,13:30,Airport Road,343,47,Sunny,35,54,490,Yes,None,No,Medium
2026-02-08,08:00,Airport Road,442,41,Rainy,23,53,1708,Yes,Sports Match,No,High
2026-11-04,22:15,Station Road,173,60,Foggy,25,91,1131,No,None,No,Low
2026-11-05,10:00,Bus Stand Road,214,54,Cloudy,25,90,820,No,None,No,Medium
2026-10-26,14:30,Bus Stand Road,204,65,Foggy,22,75,1680,No,None,No,Medium
2026-03-17,21:00,College Road,148,63,Foggy,34,79,1617,No,None,No,Low
2026-07-02,11:30,MG Road,333,44,Cloudy,40,87,1657,No,None,No,Medium
2026-07-07,08:15,Market Road,407,44,Cloudy,34,94,787,Yes,None,No,High
2026-07-20,21:15,Ring Road,236,62,Sunny,23,62,1352,No,None,No,Medium
2026-09-06,09:45,Bus Stand Road,390,45,Foggy,21,65,1113,Yes,Concert,No,High
2026-08-03,18:45,Station Road,548,31,Foggy,37,91,1323,Yes,None,No,Very High
2026-05-30,04:15,City Center,92,74,Sunny,29,88,618,Yes,None,No,Low
2026-05-07,06:45,College Road,284,54,Rainy,28,67,1555,Yes,None,No,Medium
2026-10-27,14:45,Airport Road,251,52,Sunny,23,53,1743,Yes,None,No,Medium
2026-09-17,02:15,Airport Road,202,59,Foggy,31,40,956,Yes,None,No,Medium
2026-10-25,21:15,MG Road,285,50,Foggy,38,56,837,No,None,Yes,Medium
2026-05-15,14:15,Station Road,182,63,Rainy,22,79,483,No,None,No,Medium
2026-09-05,05:30,Station Road,125,66,Sunny,37,94,891,Yes,None,No,Low
2026-10-02,19:15,MG Road,566,28,Foggy,20,48,937,Yes,None,Yes,Very High
2026-11-15,02:15,Station Road,256,57,Cloudy,25,74,431,Yes,None,No,Medium
2026-09-11,01:30,College Road,220,56,Rainy,25,72,612,Yes,None,No,Medium
2026-10-25,19:30,College Road,403,39,Sunny,35,82,1163,Yes,None,No,High
2026-09-16,20:45,Airport Road,326,48,Sunny,21,48,1770,Yes,Sports Match,No,Medium
2026-08-11,18:00,Ring Road,500,34,Cloudy,21,79,408,Yes,None,No,High
2026-09-17,09:30,Airport Road,430,33,Foggy,25,72,1592,No,None,Yes,High
2026-08-05,01:30,Market Road,285,51,Sunny,40,42,1176,Yes,None,No,Medium
2026-10-14,16:30,Ring Road,58,72,Sunny,26,65,761,No,None,Yes,Low
2026-12-14,09:30,Bus Stand Road,624,23,Rainy,39,88,1733,No,None,No,Very High
2026-09-23,00:00,Ring Road,215,55,Sunny,37,82,1693,No,Concert,No,Medium
2026-02-26,10:30,Station Road,81,77,Sunny,31,88,367,Yes,Concert,No,Low
2026-01-24,14:00,Airport Road,256,52,Cloudy,29,55,1147,No,None,No,Medium
2026-11-29,20:45,Ring Road,61,76,Rainy,37,48,377,No,None,No,Low
2026-08-22,03:45,Airport Road,328,51,Cloudy,24,56,1249,Yes,None,Yes,Medium
2026-03-17,20:45,MG Road,230,54,Sunny,28,64,795,No,None,No,Medium
2026-09-24,19:30,Ring Road,620,21,Sunny,22,80,1084,No,None,Yes,Very High
2026-09-21,15:45,City Center,114,68,Foggy,25,91,1082,No,None,No,Low
2026-02-16,14:30,Ring Road,225,57,Foggy,22,70,1571,Yes,None,No,Medium
2026-01-08,18:30,Ring Road,418,34,Sunny,22,67,1389,Yes,Festival,No,High
2026-11-13,02:30,College Road,235,55,Cloudy,32,52,1202,No,None,No,Medium
2026-12-02,17:30,Station Road,405,40,Rainy,34,53,1474,No,None,No,High
2026-10-04,01:30,Station Road,217,56,Cloudy,34,52,1462,No,None,No,Medium
2026-07-05,05:15,Bus Stand Road,104,74,Rainy,37,81,393,Yes,None,No,Low
2026-08-22,23:00,College Road,81,74,Rainy,23,56,1579,No,None,No,Low
2026-07-18,10:15,Station Road,293,49,Rainy,24,91,1357,No,None,No,Medium
2026-09-01,04:15,MG Road,225,55,Sunny,25,53,1456,Yes,Festival,No,Medium
2026-01-23,08:30,MG Road,413,42,Foggy,38,62,1347,Yes,None,No,High
2026-11-17,14:00,Station Road,333,45,Cloudy,40,89,1774,Yes,Concert,No,Medium
2026-04-15,13:00,Bus Stand Road,69,77,Foggy,37,56,334,Yes,None,No,Low
2026-01-22,14:15,Ring Road,282,50,Sunny,26,76,1617,No,None,No,Medium
2026-03-25,14:45,College Road,87,74,Sunny,21,48,308,No,Concert,No,Low
2026-02-25,12:00,Airport Road,120,64,Foggy,27,88,1702,No,None,No,Low
2026-11-17,18:45,Ring Road,366,40,Sunny,22,91,996,Yes,None,No,High
2026-02-18,02:15,MG Road,338,49,Sunny,21,74,1366,No,None,No,Medium
2026-06-28,12:00,City Center,145,61,Sunny,22,56,1487,Yes,None,No,Low
2026-05-27,18:00,MG Road,374,46,Cloudy,20,47,1799,No,Festival,No,High
2026-03-16,23:30,Ring Road,174,67,Rainy,32,53,1214,No,None,No,Low
2026-11-27,10:30,City Center,124,72,Rainy,20,82,541,Yes,None,No,Low
2026-05-22,12:00,Ring Road,306,54,Foggy,25,70,536,No,None,No,Medium
2026-12-27,02:00,MG Road,174,58,Cloudy,34,70,786,Yes,None,No,Low
2026-07-17,05:30,Bus Stand Road,301,54,Rainy,23,45,1606,Yes,Concert,No,Medium
2026-05-15,14:15,City Center,198,57,Cloudy,38,60,1016,Yes,None,No,Medium
2026-09-28,04:15,Market Road,210,63,Rainy,35,77,507,Yes,None,No,Medium
2026-06-19,14:30,Ring Road,107,72,Cloudy,26,81,1749,No,None,No,Low
2026-11-08,02:15,Station Road,288,49,Foggy,39,69,1674,No,None,No,Medium
2026-03-11,11:15,City Center,239,56,Sunny,39,75,1549,No,None,No,Medium
2026-12-30,04:30,Market Road,93,67,Cloudy,27,43,970,Yes,Festival,No,Low
2026-03-31,13:00,Bus Stand Road,247,58,Rainy,29,73,441,No,Sports Match,No,Medium
2026-10-14,16:30,Station Road,207,64,Sunny,31,84,1753,No,None,No,Medium
2026-05-29,19:00,Station Road,643,18,Cloudy,34,68,414,Yes,None,No,Very High
2026-12-17,22:15,Market Road,97,76,Sunny,25,92,1359,Yes,None,No,Low
2026-04-23,01:45,Market Road,240,53,Sunny,28,44,1641,No,None,No,Medium
2026-02-15,15:30,Bus Stand Road,105,65,Cloudy,35,70,688,Yes,None,No,Low
2026-02-15,19:00,College Road,362,39,Foggy,28,69,567,No,None,No,High
2026-05-28,01:30,Bus Stand Road,272,50,Sunny,39,60,1287,No,None,No,Medium
2026-04-29,00:00,Market Road,88,70,Rainy,29,61,1113,Yes,None,Yes,Low
2026-03-30,23:15,Station Road,86,77,Cloudy,20,49,666,Yes,None,No,Low
2026-12-23,21:00,MG Road,120,69,Foggy,35,95,965,No,None,No,Low
2026-06-29,21:15,City Center,211,55,Cloudy,38,85,1378,No,None,No,Medium
2026-11-02,02:30,College Road,295,48,Rainy,25,60,815,Yes,None,No,Medium
2026-07-19,05:30,Airport Road,277,48,Cloudy,34,90,1451,Yes,None,No,Medium
2026-07-31,05:00,City Center,182,57,Rainy,32,53,1420,No,Concert,No,Medium
2026-12-27,01:00,Bus Stand Road,330,43,Foggy,40,63,1116,No,None,No,Medium
2026-10-07,06:30,City Center,59,70,Foggy,34,75,889,No,Concert,No,Low
2026-02-06,01:45,Bus Stand Road,295,51,Foggy,32,53,750,No,None,No,Medium
2026-04-08,12:00,Station Road,84,74,Sunny,23,43,359,Yes,None,Yes,Low
2026-04-29,20:45,MG Road,165,61,Cloudy,36,90,1056,Yes,None,No,Low
2026-04-11,08:15,MG Road,580,20,Rainy,31,44,1623,No,None,No,Very High
2026-02-26,01:15,Airport Road,223,54,Sunny,33,89,1045,Yes,Sports Match,No,Medium
2026-03-11,22:45,Ring Road,230,56,Foggy,37,80,1611,Yes,Festival,No,Medium
2026-08-21,15:45,MG Road,345,46,Cloudy,34,91,1590,Yes,None,No,Medium
2026-04-03,07:30,Station Road,71,68,Rainy,40,72,1436,No,None,No,Low
2026-10-03,05:30,Ring Road,128,63,Cloudy,37,44,1185,No,None,No,Low
2026-02-19,13:00,City Center,231,61,Rainy,26,81,586,No,None,No,Medium
2026-06-11,04:15,MG Road,74,75,Rainy,36,52,1286,No,None,No,Low
2026-07-17,23:45,Ring Road,109,73,Cloudy,29,76,1026,No,None,No,Low
2026-06-10,01:30,City Center,79,74,Cloudy,37,51,1132,No,None,No,Low
2026-04-02,13:00,Market Road,88,67,Sunny,29,45,1521,Yes,None,No,Low
2026-07-10,02:15,Market Road,191,63,Rainy,29,50,620,No,None,No,Medium
2026-04-08,03:45,MG Road,293,49,Foggy,23,85,1239,No,Festival,No,Medium
2026-08-19,03:30,Bus Stand Road,149,61,Rainy,36,76,760,No,Festival,No,Low
2026-05-15,23:30,College Road,290,50,Cloudy,35,62,1000,No,None,No,Medium
2026-08-07,02:30,Market Road,139,68,Foggy,28,61,895,No,None,No,Low
2026-10-04,13:30,Station Road,246,59,Sunny,34,69,608,Yes,None,Yes,Medium
2026-06-12,00:30,Market Road,286,47,Rainy,34,71,716,Yes,None,No,Medium
2026-09-16,06:00,Station Road,64,74,Sunny,28,94,1750,No,None,No,Low
2026-10-31,19:00,Bus Stand Road,420,40,Cloudy,39,69,622,Yes,None,No,High
2026-10-26,21:45,Station Road,116,67,Cloudy,27,89,1765,Yes,Festival,No,Low
2026-12-30,17:30,Airport Road,487,33,Sunny,25,43,648,No,None,No,High
2026-12-20,11:45,City Center,87,71,Sunny,26,50,579,Yes,None,No,Low
2026-09-20,15:15,Ring Road,173,63,Sunny,40,78,533,Yes,None,No,Low
2026-03-18,12:30,City Center,284,54,Rainy,27,79,1126,Yes,None,No,Medium
2026-02-05,12:00,Bus Stand Road,265,52,Cloudy,38,45,1365,No,None,No,Medium
2026-04-24,07:00,City Center,286,53,Foggy,21,93,357,No,None,Yes,Medium
2026-04-12,00:00,Bus Stand Road,215,54,Foggy,22,48,1742,Yes,None,No,Medium
2026-03-15,20:00,Station Road,126,67,Cloudy,32,56,1722,No,Sports Match,No,Low
2026-02-27,21:00,MG Road,56,70,Cloudy,35,56,1323,No,None,No,Low
2026-09-08,16:45,Station Road,133,64,Rainy,37,43,1017,No,None,No,Low
2026-05-23,22:30,City Center,229,56,Rainy,35,84,665,No,None,No,Medium
2026-03-13,21:15,Airport Road,66,77,Foggy,30,64,315,No,Festival,No,Low
2026-11-30,11:45,Station Road,240,52,Cloudy,24,50,813,No,Festival,No,Medium
2026-06-18,01:30,Market Road,70,78,Foggy,38,87,1379,Yes,None,No,Low
2026-12-17,03:15,Market Road,208,64,Cloudy,29,40,1243,No,None,No,Medium
2026-10-15,14:30,Bus Stand Road,144,63,Cloudy,20,66,1071,Yes,Festival,No,Low
2026-07-19,04:00,Bus Stand Road,235,54,Sunny,40,90,1415,No,None,No,Medium
2026-06-25,08:00,Bus Stand Road,432,33,Cloudy,39,72,746,No,None,No,High
2026-10-15,02:45,City Center,227,53,Rainy,29,55,1314,Yes,None,No,Medium
2026-01-26,20:45,Station Road,315,51,Foggy,25,82,816,Yes,None,No,Medium
2026-07-30,12:15,Market Road,74,72,Rainy,38,64,791,Yes,None,No,Low
2026-06-03,21:15,College Road,52,73,Sunny,28,73,557,Yes,None,No,Low
2026-07-08,15:45,College Road,213,54,Cloudy,30,77,1445,Yes,None,No,Medium
2026-11-28,10:30,Ring Road,342,43,Rainy,27,55,1484,No,None,No,Medium
2026-11-12,20:00,Station Road,103,72,Rainy,24,90,358,No,Festival,No,Low
2026-11-06,15:45,City Center,300,49,Foggy,33,61,1665,No,None,No,Medium
2026-04-27,10:30,MG Road,195,64,Cloudy,35,60,784,No,Festival,No,Medium
2026-03-14,12:15,Ring Road,325,47,Sunny,35,52,1269,Yes,None,No,Medium
2026-11-04,16:00,Airport Road,202,62,Rainy,33,68,701,No,None,No,Medium
2026-08-23,08:15,MG Road,609,25,Sunny,37,74,475,No,None,No,Very High
2026-08-10,08:30,MG Road,450,40,Foggy,32,64,1490,No,None,No,High
2026-07-09,14:00,Bus Stand Road,59,77,Foggy,33,46,599,No,None,No,Low
2026-06-24,18:15,Ring Road,503,28,Sunny,33,70,396,Yes,None,No,Very High
2026-09-25,19:15,Bus Stand Road,514,27,Rainy,36,52,1030,Yes,Concert,Yes,Very High
2026-05-22,19:45,Station Road,528,27,Rainy,33,57,1342,No,None,No,Very High
2026-06-24,13:00,City Center,127,71,Sunny,31,88,430,Yes,Festival,No,Low
2026-03-31,15:00,Market Road,229,59,Sunny,34,70,313,Yes,None,No,Medium
2026-08-04,06:15,Bus Stand Road,329,49,Rainy,23,68,1142,Yes,None,No,Medium
2026-11-20,14:00,Market Road,59,74,Sunny,28,69,525,Yes,None,No,Low
2026-11-19,03:00,College Road,347,47,Cloudy,31,48,515,Yes,None,No,Medium
2026-03-30,10:45,Airport Road,211,60,Rainy,22,74,1568,Yes,None,No,Medium
2026-11-24,14:00,Market Road,198,59,Sunny,37,57,1354,No,None,No,Medium
2026-09-28,12:45,Station Road,162,63,Rainy,38,61,970,No,None,Yes,Low
2026-05-28,18:45,Station Road,460,34,Rainy,40,84,1428,No,Concert,No,High
2026-05-29,02:45,MG Road,91,68,Cloudy,29,49,574,No,None,No,Low
2026-02-27,09:00,Ring Road,472,28,Cloudy,33,76,342,No,None,No,High
2026-05-01,14:30,Market Road,294,50,Sunny,28,70,1076,Yes,None,No,Medium
2026-03-31,16:15,Bus Stand Road,299,48,Cloudy,22,44,1324,No,None,No,Medium
2026-05-15,14:45,MG Road,211,54,Sunny,27,84,671,No,Concert,No,Medium
2026-07-14,20:45,Airport Road,251,57,Sunny,20,92,321,No,Concert,No,Medium
2026-07-01,05:00,College Road,339,52,Sunny,32,93,346,Yes,None,No,Medium
2026-01-30,22:30,Station Road,283,53,Sunny,20,69,1007,No,None,No,Medium
2026-10-18,14:15,City Center,145,65,Cloudy,22,82,1326,No,None,No,Low
2026-11-25,15:30,Airport Road,192,56,Sunny,24,56,1491,No,None,No,Medium
2026-10-03,07:00,Station Road,103,65,Cloudy,27,84,1484,Yes,Festival,No,Low
2026-02-01,18:00,City Center,466,29,Sunny,32,61,797,Yes,None,No,High
2026-05-20,19:00,Market Road,367,42,Sunny,29,60,1676,No,Sports Match,No,High
2026-05-21,01:45,City Center,187,62,Rainy,31,46,1070,No,None,No,Medium
2026-11-24,20:45,College Road,241,61,Foggy,31,66,906,No,None,No,Medium
2026-12-24,22:30,College Road,95,69,Rainy,35,85,1740,Yes,None,No,Low
2026-02-22,01:00,Airport Road,181,60,Cloudy,20,78,333,Yes,None,No,Medium
2026-09-19,06:00,Station Road,108,66,Rainy,33,92,1002,Yes,None,No,Low
2026-04-26,16:30,College Road,302,50,Sunny,26,52,1438,Yes,None,No,Medium
2026-01-23,01:45,Bus Stand Road,155,66,Cloudy,22,95,1649,No,None,No,Low
2026-08-27,06:30,College Road,313,47,Cloudy,36,64,1516,No,None,No,Medium
2026-01-16,13:00,Ring Road,64,71,Sunny,21,87,1549,No,Concert,No,Low
2026-02-26,14:00,College Road,170,59,Rainy,40,77,1776,Yes,None,No,Low
2026-10-22,03:15,College Road,136,63,Sunny,38,94,310,Yes,None,No,Low
2026-05-22,11:15,Bus Stand Road,52,78,Cloudy,26,45,1382,No,None,No,Low
2026-03-31,01:30,Bus Stand Road,257,56,Cloudy,39,75,1158,Yes,Festival,No,Medium
2026-04-30,13:15,City Center,200,58,Sunny,26,84,1149,No,None,No,Medium
2026-05-02,14:45,Market Road,330,51,Foggy,37,64,863,No,None,No,Medium
2026-11-06,18:15,City Center,416,42,Rainy,30,81,1355,Yes,None,No,High
2026-09-28,22:30,MG Road,318,49,Sunny,32,73,349,No,None,No,Medium
2026-10-22,07:00,Bus Stand Road,131,63,Sunny,22,68,636,Yes,Festival,No,Low
2026-02-05,14:00,City Center,289,51,Sunny,27,59,1337,No,None,No,Medium
2026-04-12,01:00,College Road,161,65,Rainy,20,51,1540,No,None,No,Low
2026-05-25,04:30,Airport Road,80,74,Sunny,24,70,1782,Yes,None,No,Low
2026-07-22,19:00,College Road,551,21,Rainy,26,60,833,No,None,No,Very High
2026-03-19,21:45,College Road,212,57,Cloudy,21,80,1576,No,None,No,Medium
2026-01-01,07:30,City Center,162,66,Rainy,33,61,1726,Yes,None,No,Low
2026-03-23,05:15,MG Road,70,77,Cloudy,28,53,1013,No,None,No,Low
2026-03-05,05:15,MG Road,331,47,Sunny,28,69,418,Yes,None,Yes,Medium
2026-06-21,21:00,MG Road,226,58,Sunny,34,76,1543,Yes,None,No,Medium
2026-01-12,11:00,Bus Stand Road,159,67,Foggy,28,57,829,No,None,No,Low
2026-10-13,20:00,College Road,129,69,Foggy,21,94,857,No,Festival,No,Low
2026-03-12,12:45,MG Road,113,73,Cloudy,23,85,596,No,None,No,Low
2026-06-28,08:45,Market Road,378,43,Cloudy,22,88,1318,Yes,None,No,High
2026-02-13,16:45,Ring Road,76,71,Cloudy,29,80,698,No,None,No,Low
2026-02-14,01:30,Market Road,248,54,Foggy,22,67,1384,Yes,None,No,Medium
2026-07-18,20:00,City Center,80,73,Foggy,20,93,424,Yes,Festival,No,Low
2026-06-20,13:45,Market Road,248,61,Rainy,40,91,475,No,Sports Match,No,Medium
2026-10-02,20:30,Ring Road,166,66,Cloudy,29,81,724,No,None,No,Low
2026-04-04,23:15,Bus Stand Road,299,52,Sunny,36,91,558,Yes,None,No,Medium
2026-06-25,02:30,Ring Road,136,62,Sunny,39,62,1087,No,None,No,Low
2026-06-08,18:00,Airport Road,467,30,Foggy,28,47,548,No,None,No,High
2026-04-20,14:30,College Road,333,45,Sunny,24,51,1709,Yes,None,No,Medium
2026-10-15,18:45,Bus Stand Road,410,44,Sunny,30,84,838,Yes,None,No,High
2026-06-02,21:15,MG Road,288,48,Foggy,22,77,1755,Yes,None,No,Medium
2026-03-04,23:15,Market Road,119,70,Foggy,21,66,1538,No,None,No,Low
2026-05-21,13:00,Airport Road,101,69,Cloudy,22,76,1118,Yes,None,No,Low
2026-05-21,12:45,College Road,271,51,Rainy,34,74,568,Yes,None,No,Medium
2026-07-09,10:30,Market Road,261,56,Foggy,24,87,1544,No,None,No,Medium
2026-09-15,08:45,City Center,636,20,Foggy,32,40,350,Yes,Festival,Yes,Very High
2026-09-08,20:00,College Road,133,72,Cloudy,34,82,319,Yes,None,No,Low
2026-07-23,13:45,Bus Stand Road,228,53,Rainy,30,90,1091,Yes,None,No,Medium
2026-02-14,10:15,Ring Road,116,69,Cloudy,40,60,1524,No,None,No,Low
2026-07-21,05:15,Airport Road,156,66,Rainy,23,81,1118,Yes,None,No,Low
2026-11-30,11:30,Ring Road,164,69,Rainy,26,82,1286,No,None,No,Low
2026-05-07,07:15,City Center,289,51,Foggy,34,56,424,No,None,No,Medium
2026-01-26,05:45,Market Road,74,71,Foggy,20,92,1268,No,Festival,No,Low
2026-05-11,13:15,Bus Stand Road,345,46,Cloudy,27,79,1208,No,None,No,Medium
2026-01-21,07:15,Station Road,122,70,Foggy,33,60,859,No,None,No,Low
2026-10-23,01:30,MG Road,71,72,Cloudy,31,44,1624,No,None,No,Low
2026-11-07,16:00,Bus Stand Road,332,45,Cloudy,40,73,1558,Yes,None,No,Medium
2026-12-27,04:15,Market Road,236,58,Rainy,24,84,1282,Yes,None,No,Medium
2026-04-01,00:00,Airport Road,317,46,Cloudy,33,83,1644,Yes,None,No,Medium
2026-12-26,09:30,College Road,422,39,Rainy,25,78,770,Yes,None,No,High
2026-10-25,16:30,Station Road,236,55,Sunny,35,75,907,No,None,Yes,Medium
2026-03-05,08:00,Market Road,564,20,Rainy,24,89,378,No,None,No,Very High
2026-07-25,17:00,MG Road,500,26,Sunny,32,68,800,Yes,None,No,High
2026-05-19,06:30,Market Road,121,70,Rainy,28,66,935,No,None,Yes,Low
2026-10-23,18:45,Ring Road,395,40,Cloudy,38,69,1512,No,None,No,High
2026-06-30,03:00,Market Road,265,49,Rainy,23,41,625,No,None,No,Medium
2026-08-28,02:00,Bus Stand Road,100,72,Rainy,39,47,904,Yes,None,No,Low
2026-11-24,03:15,Ring Road,213,62,Foggy,29,48,627,No,None,No,Medium
2026-06-03,05:45,College Road,151,61,Sunny,28,84,444,Yes,Festival,No,Low
2026-11-18,03:15,Market Road,223,56,Foggy,37,91,991,No,None,No,Medium
2026-10-30,15:30,Ring Road,63,77,Rainy,37,66,1389,Yes,None,No,Low
2026-12-30,12:15,Station Road,198,62,Rainy,22,55,900,No,None,No,Medium
2026-01-11,12:30,City Center,73,69,Foggy,38,52,958,No,None,No,Low
2026-10-05,08:15,City Center,566,19,Foggy,34,89,1248,No,Sports Match,No,Very High
2026-08-19,21:15,Bus Stand Road,267,53,Foggy,39,60,1118,No,None,No,Medium
2026-03-29,06:45,Bus Stand Road,117,70,Sunny,32,53,1298,Yes,None,No,Low
2026-01-31,01:45,College Road,230,58,Foggy,39,80,1612,Yes,None,No,Medium
2026-04-29,12:00,Ring Road,333,49,Cloudy,39,49,578,Yes,None,No,Medium
2026-10-19,08:15,Airport Road,407,40,Cloudy,26,89,893,Yes,Sports Match,No,High
2026-10-01,12:30,Market Road,317,51,Foggy,28,68,809,No,None,No,Medium
2026-07-10,01:45,Market Road,346,49,Cloudy,27,62,1277,Yes,None,No,Medium
2026-12-31,03:00,Ring Road,209,65,Cloudy,29,71,470,Yes,Sports Match,Yes,Medium
2026-08-29,18:00,Airport Road,469,38,Foggy,30,72,811,No,None,No,High
2026-12-21,10:45,Ring Road,350,44,Sunny,25,46,1179,No,Concert,No,Medium
2026-01-09,15:15,Ring Road,78,70,Sunny,20,69,1727,No,None,No,Low
2026-09-27,18:15,Market Road,469,37,Cloudy,37,69,1784,No,Concert,No,High
2026-09-23,21:30,Station Road,122,66,Cloudy,21,51,694,No,None,No,Low
2026-01-20,13:30,Airport Road,277,50,Cloudy,35,86,1174,Yes,None,No,Medium
2026-06-10,20:30,Airport Road,287,52,Foggy,24,93,1112,Yes,None,No,Medium
2026-03-24,22:45,Market Road,222,56,Foggy,28,49,1736,No,None,No,Medium
2026-04-07,16:15,Market Road,134,66,Cloudy,26,52,1143,No,None,No,Low
2026-03-19,22:15,Bus Stand Road,204,55,Foggy,30,62,1379,No,None,No,Medium
2026-08-06,14:45,Bus Stand Road,311,45,Sunny,38,86,551,No,None,No,Medium
2026-09-28,16:15,Ring Road,232,52,Rainy,32,62,848,Yes,None,Yes,Medium
2026-08-18,00:00,Bus Stand Road,70,68,Rainy,36,53,1484,Yes,None,No,Low
2026-01-08,11:00,City Center,307,54,Foggy,40,77,393,Yes,Concert,No,Medium
2026-12-20,03:15,Ring Road,88,72,Foggy,24,49,969,No,None,No,Low
2026-09-09,06:15,MG Road,57,75,Sunny,21,40,1307,No,None,No,Low
2026-01-10,08:15,MG Road,351,41,Foggy,37,84,825,Yes,None,No,High
2026-11-29,21:15,College Road,183,63,Sunny,31,54,1567,Yes,Sports Match,No,Medium
2026-12-19,19:30,MG Road,543,27,Rainy,22,53,663,Yes,Festival,No,Very High
2026-05-20,14:15,Airport Road,126,73,Rainy,40,90,580,Yes,None,No,Low
2026-11-02,01:15,Bus Stand Road,197,65,Foggy,21,93,458,No,Festival,No,Medium
2026-06-22,05:45,Bus Stand Road,170,63,Foggy,28,56,1337,Yes,Sports Match,No,Low
2026-06-17,15:45,MG Road,298,47,Sunny,37,80,675,No,Concert,No,Medium
2026-01-20,10:15,Airport Road,296,56,Sunny,36,56,676,Yes,None,No,Medium
2026-03-07,20:45,City Center,109,66,Sunny,38,52,780,No,None,No,Low
2026-07-03,04:15,College Road,267,51,Rainy,32,58,1472,No,None,No,Medium
2026-07-18,04:30,Market Road,89,77,Rainy,29,47,1321,No,None,No,Low
2026-04-10,00:45,College Road,81,67,Rainy,28,77,1466,Yes,None,No,Low
2026-02-20,18:15,MG Road,414,44,Rainy,28,88,1176,No,None,No,High
2026-10-23,04:15,Station Road,190,56,Sunny,39,58,1054,Yes,None,No,Medium
2026-04-05,19:30,City Center,644,14,Sunny,27,70,950,No,None,No,Very High
2026-12-22,17:15,Market Road,443,38,Foggy,35,57,727,Yes,None,No,High
2026-07-01,16:15,MG Road,200,56,Cloudy,20,80,745,No,None,Yes,Medium
2026-09-07,09:15,MG Road,369,39,Foggy,25,59,611,No,None,No,High
2026-09-20,05:15,Airport Road,111,66,Rainy,37,67,458,Yes,None,No,Low
2026-07-13,23:00,City Center,96,68,Sunny,30,75,1651,Yes,None,No,Low
2026-05-05,02:45,Ring Road,89,75,Sunny,22,54,1401,No,None,No,Low
2026-01-31,09:00,College Road,403,36,Rainy,35,59,1683,Yes,None,Yes,High
2026-02-20,14:45,Airport Road,162,64,Foggy,32,49,494,No,None,No,Low
2026-12-04,16:00,Market Road,108,71,Cloudy,29,84,395,Yes,None,No,Low
2026-01-16,06:00,City Center,253,51,Cloudy,35,50,888,Yes,None,No,Medium
2026-12-24,20:30,Station Road,258,50,Sunny,40,90,499,Yes,None,No,Medium
2026-02-15,05:45,MG Road,222,54,Sunny,35,42,1491,No,None,No,Medium
2026-12-07,20:30,MG Road,247,58,Cloudy,32,92,1232,No,None,No,Medium
2026-09-17,23:00,Bus Stand Road,188,61,Foggy,28,68,764,Yes,None,No,Medium
2026-08-27,01:00,Airport Road,279,58,Foggy,25,49,965,No,None,No,Medium
2026-04-14,16:00,College Road,292,53,Rainy,37,50,503,Yes,None,Yes,Medium
2026-06-01,06:45,Market Road,245,60,Cloudy,40,88,1172,Yes,Concert,No,Medium
2026-07-07,05:00,Market Road,149,61,Sunny,31,81,681,No,Concert,No,Low
2026-12-22,22:15,MG Road,201,60,Cloudy,25,68,1125,No,None,No,Medium
2026-05-08,17:30,Bus Stand Road,477,32,Sunny,31,76,964,Yes,Festival,No,High
2026-11-25,05:00,City Center,228,55,Foggy,24,63,828,Yes,None,No,Medium
2026-11-14,01:00,Station Road,325,50,Cloudy,40,75,578,Yes,Concert,No,Medium
2026-04-17,10:15,Airport Road,337,52,Sunny,27,64,684,Yes,None,No,Medium
2026-06-28,20:00,Airport Road,68,70,Cloudy,34,42,1493,No,None,No,Low
2026-09-06,06:15,Bus Stand Road,88,75,Rainy,39,49,774,Yes,None,No,Low
2026-01-27,22:30,City Center,73,70,Rainy,37,87,1109,No,None,No,Low
2026-02-06,07:45,Market Road,188,67,Foggy,32,44,759,No,None,No,Medium
2026-06-21,23:00,Bus Stand Road,101,68,Sunny,36,61,383,No,None,No,Low
2026-06-14,04:30,Ring Road,316,54,Sunny,29,75,641,No,Concert,No,Medium
2026-11-24,10:15,City Center,332,42,Rainy,27,44,1172,Yes,None,No,Medium
2026-06-08,18:45,Market Road,382,46,Cloudy,27,41,774,Yes,None,Yes,High
2026-11-22,20:00,Market Road,170,66,Cloudy,21,61,1023,No,Festival,No,Low
2026-02-17,21:00,Station Road,214,58,Foggy,28,85,1664,Yes,None,No,Medium
2026-09-10,12:00,Ring Road,114,72,Sunny,26,49,1279,Yes,Festival,No,Low
2026-07-01,13:00,City Center,298,52,Foggy,27,64,1222,No,None,No,Medium
2026-09-14,19:00,College Road,401,39,Rainy,21,47,1356,No,None,No,High
2026-05-25,06:15,Bus Stand Road,300,55,Rainy,34,77,1217,No,None,No,Medium
2026-05-15,21:15,Airport Road,305,55,Rainy,26,72,1137,No,None,No,Medium
2026-02-19,01:45,City Center,223,56,Rainy,35,52,1242,Yes,None,No,Medium
2026-09-10,11:15,Airport Road,62,69,Sunny,32,76,1179,Yes,Festival,No,Low
2026-12-16,18:45,Bus Stand Road,553,21,Foggy,33,75,712,No,Sports Match,No,Very High
2026-05-04,21:15,Ring Road,58,77,Sunny,32,87,1441,No,None,Yes,Low
2026-07-14,02:00,Market Road,204,64,Sunny,23,82,660,Yes,None,No,Medium
2026-10-13,14:30,Ring Road,233,52,Sunny,33,84,988,No,None,No,Medium
2026-01-22,14:30,Ring Road,143,70,Sunny,21,79,1758,No,None,No,Low
2026-10-16,13:15,MG Road,125,64,Cloudy,20,76,600,Yes,None,No,Low
2026-09-12,19:30,City Center,613,18,Cloudy,40,85,450,Yes,Sports Match,No,Very High
2026-07-24,18:45,Ring Road,488,35,Cloudy,21,50,1367,Yes,Sports Match,No,High
2026-11-01,17:00,College Road,581,24,Foggy,37,68,927,No,None,No,Very High
2026-08-27,12:15,Station Road,124,65,Foggy,24,51,1493,Yes,None,No,Low
2026-10-24,11:45,City Center,260,56,Foggy,22,90,625,Yes,None,No,Medium
2026-11-06,19:00,Station Road,638,21,Cloudy,37,71,1128,No,Festival,Yes,Very High
2026-03-06,09:45,College Road,416,38,Sunny,29,76,627,No,None,No,High
2026-01-10,12:00,Airport Road,323,53,Foggy,29,40,1115,No,None,No,Medium
2026-01-07,19:15,MG Road,599,16,Cloudy,22,44,561,No,None,No,Very High
2026-05-08,07:15,Bus Stand Road,248,52,Foggy,27,82,1655,Yes,None,Yes,Medium
2026-04-21,17:45,Airport Road,547,26,Rainy,24,89,1723,No,None,No,Very High
2026-04-12,14:45,Market Road,252,60,Sunny,40,91,886,Yes,None,No,Medium
2026-08-06,06:45,Ring Road,130,66,Cloudy,23,94,1602,Yes,None,No,Low
2026-06-24,06:15,Bus Stand Road,185,59,Cloudy,27,78,1525,Yes,None,No,Medium
2026-01-22,17:45,Ring Road,587,25,Foggy,24,76,1702,No,None,No,Very High
2026-08-07,10:45,MG Road,134,70,Rainy,21,44,1104,No,None,No,Low
2026-08-15,12:45,MG Road,257,57,Rainy,39,87,568,No,None,No,Medium
2026-11-25,01:30,City Center,55,75,Foggy,27,90,1663,No,None,No,Low
2026-12-23,10:30,College Road,267,53,Rainy,35,50,957,Yes,Festival,No,Medium
2026-02-25,20:45,MG Road,223,56,Rainy,29,86,1589,Yes,Festival,No,Medium
2026-10-17,19:30,Market Road,412,35,Cloudy,32,87,1202,No,None,Yes,High
2026-03-02,07:30,MG Road,320,45,Foggy,21,54,1205,Yes,None,No,Medium
2026-05-09,23:00,Ring Road,316,52,Rainy,23,54,1729,Yes,Festival,No,Medium
2026-01-30,10:45,Bus Stand Road,81,73,Sunny,39,71,1121,No,Concert,No,Low
2026-04-05,22:45,Airport Road,307,55,Cloudy,20,62,1264,No,Sports Match,No,Medium
2026-06-20,20:00,College Road,330,52,Cloudy,21,92,386,No,Festival,No,Medium
2026-03-20,19:30,Bus Stand Road,439,38,Rainy,35,53,1613,Yes,None,No,High
2026-07-10,05:00,College Road,56,70,Cloudy,22,41,1502,Yes,None,No,Low
2026-06-14,21:45,City Center,309,52,Sunny,26,73,399,No,None,No,Medium
2026-12-25,05:30,Market Road,225,56,Cloudy,35,61,645,No,None,No,Medium
2026-01-29,16:15,Ring Road,73,72,Cloudy,31,51,1294,No,None,No,Low
2026-02-24,04:00,City Center,281,51,Sunny,24,86,922,No,None,No,Medium
2026-02-11,21:45,Station Road,312,47,Rainy,21,68,1184,Yes,None,No,Medium
2026-12-12,03:45,City Center,99,73,Rainy,38,45,912,No,None,No,Low
2026-01-18,22:00,Ring Road,318,46,Sunny,39,54,1725,Yes,Festival,No,Medium
2026-02-28,09:00,Airport Road,562,25,Cloudy,28,43,1267,Yes,None,Yes,Very High
2026-12-26,18:15,Market Road,454,30,Sunny,33,45,434,Yes,None,Yes,High
2026-08-22,23:15,Bus Stand Road,110,71,Foggy,24,76,339,No,None,No,Low
2026-06-07,07:30,Airport Road,97,75,Sunny,25,57,656,Yes,Festival,No,Low
2026-12-19,06:15,Bus Stand Road,177,65,Foggy,22,75,1047,Yes,None,No,Low
2026-11-18,06:15,City Center,70,73,Cloudy,29,64,1741,No,None,No,Low
2026-06-29,12:45,College Road,115,71,Rainy,25,85,632,No,None,No,Low
2026-04-23,08:15,City Center,576,26,Foggy,20,70,601,Yes,None,No,Very High
2026-10-28,21:15,Market Road,151,68,Sunny,28,93,1619,Yes,None,Yes,Low
2026-09-23,11:00,City Center,283,48,Cloudy,32,84,396,Yes,None,No,Medium
2026-11-15,01:45,Bus Stand Road,78,70,Rainy,33,62,983,Yes,None,No,Low
2026-03-22,23:00,Market Road,263,49,Sunny,40,54,339,No,None,No,Medium
2026-04-26,03:15,City Center,125,63,Rainy,26,83,1581,Yes,Festival,No,Low
2026-10-07,08:30,Bus Stand Road,477,35,Cloudy,27,52,414,No,None,No,High
2026-05-25,07:45,City Center,257,59,Sunny,34,79,1238,Yes,Sports Match,No,Medium
2026-11-13,11:15,City Center,185,59,Sunny,31,56,1286,Yes,None,No,Medium
2026-03-21,06:15,Ring Road,185,64,Rainy,28,40,649,Yes,Festival,No,Medium
2026-05-27,01:15,Airport Road,224,55,Foggy,29,80,1228,Yes,None,No,Medium
2026-09-07,01:00,Airport Road,263,53,Rainy,29,85,605,Yes,None,No,Medium
2026-09-29,10:15,Market Road,207,65,Cloudy,24,90,1261,Yes,None,Yes,Medium
2026-11-01,20:00,Station Road,166,63,Foggy,34,65,1313,Yes,None,No,Low
2026-02-22,21:30,City Center,285,49,Sunny,22,44,704,No,None,No,Medium
2026-10-20,08:00,Station Road,408,43,Foggy,20,40,1714,Yes,Festival,No,High
2026-09-02,12:30,Market Road,62,69,Cloudy,38,53,1032,No,None,No,Low
2026-06-06,21:00,MG Road,211,58,Foggy,39,69,863,Yes,Festival,No,Medium
2026-12-10,06:00,Market Road,267,49,Foggy,26,58,511,Yes,None,No,Medium
2026-08-15,14:45,City Center,84,71,Cloudy,22,65,1042,Yes,None,Yes,Low
2026-03-18,13:15,Bus Stand Road,163,62,Cloudy,20,68,1244,No,Concert,No,Low
2026-08-25,17:15,College Road,559,29,Foggy,24,85,1709,No,None,Yes,Very High
2026-02-23,14:45,College Road,213,62,Rainy,26,47,657,Yes,None,No,Medium
2026-02-25,22:15,College Road,296,47,Sunny,31,52,817,No,None,No,Medium
2026-10-16,11:00,Ring Road,231,55,Sunny,29,82,447,Yes,None,No,Medium
2026-02-10,10:00,MG Road,229,58,Cloudy,36,84,1623,No,Festival,No,Medium
2026-06-19,16:30,Bus Stand Road,152,70,Sunny,31,85,1763,No,None,No,Low
2026-08-23,03:00,College Road,182,67,Sunny,25,54,1800,Yes,None,No,Medium
2026-06-25,18:45,Bus Stand Road,363,46,Sunny,25,41,1639,Yes,None,No,High
2026-08-08,12:30,City Center,293,52,Foggy,33,85,1218,Yes,None,No,Medium
2026-05-23,16:45,Airport Road,102,67,Rainy,39,44,846,No,None,No,Low
2026-10-09,04:45,Ring Road,174,61,Cloudy,33,67,461,No,None,No,Low
2026-05-08,07:45,College Road,304,47,Sunny,36,89,633,Yes,None,No,Medium
2026-10-09,13:15,Bus Stand Road,293,49,Rainy,38,74,1304,Yes,None,No,Medium
2026-11-30,09:00,Market Road,569,23,Sunny,33,51,743,Yes,None,No,Very High
2026-02-19,06:30,Bus Stand Road,271,52,Sunny,22,79,499,No,None,Yes,Medium
2026-06-07,14:15,Bus Stand Road,285,49,Rainy,38,45,1392,Yes,Sports Match,No,Medium
2026-05-22,18:30,City Center,628,13,Foggy,36,87,645,No,None,No,Very High
2026-01-08,04:15,Airport Road,242,60,Sunny,30,47,911,Yes,Sports Match,No,Medium
2026-07-10,22:45,Airport Road,144,63,Sunny,20,55,1548,Yes,None,No,Low
2026-02-16,19:15,Airport Road,470,30,Rainy,21,42,335,Yes,Festival,No,High
2026-01-04,03:30,City Center,284,49,Cloudy,21,74,1200,Yes,None,No,Medium
2026-03-17,09:15,Airport Road,408,39,Sunny,40,56,635,Yes,None,No,High
2026-03-06,17:45,Market Road,420,42,Foggy,23,60,765,Yes,None,No,High
2026-09-05,13:15,Market Road,253,59,Sunny,22,43,1408,Yes,Festival,No,Medium
2026-05-13,21:45,Bus Stand Road,159,70,Foggy,23,85,703,Yes,None,No,Low
2026-11-27,14:00,Ring Road,104,68,Rainy,20,72,1340,Yes,None,No,Low
2026-12-10,18:15,College Road,402,38,Foggy,20,63,1378,No,None,No,High
2026-03-08,11:15,City Center,113,71,Cloudy,36,95,1382,Yes,None,No,Low
2026-09-17,20:45,MG Road,86,68,Foggy,24,94,1181,No,None,No,Low
2026-04-02,16:30,College Road,188,57,Sunny,38,41,1155,Yes,None,No,Medium
2026-11-24,12:30,Ring Road,313,44,Foggy,26,91,913,No,Concert,No,Medium
2026-08-16,18:00,Bus Stand Road,568,24,Rainy,37,69,1594,Yes,None,No,Very High
2026-06-27,03:15,City Center,144,65,Rainy,21,56,750,Yes,None,No,Low
2026-02-04,00:15,Ring Road,214,54,Cloudy,28,93,1691,No,None,No,Medium
2026-07-25,14:30,Station Road,281,56,Foggy,21,89,1065,No,None,No,Medium
2026-11-05,13:45,Bus Stand Road,122,64,Rainy,22,83,913,Yes,None,No,Low
2026-02-20,09:45,Airport Road,399,46,Rainy,21,55,1641,Yes,None,No,High
2026-04-10,13:30,College Road,331,47,Cloudy,26,82,1238,Yes,None,No,Medium
2026-05-07,06:30,Station Road,220,60,Cloudy,29,94,1244,Yes,None,No,Medium
2026-12-13,01:15,Station Road,237,55,Sunny,27,65,818,Yes,None,No,Medium
2026-06-17,16:15,MG Road,131,69,Rainy,30,66,310,No,None,No,Low
2026-02-08,00:15,Station Road,264,50,Rainy,33,77,305,No,None,No,Medium
2026-04-07,18:45,Airport Road,531,24,Foggy,39,49,1341,Yes,None,Yes,Very High
2026-04-25,01:15,Market Road,108,75,Sunny,37,85,575,No,None,No,Low
2026-01-14,09:45,Bus Stand Road,417,44,Cloudy,26,80,733,No,None,Yes,High
2026-03-04,02:00,Ring Road,225,59,Cloudy,32,81,845,No,Concert,No,Medium
2026-08-04,19:45,City Center,467,35,Foggy,24,86,1465,No,None,Yes,High
2026-06-04,02:15,Station Road,289,47,Sunny,29,67,1351,Yes,None,No,Medium
2026-05-29,03:00,Market Road,205,59,Foggy,34,45,797,No,None,No,Medium
2026-12-17,21:15,City Center,181,61,Rainy,33,66,1044,No,Festival,Yes,Medium
2026-08-15,08:45,City Center,469,32,Sunny,32,89,879,No,Festival,No,High
2026-05-26,01:00,Ring Road,182,65,Sunny,35,80,1474,No,None,No,Medium
2026-06-04,17:30,Station Road,594,26,Cloudy,29,71,1514,Yes,None,No,Very High
2026-12-27,02:45,City Center,293,50,Foggy,20,51,1370,No,None,No,Medium
2026-04-13,23:15,City Center,294,46,Sunny,23,47,1142,Yes,None,No,Medium
2026-07-28,12:45,College Road,256,54,Sunny,21,46,1022,Yes,Festival,Yes,Medium
2026-12-17,07:45,Ring Road,158,68,Sunny,22,64,1117,No,None,No,Low
2026-08-23,11:15,City Center,125,73,Sunny,38,73,606,No,None,No,Low
2026-08-28,06:15,MG Road,172,67,Rainy,20,69,1769,No,None,No,Low
2026-04-12,19:00,Bus Stand Road,527,32,Sunny,36,95,464,No,Sports Match,No,Very High
2026-01-08,04:00,Market Road,203,61,Cloudy,36,80,1508,No,Sports Match,Yes,Medium
2026-03-03,15:15,Airport Road,173,65,Foggy,36,42,1745,No,None,No,Low
2026-01-12,18:30,Airport Road,381,42,Foggy,35,56,519,Yes,Festival,No,High
2026-11-29,22:00,Station Road,324,50,Foggy,34,44,1491,Yes,Festival,No,Medium
2026-01-07,06:45,City Center,258,55,Sunny,29,68,1330,Yes,None,No,Medium
2026-07-11,23:15,MG Road,101,65,Cloudy,20,71,1502,Yes,None,No,Low
2026-11-27,22:45,Ring Road,188,59,Sunny,21,55,1240,Yes,None,No,Medium
2026-05-06,06:00,Bus Stand Road,332,42,Cloudy,30,67,1479,No,Festival,No,Medium
2026-05-05,22:45,Bus Stand Road,328,52,Sunny,27,83,966,Yes,None,No,Medium
2026-06-07,10:15,Station Road,295,56,Cloudy,32,49,362,Yes,None,Yes,Medium
2026-06-01,11:45,Market Road,166,63,Rainy,34,53,735,Yes,None,No,Low
2026-04-28,02:00,City Center,263,49,Rainy,39,54,645,No,None,No,Medium
2026-07-18,17:45,Airport Road,587,21,Sunny,39,50,712,No,None,No,Very High
2026-05-05,02:30,Market Road,294,52,Sunny,23,41,926,Yes,None,No,Medium
2026-09-23,20:15,Airport Road,137,68,Cloudy,35,69,824,No,None,No,Low
2026-06-04,03:15,Bus Stand Road,178,67,Cloudy,37,63,1535,No,Festival,No,Low
2026-09-20,00:15,College Road,158,64,Foggy,23,66,783,Yes,None,No,Low
2026-04-20,20:30,MG Road,297,47,Cloudy,37,79,1691,Yes,None,Yes,Medium
2026-05-28,03:45,Bus Stand Road,208,57,Cloudy,23,54,713,No,Festival,No,Medium
2026-02-22,12:45,Airport Road,184,65,Cloudy,32,59,521,No,None,No,Medium
2026-08-14,15:45,City Center,103,72,Foggy,35,40,1042,No,None,No,Low
2026-10-15,09:30,Market Road,405,43,Sunny,40,40,1338,Yes,None,No,High
2026-11-17,11:15,City Center,133,64,Sunny,25,72,1270,No,None,No,Low
2026-05-14,19:00,Market Road,506,34,Foggy,34,82,601,No,None,No,Very High
2026-12-29,13:45,City Center,267,56,Cloudy,22,89,1002,No,Concert,No,Medium
2026-12-11,19:45,Station Road,387,44,Rainy,31,40,1194,No,Festival,No,High
2026-01-20,16:00,College Road,252,58,Sunny,32,43,378,No,None,No,Medium
2026-01-21,00:15,Ring Road,196,62,Foggy,38,55,994,Yes,Sports Match,No,Medium
2026-11-28,17:45,Market Road,569,21,Cloudy,21,75,1618,Yes,None,No,Very High
2026-08-20,10:45,City Center,135,67,Rainy,28,68,648,No,None,No,Low
2026-11-30,14:45,MG Road,279,52,Rainy,23,90,1511,Yes,None,No,Medium
2026-08-06,04:30,City Center,289,53,Cloudy,23,82,1699,Yes,None,No,Medium
2026-04-15,01:00,Bus Stand Road,70,78,Rainy,29,76,1207,No,None,No,Low
2026-08-22,01:45,Market Road,322,45,Sunny,22,88,979,No,Concert,No,Medium
2026-04-25,15:00,MG Road,313,45,Foggy,27,51,1762,Yes,None,No,Medium
2026-11-04,05:15,MG Road,247,56,Rainy,33,92,1510,No,None,No,Medium
2026-10-24,22:00,Bus Stand Road,328,51,Foggy,36,65,1198,Yes,None,No,Medium
2026-04-15,23:45,Station Road,108,69,Foggy,22,57,454,No,Festival,No,Low
2026-07-06,12:30,City Center,285,53,Rainy,25,80,681,No,None,No,Medium
2026-11-18,03:15,MG Road,91,74,Rainy,32,94,1332,No,None,No,Low
2026-01-08,03:00,Market Road,140,70,Rainy,25,85,740,Yes,None,No,Low
2026-03-28,18:45,College Road,431,41,Sunny,22,71,685,Yes,None,No,High
2026-02-24,03:30,Station Road,186,58,Foggy,36,63,1749,Yes,None,No,Medium
2026-06-27,21:30,Airport Road,227,58,Sunny,38,89,985,Yes,None,No,Medium
2026-12-03,09:15,College Road,601,24,Cloudy,39,70,1685,Yes,None,No,Very High
2026-08-19,11:00,Bus Stand Road,296,49,Sunny,33,68,380,Yes,None,No,Medium
2026-07-18,08:15,Airport Road,387,47,Foggy,38,79,861,No,None,No,High
2026-06-25,17:45,Market Road,643,13,Cloudy,33,81,1474,No,None,No,Very High
2026-04-10,00:30,Airport Road,334,51,Sunny,38,74,694,Yes,None,No,Medium
2026-09-14,06:15,Market Road,265,52,Sunny,31,52,425,Yes,None,No,Medium
2026-02-06,06:00,Station Road,268,56,Rainy,28,58,695,Yes,None,No,Medium
2026-10-16,22:45,College Road,157,63,Cloudy,33,49,1377,No,None,No,Low
2026-04-07,12:00,MG Road,130,69,Sunny,26,92,365,Yes,None,No,Low
2026-09-11,11:00,Bus Stand Road,299,50,Foggy,21,72,1352,Yes,None,No,Medium
2026-01-08,00:15,Market Road,244,53,Foggy,27,61,436,Yes,Sports Match,No,Medium
2026-11-04,06:15,Airport Road,234,54,Sunny,33,61,843,Yes,None,No,Medium
2026-11-25,07:00,Airport Road,193,63,Rainy,21,42,947,Yes,None,No,Medium
2026-03-01,21:45,Bus Stand Road,235,59,Cloudy,25,56,834,No,None,No,Medium
2026-03-28,11:45,Station Road,257,55,Foggy,38,85,1389,Yes,None,No,Medium
2026-12-09,00:30,MG Road,349,42,Foggy,40,66,1598,No,Festival,No,Medium
2026-03-10,23:45,Bus Stand Road,322,53,Foggy,24,91,1629,No,None,Yes,Medium
2026-01-05,01:00,Bus Stand Road,62,73,Foggy,27,90,1561,Yes,Festival,No,Low
2026-10-13,04:30,Station Road,338,48,Sunny,31,50,541,Yes,None,No,Medium
2026-05-18,03:45,Market Road,105,67,Sunny,26,67,657,Yes,None,No,Low
2026-06-12,11:00,College Road,312,48,Cloudy,24,95,834,No,None,No,Medium
2026-03-19,18:45,College Road,385,39,Cloudy,23,60,1604,Yes,None,Yes,High
2026-07-20,08:30,City Center,418,40,Sunny,36,70,1133,No,None,No,High
2026-04-25,14:00,Station Road,231,58,Sunny,22,66,785,No,None,No,Medium
2026-01-26,08:15,City Center,505,27,Sunny,30,80,1179,Yes,None,No,Very High
2026-02-20,13:45,City Center,291,54,Sunny,29,88,638,Yes,Festival,No,Medium
2026-07-19,23:15,Ring Road,349,48,Foggy,35,82,1184,Yes,None,No,Medium
2026-06-25,00:30,Station Road,240,53,Sunny,26,45,891,No,None,No,Medium
2026-07-16,05:00,Ring Road,193,63,Sunny,25,93,996,Yes,None,Yes,Medium
2026-09-09,05:15,Airport Road,255,58,Sunny,29,74,1476,Yes,Festival,No,Medium
2026-04-22,08:45,Airport Road,419,44,Foggy,34,79,651,Yes,None,Yes,High
2026-06-14,00:00,Market Road,291,55,Rainy,34,45,783,Yes,Sports Match,No,Medium
2026-01-19,17:45,Ring Road,649,17,Sunny,26,64,1276,Yes,None,No,Very High
2026-05-27,08:30,College Road,566,29,Sunny,35,92,527,Yes,None,No,Very High
2026-04-01,12:45,City Center,314,50,Sunny,31,47,1767,No,None,No,Medium
2026-09-11,10:30,Airport Road,261,59,Sunny,36,61,1219,Yes,None,No,Medium
2026-02-19,02:30,Market Road,162,69,Cloudy,32,50,391,Yes,None,No,Low
2026-01-15,09:15,Airport Road,538,28,Cloudy,20,58,1562,Yes,None,No,Very High
2026-04-11,00:15,Ring Road,222,58,Foggy,28,43,1300,No,None,No,Medium
2026-03-17,07:30,City Center,260,59,Rainy,38,87,1634,Yes,None,No,Medium
2026-09-07,00:30,City Center,201,58,Sunny,32,87,307,Yes,None,No,Medium
2026-09-28,17:00,Station Road,634,21,Foggy,37,44,1152,No,None,No,Very High
2026-04-14,00:00,Ring Road,93,68,Sunny,24,60,878,Yes,None,No,Low
2026-05-05,00:00,Bus Stand Road,227,56,Foggy,20,77,710,No,Concert,No,Medium
2026-09-14,03:30,Ring Road,239,55,Sunny,33,60,1170,Yes,Concert,No,Medium
2026-02-09,01:15,MG Road,101,70,Foggy,35,56,804,No,None,No,Low
2026-05-21,04:30,City Center,209,63,Rainy,29,81,455,No,None,No,Medium
2026-10-08,14:15,Ring Road,214,62,Rainy,39,55,346,Yes,None,No,Medium
2026-05-10,17:45,Market Road,442,35,Cloudy,39,57,605,Yes,None,No,High
2026-12-28,05:00,City Center,248,55,Cloudy,31,63,1324,No,None,No,Medium
2026-02-20,01:30,Market Road,160,69,Cloudy,35,95,941,No,None,No,Low
2026-01-05,08:15,Bus Stand Road,551,29,Sunny,30,94,1552,No,Festival,No,Very High
2026-12-28,14:45,MG Road,176,58,Rainy,31,71,1105,Yes,Festival,No,Low
2026-11-28,23:00,City Center,236,53,Cloudy,31,59,1705,Yes,None,No,Medium
2026-08-07,00:45,Ring Road,156,68,Sunny,28,54,1115,Yes,None,No,Low
2026-10-24,15:30,College Road,291,48,Cloudy,40,43,964,No,None,No,Medium
2026-06-22,22:45,MG Road,246,60,Sunny,26,58,1602,Yes,None,No,Medium
2026-09-07,21:15,City Center,102,68,Sunny,30,71,1093,No,Festival,No,Low
2026-06-16,13:15,Market Road,154,70,Sunny,34,59,680,No,None,No,Low
2026-12-27,12:00,Ring Road,188,65,Cloudy,40,59,813,No,None,No,Medium
2026-08-15,18:30,Station Road,614,20,Sunny,27,66,460,Yes,None,No,Very High
2026-02-10,19:30,Ring Road,426,38,Sunny,32,68,993,No,Sports Match,Yes,High
2026-07-18,06:00,Market Road,305,52,Sunny,21,94,1250,Yes,Concert,No,Medium
2026-12-29,10:00,College Road,129,64,Foggy,31,87,345,No,None,No,Low
2026-06-08,21:00,College Road,131,63,Cloudy,23,78,641,No,None,Yes,Low
2026-01-19,00:45,Ring Road,209,63,Sunny,23,94,760,Yes,None,No,Medium
2026-12-14,15:00,Ring Road,285,57,Foggy,32,63,1171,No,None,No,Medium
2026-02-04,17:45,Ring Road,502,31,Cloudy,28,42,1503,Yes,None,No,Very High
2026-09-27,14:45,Station Road,129,71,Sunny,25,73,984,No,None,No,Low
2026-11-26,22:00,Station Road,200,58,Foggy,32,41,555,Yes,None,No,Medium
2026-03-05,01:15,Bus Stand Road,241,54,Cloudy,23,91,595,Yes,None,No,Medium
2026-02-07,15:00,City Center,217,61,Foggy,20,65,682,Yes,None,No,Medium
2026-06-02,17:45,Ring Road,438,34,Sunny,33,79,1489,Yes,None,No,High
2026-01-06,16:30,MG Road,108,68,Foggy,26,81,459,No,None,No,Low
2026-08-10,17:45,Market Road,398,44,Rainy,31,52,1538,No,None,No,High
2026-05-06,11:15,Ring Road,74,68,Sunny,25,85,925,Yes,Concert,No,Low
2026-10-25,02:30,Airport Road,335,50,Sunny,23,83,1621,Yes,None,Yes,Medium
2026-01-07,12:15,Market Road,277,53,Cloudy,36,74,1019,No,None,No,Medium
2026-11-14,12:30,Market Road,62,79,Rainy,26,82,793,Yes,None,No,Low
2026-11-23,10:45,City Center,138,69,Cloudy,20,85,1364,No,Festival,No,Low
2026-01-26,19:00,Bus Stand Road,518,25,Cloudy,33,89,1075,No,None,No,Very High
2026-06-14,11:30,Ring Road,310,46,Cloudy,38,54,1039,Yes,None,No,Medium
2026-03-19,12:45,Market Road,175,62,Cloudy,26,76,1445,Yes,None,No,Low
2026-06-12,22:30,Airport Road,166,68,Rainy,27,74,779,No,None,Yes,Low
2026-05-30,09:30,Market Road,610,20,Rainy,35,71,1065,No,None,No,Very High
2026-03-03,18:45,Market Road,450,38,Sunny,31,71,1331,Yes,None,No,High
2026-07-09,08:00,Ring Road,381,39,Rainy,37,58,601,Yes,None,No,High
2026-04-30,10:30,Station Road,342,49,Cloudy,35,48,863,Yes,None,No,Medium
2026-11-21,20:45,Airport Road,106,75,Rainy,40,45,1455,Yes,None,No,Low
2026-08-09,20:15,Market Road,239,53,Foggy,27,51,597,Yes,None,No,Medium
2026-01-08,15:45,Station Road,165,66,Cloudy,25,90,1481,No,None,No,Low
2026-09-24,22:45,Bus Stand Road,316,48,Foggy,36,83,629,Yes,Festival,No,Medium
2026-07-11,10:15,Ring Road,197,59,Foggy,28,56,1223,Yes,None,No,Medium
2026-01-21,03:00,Station Road,287,57,Cloudy,38,79,1362,No,None,No,Medium
2026-06-20,19:45,City Center,423,43,Foggy,25,53,556,No,None,No,High
2026-10-18,04:00,Ring Road,108,67,Sunny,25,57,790,Yes,None,No,Low
2026-08-01,15:00,MG Road,64,74,Foggy,38,71,804,Yes,None,No,Low
2026-11-19,12:00,City Center,342,43,Cloudy,25,91,403,No,None,Yes,Medium
2026-09-27,08:00,Station Road,595,18,Cloudy,29,53,997,Yes,Festival,No,Very High
2026-11-18,15:30,Ring Road,211,54,Rainy,29,44,1661,Yes,None,No,Medium
2026-04-18,20:00,Station Road,305,52,Sunny,39,40,980,No,None,No,Medium
2026-03-07,10:15,MG Road,135,65,Rainy,22,76,431,No,None,No,Low
2026-05-02,11:15,City Center,276,54,Rainy,28,80,1408,Yes,None,Yes,Medium
2026-07-13,09:45,College Road,411,41,Rainy,30,60,1206,No,None,No,High
2026-03-01,04:45,MG Road,204,64,Foggy,20,74,556,Yes,None,No,Medium
2026-03-21,07:30,Airport Road,334,45,Cloudy,36,79,680,No,None,No,Medium
2026-04-03,23:30,Airport Road,57,78,Sunny,38,43,1289,Yes,None,No,Low
2026-02-06,03:00,Station Road,207,55,Foggy,35,92,1500,Yes,None,No,Medium
2026-07-06,03:45,Ring Road,154,63,Foggy,33,59,1574,Yes,None,No,Low
2026-12-10,08:30,Ring Road,647,21,Rainy,32,76,322,Yes,None,No,Very High
2026-04-14,07:30,Bus Stand Road,185,58,Sunny,26,46,1227,Yes,None,No,Medium
2026-06-07,14:15,Bus Stand Road,312,54,Foggy,36,42,1360,Yes,Festival,No,Medium
2026-06-16,19:15,College Road,382,37,Rainy,33,59,921,Yes,None,No,High
2026-11-21,01:30,Ring Road,177,63,Cloudy,22,63,1009,No,None,Yes,Low
2026-02-12,20:45,Bus Stand Road,185,60,Cloudy,32,54,727,No,None,No,Medium
2026-06-04,23:15,Station Road,210,61,Rainy,31,55,996,No,Festival,No,Medium
2026-08-25,10:15,City Center,139,64,Rainy,32,40,1552,No,None,No,Low
2026-03-22,15:00,Ring Road,248,55,Cloudy,35,76,372,Yes,None,Yes,Medium
2026-12-28,21:30,Ring Road,242,61,Sunny,21,73,303,Yes,None,No,Medium
2026-11-11,20:15,Market Road,327,46,Rainy,34,88,1049,No,None,No,Medium
2026-06-06,14:15,Market Road,344,43,Foggy,23,71,410,Yes,None,No,Medium
2026-04-02,18:45,Station Road,354,43,Sunny,36,94,597,No,Festival,No,High
2026-04-30,20:45,Bus Stand Road,94,74,Sunny,27,47,737,No,Sports Match,No,Low
2026-05-24,06:45,Station Road,196,61,Rainy,23,51,996,No,None,No,Medium
2026-12-14,19:45,Station Road,426,35,Cloudy,37,84,1640,Yes,None,No,High
2026-06-08,03:45,Ring Road,242,57,Sunny,29,55,1282,No,Festival,No,Medium
2026-01-24,00:45,Station Road,112,66,Sunny,35,80,686,No,None,No,Low
2026-04-20,02:15,MG Road,194,61,Sunny,37,78,366,Yes,None,No,Medium
2026-12-10,19:00,MG Road,596,25,Rainy,26,71,1708,Yes,None,No,Very High
2026-02-12,05:30,Station Road,65,76,Cloudy,33,90,987,No,None,No,Low
2026-07-13,10:15,College Road,259,58,Sunny,21,73,1221,No,None,No,Medium
2026-07-25,08:15,Airport Road,448,40,Foggy,31,52,1357,Yes,None,No,High
2026-01-19,08:15,College Road,358,43,Cloudy,31,80,1254,No,Festival,No,High
2026-03-06,04:15,Bus Stand Road,262,49,Rainy,35,42,302,No,None,No,Medium
2026-11-17,06:45,College Road,107,65,Sunny,30,94,1233,Yes,None,Yes,Low
2026-12-10,22:30,MG Road,213,61,Sunny,36,59,491,No,None,Yes,Medium
2026-11-18,09:30,College Road,639,20,Foggy,27,44,765,Yes,None,No,Very High
2026-02-23,13:15,College Road,306,52,Cloudy,32,72,966,Yes,None,No,Medium
2026-01-25,02:15,Ring Road,259,51,Cloudy,22,77,1572,Yes,None,No,Medium
2026-01-30,09:15,Station Road,632,14,Sunny,30,72,809,No,None,No,Very High
2026-12-11,15:30,Ring Road,115,66,Rainy,35,68,1741,No,None,No,Low
2026-09-03,02:00,City Center,211,57,Foggy,24,62,498,No,None,Yes,Medium
2026-08-01,08:00,Market Road,380,39,Cloudy,34,92,1323,No,None,Yes,High
2026-12-27,17:15,Ring Road,492,31,Foggy,27,50,681,Yes,None,No,High
2026-05-25,23:30,MG Road,66,69,Cloudy,34,44,1175,No,Festival,Yes,Low
2026-04-05,07:30,Market Road,302,53,Rainy,26,68,1020,No,None,No,Medium
2026-10-08,03:45,Airport Road,119,73,Rainy,28,42,518,Yes,None,No,Low
2026-12-25,15:30,Bus Stand Road,282,54,Cloudy,23,57,1773,No,None,Yes,Medium
2026-10-24,02:00,MG Road,205,61,Foggy,36,47,935,Yes,None,No,Medium
2026-04-23,04:30,City Center,217,60,Cloudy,31,74,1346,No,None,No,Medium
2026-06-22,17:00,Bus Stand Road,602,21,Sunny,36,82,899,No,None,No,Very High
2026-08-05,08:15,MG Road,468,37,Sunny,40,66,1647,Yes,None,Yes,High
2026-05-02,15:45,City Center,291,49,Foggy,21,64,387,Yes,None,Yes,Medium
2026-02-10,19:30,MG Road,383,46,Sunny,40,68,703,No,None,Yes,High
2026-10-29,12:30,Airport Road,202,60,Rainy,39,93,1232,No,None,No,Medium
2026-07-30,07:15,College Road,350,44,Cloudy,26,46,892,Yes,None,No,Medium
2026-10-28,04:45,Station Road,142,69,Rainy,28,41,1066,Yes,None,No,Low
2026-02-12,08:15,Airport Road,641,21,Foggy,27,65,630,No,Festival,No,Very High
2026-10-07,20:00,City Center,232,62,Foggy,26,83,1255,No,None,Yes,Medium
2026-04-03,16:00,Market Road,78,72,Foggy,23,90,978,No,None,No,Low
2026-04-11,12:00,Bus Stand Road,145,70,Cloudy,36,86,1439,No,None,No,Low
2026-06-04,14:15,Station Road,110,64,Rainy,36,93,1264,Yes,None,No,Low
2026-02-03,08:30,Station Road,529,29,Cloudy,34,71,1112,Yes,None,No,Very High
2026-01-12,10:30,MG Road,319,44,Cloudy,35,72,1038,Yes,None,No,Medium
2026-07-02,14:15,Market Road,280,51,Sunny,32,91,1289,Yes,None,No,Medium
2026-11-12,04:15,Ring Road,201,56,Foggy,26,86,484,Yes,None,No,Medium
2026-10-13,13:45,Market Road,151,68,Cloudy,28,90,1381,No,Festival,No,Low
2026-10-12,10:00,College Road,114,66,Rainy,27,47,941,Yes,None,No,Low
2026-03-14,02:30,Airport Road,214,59,Cloudy,37,82,1617,Yes,None,No,Medium
2026-11-28,06:30,Airport Road,345,47,Cloudy,35,76,672,No,Festival,No,Medium
2026-04-05,20:15,City Center,247,56,Sunny,37,71,340,No,None,Yes,Medium
2026-10-11,11:00,Station Road,261,59,Cloudy,24,63,1424,Yes,None,No,Medium
2026-03-05,17:00,College Road,524,30,Foggy,40,45,864,Yes,None,No,Very High
2026-05-27,00:45,Bus Stand Road,147,71,Sunny,26,81,1188,Yes,None,No,Low
2026-01-22,03:15,Market Road,146,68,Cloudy,24,62,649,Yes,None,No,Low
2026-03-16,01:15,Airport Road,324,45,Foggy,33,62,438,Yes,None,No,Medium
2026-08-12,00:30,Ring Road,262,59,Rainy,31,42,1390,No,None,No,Medium
2026-05-21,07:30,Airport Road,255,53,Foggy,31,67,1590,Yes,None,No,Medium
2026-03-02,23:15,Ring Road,94,69,Foggy,32,89,1350,Yes,Festival,No,Low
2026-08-05,21:15,MG Road,212,55,Foggy,34,86,1001,Yes,None,No,Medium
2026-11-17,23:30,Ring Road,244,52,Rainy,36,74,1791,Yes,None,No,Medium
2026-03-06,11:45,MG Road,349,44,Rainy,39,88,1291,Yes,None,No,Medium
2026-10-10,19:45,Station Road,399,43,Rainy,24,82,1175,Yes,None,No,High
2026-09-17,16:45,Market Road,212,64,Cloudy,23,78,1047,Yes,Festival,No,Medium
2026-01-26,21:45,College Road,112,65,Cloudy,20,56,1603,No,None,No,Low
2026-03-08,21:15,Station Road,146,62,Rainy,27,66,865,No,None,No,Low
2026-02-01,21:15,Bus Stand Road,347,41,Foggy,30,78,1051,Yes,None,No,Medium
2026-06-18,17:30,Market Road,577,21,Foggy,37,92,1736,No,None,No,Very High
2026-12-06,08:00,Market Road,356,45,Sunny,29,56,1557,Yes,None,No,High
2026-12-29,15:15,College Road,68,77,Rainy,30,90,623,Yes,None,Yes,Low
2026-07-09,08:45,City Center,529,25,Foggy,38,49,537,Yes,Festival,No,Very High
2026-04-24,12:15,Station Road,205,60,Cloudy,26,71,1463,No,None,No,Medium
2026-02-26,03:15,Bus Stand Road,228,63,Cloudy,24,78,1000,No,None,No,Medium
2026-06-01,21:45,Bus Stand Road,57,70,Sunny,30,42,1786,No,None,No,Low
2026-01-14,19:00,MG Road,428,41,Sunny,30,47,1464,No,Concert,No,High
2026-08-06,20:45,MG Road,118,72,Foggy,20,41,493,Yes,Sports Match,No,Low
2026-12-15,23:45,Station Road,258,60,Sunny,38,94,1695,No,None,No,Medium
2026-08-13,22:45,Ring Road,208,64,Sunny,35,62,1312,No,None,No,Medium
2026-02-12,04:15,Airport Road,215,56,Cloudy,29,44,1130,Yes,Sports Match,No,Medium
2026-03-26,10:45,College Road,225,62,Sunny,27,76,1685,Yes,None,No,Medium
2026-01-09,21:30,Ring Road,92,76,Cloudy,25,57,1045,No,None,Yes,Low
2026-01-22,01:30,MG Road,215,59,Cloudy,26,76,1105,No,None,No,Medium
2026-11-02,15:30,Bus Stand Road,259,60,Sunny,26,67,321,Yes,None,No,Medium
2026-01-09,21:15,MG Road,199,58,Sunny,26,55,1020,Yes,None,No,Medium
2026-02-11,03:00,Bus Stand Road,142,67,Foggy,40,93,928,No,None,No,Low
2026-10-27,09:45,Market Road,555,29,Sunny,25,61,1362,Yes,None,No,Very High
2026-10-19,17:00,Station Road,439,34,Rainy,31,75,1547,Yes,None,No,High
2026-11-06,06:45,Airport Road,152,64,Cloudy,26,88,1422,No,None,Yes,Low
2026-08-12,02:30,Market Road,175,61,Foggy,22,44,1556,No,Festival,No,Low
2026-11-05,13:30,Airport Road,240,51,Foggy,40,85,371,No,None,No,Medium
2026-06-11,11:45,MG Road,148,67,Cloudy,26,71,1347,No,None,Yes,Low
2026-03-28,20:45,Ring Road,109,73,Rainy,34,89,648,Yes,None,Yes,Low
2026-07-02,20:15,Ring Road,267,51,Rainy,22,52,1752,No,None,No,Medium
2026-01-28,16:30,Ring Road,149,67,Sunny,38,62,1251,Yes,None,No,Low
2026-05-23,15:30,Airport Road,91,69,Cloudy,21,50,1339,Yes,None,No,Low
2026-08-28,22:30,Ring Road,76,68,Sunny,22,53,1425,No,None,No,Low
2026-06-22,06:30,Airport Road,259,55,Sunny,20,72,644,No,None,No,Medium
2026-06-19,20:15,Market Road,347,41,Sunny,39,91,1799,Yes,None,No,Medium
2026-10-04,23:15,City Center,254,56,Sunny,26,86,594,No,Festival,No,Medium
2026-09-20,08:15,City Center,426,38,Cloudy,22,54,1095,Yes,None,No,High
2026-07-26,21:30,Market Road,177,66,Sunny,23,93,1225,No,None,No,Low
2026-09-11,17:00,Airport Road,448,31,Sunny,26,54,1431,No,None,No,High
2026-05-04,02:15,MG Road,124,65,Sunny,21,60,725,No,None,No,Low
2026-03-10,14:00,Airport Road,51,79,Foggy,32,64,705,No,Festival,No,Low
2026-08-04,22:45,Airport Road,329,50,Rainy,36,76,1294,No,None,No,Medium
2026-09-10,09:45,Station Road,357,43,Sunny,39,56,603,No,None,No,High
2026-06-08,12:00,Ring Road,249,61,Foggy,20,52,1231,No,None,No,Medium
2026-08-01,03:30,Station Road,274,51,Foggy,30,95,900,Yes,Festival,No,Medium
2026-10-21,20:15,Bus Stand Road,181,61,Cloudy,38,44,458,Yes,None,No,Medium
2026-04-03,18:45,Market Road,521,24,Foggy,38,87,392,Yes,None,No,Very High
2026-02-03,07:45,Airport Road,86,71,Cloudy,34,86,1655,No,None,No,Low
2026-03-26,11:45,Bus Stand Road,253,54,Sunny,37,55,474,Yes,None,Yes,Medium
2026-02-05,06:45,Bus Stand Road,275,48,Cloudy,39,83,1699,No,None,No,Medium
2026-10-07,16:30,Ring Road,220,54,Cloudy,20,60,1592,No,Festival,No,Medium
2026-12-03,16:00,Market Road,154,70,Cloudy,30,77,335,No,Concert,No,Low
2026-06-19,00:30,Bus Stand Road,337,51,Rainy,36,89,631,Yes,None,No,Medium
2026-05-31,18:30,Bus Stand Road,598,17,Foggy,37,84,418,Yes,Festival,No,Very High
2026-05-13,21:45,Market Road,65,75,Cloudy,39,66,1579,No,None,No,Low
2026-07-16,18:45,Station Road,599,21,Foggy,35,73,377,No,None,No,Very High
2026-06-29,22:00,College Road,280,55,Foggy,28,94,1234,No,None,No,Medium
2026-02-17,15:15,Market Road,325,45,Sunny,28,71,1758,Yes,None,No,Medium
2026-03-25,16:30,Ring Road,127,65,Cloudy,33,67,1511,Yes,None,No,Low
2026-11-23,02:00,Bus Stand Road,218,59,Foggy,38,43,1325,No,Sports Match,Yes,Medium
2026-06-26,13:45,Market Road,263,53,Cloudy,25,78,1634,Yes,Sports Match,No,Medium
2026-03-28,18:00,City Center,539,31,Cloudy,37,81,1549,Yes,None,No,Very High
2026-04-06,00:30,Airport Road,101,74,Rainy,38,61,1344,Yes,None,No,Low
2026-02-25,13:45,Station Road,68,73,Sunny,27,75,1375,Yes,Sports Match,No,Low
2026-03-14,05:30,Bus Stand Road,114,71,Cloudy,23,51,1721,Yes,Festival,No,Low
2026-09-19,14:30,Station Road,150,66,Foggy,22,69,1800,Yes,None,No,Low
2026-06-26,16:00,MG Road,127,69,Foggy,27,68,1065,Yes,None,No,Low
2026-05-06,14:30,MG Road,74,77,Sunny,21,84,1402,Yes,Sports Match,No,Low
2026-12-18,11:30,Market Road,53,72,Cloudy,31,78,1357,No,None,No,Low
2026-06-15,14:45,Market Road,235,55,Rainy,27,61,644,Yes,None,No,Medium
2026-06-03,14:15,Bus Stand Road,187,61,Sunny,36,42,776,No,None,No,Medium
2026-07-16,17:00,Bus Stand Road,449,39,Cloudy,22,48,640,No,Sports Match,No,High
2026-03-20,03:30,MG Road,60,78,Foggy,35,42,1756,Yes,None,Yes,Low
2026-03-03,20:15,Station Road,270,58,Foggy,39,92,1090,Yes,Sports Match,No,Medium
2026-02-01,11:30,Station Road,339,49,Cloudy,21,62,1674,Yes,None,Yes,Medium
2026-10-26,02:00,Market Road,268,54,Rainy,34,66,1302,Yes,None,No,Medium
2026-10-30,15:45,Bus Stand Road,211,55,Sunny,26,69,374,No,None,No,Medium
2026-10-07,01:15,MG Road,334,47,Cloudy,26,59,1589,Yes,None,No,Medium
2026-05-10,07:00,Airport Road,121,71,Rainy,35,83,1170,No,None,No,Low
2026-09-01,05:15,Bus Stand Road,76,72,Cloudy,20,66,799,No,None,Yes,Low
2026-05-12,19:00,Bus Stand Road,622,16,Sunny,34,80,752,No,None,No,Very High
2026-12-19,12:45,Market Road,350,42,Cloudy,25,93,1585,No,None,No,Medium
2026-12-08,21:15,Ring Road,166,67,Rainy,37,44,546,Yes,Sports Match,No,Low
2026-09-09,18:15,Station Road,402,38,Rainy,26,91,1084,Yes,None,No,High
2026-12-05,03:30,Ring Road,226,62,Cloudy,39,45,1559,No,None,No,Medium
2026-01-18,12:45,Airport Road,91,76,Foggy,23,84,1444,No,None,No,Low
2026-10-05,17:45,Station Road,458,31,Sunny,21,65,763,No,None,No,High
2026-10-19,23:00,MG Road,128,68,Rainy,22,88,1167,No,Concert,No,Low
2026-09-04,15:15,Ring Road,63,76,Sunny,39,82,1150,No,None,No,Low
2026-02-16,16:30,Airport Road,164,60,Cloudy,33,74,389,No,None,No,Low
2026-10-03,21:15,MG Road,205,64,Foggy,40,75,559,Yes,None,No,Medium
2026-12-08,21:00,City Center,199,61,Sunny,33,45,1559,No,None,No,Medium
2026-05-14,15:45,Airport Road,201,63,Sunny,30,91,570,No,None,No,Medium
2026-12-08,14:00,Station Road,90,72,Sunny,36,55,1127,No,None,No,Low
2026-12-03,12:00,Station Road,270,55,Cloudy,37,84,660,No,None,No,Medium
2026-05-31,22:15,MG Road,296,52,Sunny,23,46,1669,Yes,None,No,Medium
2026-12-07,08:45,Market Road,527,25,Cloudy,25,71,1589,Yes,None,No,Very High
2026-08-28,20:00,Station Road,118,70,Sunny,36,69,804,Yes,None,No,Low
2026-10-29,04:15,College Road,272,52,Sunny,35,78,1321,Yes,None,No,Medium
2026-11-17,03:15,MG Road,350,40,Foggy,26,94,423,No,Festival,No,Medium
2026-02-03,12:00,Ring Road,217,61,Sunny,28,59,991,Yes,None,No,Medium
2026-03-13,09:00,Airport Road,640,19,Cloudy,27,81,1017,Yes,None,No,Very High
2026-03-28,12:00,Station Road,207,62,Cloudy,26,94,1162,Yes,None,No,Medium
2026-07-16,22:00,College Road,226,59,Sunny,29,79,1141,Yes,None,No,Medium
2026-04-27,19:45,Ring Road,366,46,Cloudy,28,43,917,No,None,No,High
2026-12-03,02:15,College Road,123,73,Cloudy,29,40,1155,No,Festival,No,Low
2026-03-29,21:30,Airport Road,288,51,Foggy,23,44,1530,No,None,No,Medium
2026-11-22,09:00,Ring Road,623,13,Sunny,25,72,1350,Yes,None,No,Very High
2026-04-28,05:30,Ring Road,261,52,Cloudy,36,79,723,Yes,None,No,Medium
2026-09-18,08:00,College Road,492,34,Rainy,29,87,1239,Yes,None,No,High
2026-09-07,15:30,College Road,137,62,Rainy,32,90,870,Yes,Festival,No,Low
2026-04-06,00:00,City Center,67,78,Foggy,33,50,1117,No,Festival,No,Low
2026-09-26,12:45,Market Road,116,65,Foggy,40,45,520,No,None,No,Low
2026-03-29,20:45,College Road,234,56,Cloudy,36,88,638,Yes,None,No,Medium
2026-12-03,06:15,MG Road,328,43,Rainy,26,88,1322,No,None,No,Medium
2026-06-11,07:15,Market Road,113,72,Foggy,33,52,721,Yes,None,No,Low
2026-06-27,13:00,Airport Road,170,64,Cloudy,25,49,760,Yes,None,No,Low
2026-03-12,09:15,City Center,426,42,Rainy,31,71,1639,No,None,No,High
2026-07-12,01:30,Market Road,278,55,Cloudy,20,88,756,No,None,No,Medium
2026-12-19,09:30,Bus Stand Road,381,40,Sunny,31,52,1401,Yes,Festival,No,High
2026-11-08,00:30,Airport Road,184,67,Cloudy,33,75,1033,Yes,None,No,Medium
2026-07-09,04:00,Bus Stand Road,305,55,Cloudy,30,86,578,Yes,None,No,Medium
2026-08-17,22:45,Station Road,81,71,Foggy,38,62,1308,No,None,No,Low
2026-07-28,02:00,Market Road,80,70,Foggy,32,87,587,No,None,No,Low
2026-09-10,04:45,Ring Road,196,62,Foggy,24,41,317,Yes,None,No,Medium
2026-03-12,07:30,Bus Stand Road,267,49,Sunny,37,51,1205,No,Concert,No,Medium
2026-09-08,05:30,Ring Road,160,65,Sunny,20,84,1724,Yes,None,No,Low
2026-08-20,16:00,Bus Stand Road,184,63,Foggy,33,42,816,No,None,No,Medium
2026-03-19,13:00,City Center,107,70,Rainy,22,82,1634,Yes,None,No,Low
2026-07-04,04:45,City Center,177,68,Foggy,20,73,1098,Yes,None,No,Low
2026-03-07,00:00,Bus Stand Road,234,54,Cloudy,28,46,1575,Yes,Festival,No,Medium
2026-12-10,00:00,Airport Road,186,60,Sunny,36,66,1220,No,None,No,Medium
2026-03-15,14:00,City Center,114,65,Rainy,34,75,1324,Yes,None,No,Low
2026-06-27,06:00,Bus Stand Road,321,47,Rainy,23,57,1255,No,None,Yes,Medium
2026-01-01,22:30,Station Road,271,50,Rainy,22,93,1053,No,None,No,Medium
2026-03-13,01:45,Market Road,243,51,Rainy,26,87,1363,Yes,Festival,No,Medium
2026-05-02,17:15,MG Road,446,35,Foggy,36,92,1579,No,None,No,High
2026-03-06,08:00,Ring Road,382,43,Foggy,29,42,1549,Yes,None,No,High
2026-09-23,00:30,Bus Stand Road,229,53,Sunny,27,94,537,Yes,None,No,Medium
2026-09-02,04:00,Ring Road,349,49,Rainy,26,83,1747,No,None,No,Medium
2026-12-18,16:15,MG Road,240,51,Cloudy,29,73,1295,Yes,None,No,Medium
2026-12-19,13:45,College Road,300,47,Sunny,25,88,875,Yes,Festival,No,Medium
2026-08-10,08:45,Market Road,593,19,Rainy,26,88,483,No,None,No,Very High
2026-02-22,02:30,MG Road,277,48,Rainy,37,80,1138,Yes,None,No,Medium
2026-08-27,08:45,Market Road,645,17,Foggy,20,79,533,Yes,None,No,Very High
2026-05-13,05:00,MG Road,53,70,Rainy,31,79,571,Yes,None,No,Low
2026-08-31,11:00,Airport Road,273,56,Rainy,26,85,418,Yes,None,No,Medium
2026-05-16,18:30,Airport Road,583,20,Foggy,36,85,681,Yes,Festival,Yes,Very High
2026-11-12,13:45,Ring Road,285,49,Rainy,34,76,1664,No,None,No,Medium
2026-03-15,03:45,Bus Stand Road,138,69,Foggy,38,75,1033,No,Festival,No,Low
2026-06-07,02:00,College Road,172,66,Sunny,21,74,1160,No,None,No,Low
2026-03-13,18:00,Station Road,542,24,Cloudy,20,87,686,No,None,No,Very High
2026-04-12,00:30,Market Road,273,54,Cloudy,31,93,1251,Yes,None,No,Medium
2026-09-18,15:30,Station Road,242,61,Rainy,21,45,1692,No,None,Yes,Medium
2026-03-02,20:00,Market Road,85,77,Rainy,20,51,1709,No,None,No,Low
2026-02-28,08:15,City Center,411,43,Sunny,21,41,785,Yes,None,No,High
2026-10-19,20:15,Market Road,150,68,Rainy,20,56,1368,Yes,None,No,Low
2026-12-22,16:45,Airport Road,330,51,Sunny,34,69,865,Yes,None,No,Medium
2026-02-06,08:15,MG Road,586,27,Rainy,22,73,537,Yes,None,No,Very High
2026-06-29,18:30,MG Road,572,20,Foggy,21,73,538,Yes,None,Yes,Very High
2026-09-04,08:00,MG Road,350,45,Foggy,39,83,1781,No,None,No,Medium
2026-12-04,16:45,Ring Road,281,50,Sunny,26,65,764,Yes,None,Yes,Medium
2026-02-27,23:15,College Road,331,49,Sunny,20,82,479,No,Concert,Yes,Medium
2026-04-17,11:15,Bus Stand Road,346,45,Sunny,40,59,1745,No,None,No,Medium
2026-07-02,15:45,Ring Road,98,75,Sunny,40,43,593,No,None,No,Low
2026-05-15,14:30,City Center,322,52,Foggy,39,69,948,No,None,No,Medium
2026-01-07,12:00,Bus Stand Road,58,79,Cloudy,35,51,668,No,None,No,Low
2026-08-05,05:45,Station Road,263,50,Foggy,38,83,1741,Yes,None,No,Medium
2026-10-09,02:45,Bus Stand Road,316,48,Rainy,22,60,1000,No,None,No,Medium
2026-02-28,15:00,College Road,321,45,Sunny,22,92,1549,Yes,None,No,Medium
2026-04-25,03:15,Station Road,251,59,Rainy,34,53,1637,Yes,None,No,Medium
2026-12-09,03:30,Market Road,224,56,Foggy,31,67,1196,Yes,None,No,Medium
2026-12-11,06:45,MG Road,304,47,Cloudy,26,94,1221,No,None,No,Medium
2026-04-16,00:15,Market Road,74,77,Foggy,23,61,1720,Yes,Festival,No,Low
2026-07-22,07:00,MG Road,239,54,Foggy,24,41,1028,No,None,No,Medium
2026-08-11,16:15,Market Road,159,67,Cloudy,22,90,1235,Yes,None,No,Low
2026-12-01,10:45,City Center,50,79,Rainy,32,51,344,Yes,None,No,Low
2026-07-23,16:45,College Road,106,69,Rainy,37,60,761,Yes,Concert,No,Low
2026-11-28,09:45,City Center,434,42,Cloudy,21,93,1635,Yes,None,No,High
2026-12-20,08:00,Market Road,428,37,Foggy,29,86,1674,No,Sports Match,No,High
2026-12-14,02:00,Market Road,200,59,Rainy,25,74,563,Yes,None,No,Medium
2026-04-24,22:00,Bus Stand Road,155,64,Foggy,28,60,771,Yes,None,No,Low
2026-06-30,00:30,Bus Stand Road,249,57,Foggy,23,91,1258,Yes,None,No,Medium
2026-09-28,09:30,Ring Road,516,30,Sunny,29,41,1010,Yes,Sports Match,No,Very High
2026-04-05,17:00,Bus Stand Road,424,39,Cloudy,32,73,1541,No,None,No,High
2026-01-27,02:45,Market Road,231,52,Cloudy,28,75,1115,Yes,None,No,Medium
2026-09-22,02:00,City Center,129,71,Cloudy,30,51,945,Yes,None,No,Low
2026-08-17,04:00,Airport Road,183,61,Rainy,38,93,779,No,None,No,Medium
2026-09-10,06:15,College Road,270,52,Cloudy,39,42,927,No,None,No,Medium
2026-09-10,21:15,City Center,337,42,Sunny,36,49,1698,No,None,Yes,Medium
2026-02-24,13:30,Ring Road,338,48,Rainy,24,94,1119,Yes,None,No,Medium
2026-11-01,07:15,City Center,133,67,Foggy,32,49,1698,No,None,No,Low
2026-07-01,02:30,Station Road,114,72,Cloudy,25,74,1637,Yes,None,No,Low
2026-11-02,17:45,Bus Stand Road,634,21,Foggy,39,49,965,No,None,No,Very High
2026-06-23,11:30,Station Road,159,60,Rainy,36,40,1420,No,Festival,No,Low
2026-05-16,21:30,City Center,53,74,Rainy,40,69,690,No,None,No,Low
2026-11-14,21:15,Bus Stand Road,144,69,Rainy,39,84,671,Yes,None,No,Low
2026-05-11,19:30,Ring Road,377,40,Foggy,27,69,1709,Yes,None,No,High
2026-03-04,18:30,College Road,438,33,Rainy,24,72,1272,Yes,None,No,High
2026-06-14,13:30,Airport Road,272,49,Foggy,35,73,1663,Yes,None,No,Medium
2026-05-07,07:15,City Center,298,56,Foggy,31,77,1537,No,Festival,No,Medium
2026-04-02,16:30,Station Road,161,66,Rainy,33,72,1566,No,None,No,Low
2026-03-07,23:15,Station Road,337,43,Cloudy,35,55,1676,No,None,No,Medium
2026-10-22,15:00,Airport Road,300,45,Rainy,23,61,433,Yes,Festival,No,Medium
2026-10-09,20:45,College Road,82,68,Foggy,32,91,658,Yes,None,No,Low
2026-08-31,16:30,Ring Road,87,76,Foggy,32,76,1461,Yes,None,No,Low
2026-09-22,07:45,College Road,139,62,Foggy,27,52,957,No,None,No,Low
2026-02-12,06:30,Station Road,143,67,Cloudy,31,53,1105,No,None,Yes,Low
2026-04-16,03:15,Station Road,208,55,Sunny,24,48,309,No,None,No,Medium
2026-05-15,15:30,Airport Road,194,56,Rainy,31,75,797,No,None,No,Medium
2026-02-01,08:00,City Center,545,31,Cloudy,24,65,1662,No,None,No,Very High
2026-05-20,09:15,City Center,479,28,Cloudy,38,84,625,No,None,No,High
2026-01-05,03:30,Market Road,64,73,Cloudy,37,94,627,Yes,None,No,Low
2026-12-19,10:45,Ring Road,202,63,Sunny,40,67,1586,Yes,None,No,Medium
2026-10-18,19:30,Market Road,395,36,Sunny,37,81,1397,No,None,No,High
2026-03-15,19:45,MG Road,635,18,Cloudy,32,47,1563,Yes,Festival,No,Very High
2026-04-18,01:30,Market Road,137,64,Sunny,37,70,1204,No,Concert,No,Low
2026-11-18,08:45,Ring Road,614,14,Foggy,26,74,1020,No,None,No,Very High
2026-05-21,07:30,College Road,180,65,Cloudy,29,48,793,Yes,None,No,Low
2026-12-24,09:30,Ring Road,551,30,Rainy,23,53,857,No,None,No,Very High
2026-03-08,13:45,College Road,119,67,Sunny,21,75,1245,Yes,None,No,Low
2026-03-22,05:30,MG Road,125,64,Foggy,21,92,338,Yes,None,No,Low
2026-11-01,14:00,MG Road,134,66,Cloudy,25,59,917,No,None,No,Low
2026-05-29,19:15,City Center,372,40,Rainy,38,41,688,Yes,None,No,High
2026-11-10,14:30,Airport Road,350,48,Foggy,29,53,428,No,None,No,Medium
2026-07-30,11:45,MG Road,184,57,Cloudy,37,93,709,Yes,None,No,Medium
2026-09-27,09:30,MG Road,548,23,Rainy,36,84,1024,Yes,None,No,Very High
2026-03-19,14:30,Ring Road,151,68,Foggy,33,85,1459,Yes,None,No,Low
2026-12-21,22:45,Station Road,192,60,Foggy,32,45,1539,No,None,No,Medium
2026-01-04,06:30,Market Road,272,58,Cloudy,25,61,514,Yes,Sports Match,No,Medium
2026-04-26,00:45,Airport Road,274,48,Sunny,34,51,843,Yes,None,No,Medium
2026-03-28,17:00,Airport Road,602,17,Cloudy,21,63,1491,No,None,No,Very High
2026-02-12,01:30,Station Road,53,77,Sunny,33,75,436,Yes,None,No,Low
2026-06-21,13:15,MG Road,122,64,Cloudy,36,50,847,Yes,Sports Match,No,Low
2026-06-14,20:15,Bus Stand Road,233,55,Sunny,21,80,342,Yes,None,No,Medium
2026-02-01,14:45,Ring Road,324,46,Sunny,23,89,1417,Yes,None,No,Medium
2026-03-27,02:00,Bus Stand Road,307,52,Sunny,40,81,562,No,None,No,Medium
2026-05-24,02:15,City Center,117,72,Sunny,25,82,950,No,None,No,Low
2026-01-12,14:15,Airport Road,92,75,Foggy,35,63,1223,No,None,No,Low
2026-05-29,08:45,City Center,630,17,Foggy,31,80,870,Yes,None,Yes,Very High
2026-04-27,12:15,Airport Road,50,78,Rainy,23,50,569,No,None,No,Low
2026-09-06,06:00,Ring Road,120,69,Foggy,39,51,1553,No,None,No,Low
2026-09-17,06:00,MG Road,345,46,Cloudy,40,48,1744,No,None,No,Medium
2026-10-23,01:45,City Center,80,69,Cloudy,29,53,764,No,Festival,Yes,Low
2026-03-30,14:15,College Road,300,48,Sunny,32,58,670,Yes,None,No,Medium
2026-04-08,16:15,Market Road,167,61,Sunny,32,78,309,Yes,None,No,Low
2026-03-22,09:00,College Road,456,34,Rainy,32,93,303,No,None,No,High
2026-02-19,15:45,College Road,131,66,Cloudy,23,46,844,Yes,Concert,No,Low
2026-10-06,15:00,Airport Road,214,59,Sunny,39,52,1160,No,None,No,Medium
2026-12-18,10:45,Bus Stand Road,317,48,Foggy,34,82,1532,Yes,Sports Match,No,Medium
2026-04-21,16:15,Ring Road,269,54,Sunny,25,79,1324,No,None,No,Medium
2026-05-17,06:15,MG Road,216,61,Rainy,23,80,753,Yes,None,No,Medium
2026-09-20,09:45,City Center,494,32,Sunny,27,48,1079,Yes,None,No,High
2026-01-13,15:00,MG Road,256,51,Rainy,37,41,911,No,None,No,Medium
2026-02-28,09:45,College Road,375,39,Cloudy,21,57,383,No,None,No,High
2026-12-12,14:45,Station Road,329,53,Foggy,29,83,952,No,None,No,Medium
2026-06-28,03:15,MG Road,127,67,Rainy,26,75,938,Yes,None,No,Low
2026-04-01,02:00,Airport Road,290,55,Foggy,26,59,1792,No,None,No,Medium
2026-06-04,09:00,Bus Stand Road,497,34,Sunny,21,56,774,No,None,Yes,High
2026-11-06,09:15,Market Road,405,40,Sunny,36,65,1344,No,Concert,No,High
2026-03-04,09:30,Market Road,538,32,Sunny,25,55,712,No,None,No,Very High
2026-06-19,17:15,College Road,608,25,Cloudy,28,51,588,No,None,No,Very High
2026-09-07,09:30,Market Road,533,25,Foggy,38,92,530,No,None,No,Very High
2026-08-04,12:15,Station Road,180,63,Rainy,36,61,1720,No,None,No,Low
2026-06-05,18:00,Bus Stand Road,531,25,Foggy,26,90,1541,No,Sports Match,No,Very High
2026-10-10,22:15,Bus Stand Road,156,69,Foggy,38,61,928,No,None,No,Low
2026-08-02,18:45,MG Road,552,24,Sunny,37,49,739,Yes,None,No,Very High
2026-11-10,22:30,MG Road,213,60,Cloudy,32,82,1182,No,None,Yes,Medium
2026-07-31,10:45,City Center,54,75,Cloudy,36,51,1542,Yes,None,No,Low
2026-03-19,02:30,College Road,79,77,Sunny,39,54,832,Yes,None,No,Low
2026-07-11,12:45,City Center,59,75,Cloudy,24,63,1067,No,None,No,Low
2026-01-11,14:00,Station Road,311,54,Sunny,32,78,1781,Yes,Festival,No,Medium
2026-03-15,12:30,College Road,164,67,Rainy,31,69,1316,No,None,No,Low
2026-03-04,01:30,City Center,204,59,Rainy,27,52,1545,No,Festival,No,Medium
2026-01-11,14:45,MG Road,316,53,Foggy,30,48,1195,No,None,No,Medium
2026-01-23,16:45,Ring Road,268,55,Rainy,25,49,1603,Yes,None,No,Medium
2026-06-19,23:00,Ring Road,109,69,Foggy,39,67,1261,No,None,No,Low
2026-09-03,13:00,MG Road,284,55,Cloudy,23,85,409,Yes,None,Yes,Medium
2026-08-11,23:15,Airport Road,65,75,Foggy,23,59,1104,No,None,Yes,Low
2026-08-04,23:45,MG Road,60,74,Foggy,26,92,722,Yes,None,No,Low
2026-12-24,20:45,Bus Stand Road,345,43,Cloudy,36,40,1321,Yes,None,Yes,Medium
2026-05-24,14:00,Station Road,56,71,Cloudy,25,57,1736,Yes,None,No,Low
2026-04-01,12:30,Station Road,225,57,Cloudy,35,61,341,No,Festival,No,Medium
2026-02-15,12:45,College Road,219,56,Cloudy,22,77,775,No,None,No,Medium
2026-04-21,07:15,Ring Road,198,59,Rainy,31,75,815,Yes,Concert,No,Medium
2026-08-10,07:30,City Center,242,61,Rainy,27,45,885,Yes,None,No,Medium
2026-12-05,17:15,College Road,381,37,Rainy,27,89,451,Yes,Festival,No,High
2026-10-22,12:30,Ring Road,140,70,Foggy,27,93,974,Yes,Sports Match,No,Low
2026-01-01,03:45,City Center,162,62,Sunny,31,53,1391,Yes,None,Yes,Low
2026-04-05,03:15,City Center,301,46,Sunny,26,89,417,Yes,None,No,Medium
2026-06-20,07:30,City Center,163,64,Foggy,31,61,1246,No,None,No,Low
2026-12-24,01:45,Airport Road,99,66,Rainy,30,70,679,Yes,None,Yes,Low
2026-02-08,06:45,MG Road,89,71,Rainy,21,41,641,No,Festival,No,Low
2026-12-18,11:45,Ring Road,348,50,Foggy,29,94,1373,Yes,None,No,Medium
2026-11-15,14:00,Bus Stand Road,163,69,Rainy,35,92,1776,No,None,No,Low
2026-12-09,15:00,Ring Road,170,59,Rainy,27,92,569,Yes,None,No,Low
2026-12-24,11:30,Market Road,56,75,Sunny,28,50,309,No,None,No,Low
2026-02-09,02:00,Airport Road,254,57,Rainy,37,89,892,No,None,No,Medium
2026-09-02,16:45,Station Road,79,74,Cloudy,32,91,605,No,Sports Match,No,Low
2026-02-13,18:30,College Road,471,28,Rainy,20,87,359,No,Festival,No,High
2026-09-10,05:30,Airport Road,335,49,Foggy,30,45,1331,Yes,Festival,No,Medium
2026-11-05,17:45,College Road,384,42,Sunny,26,85,795,Yes,None,No,High
2026-03-28,16:30,MG Road,221,55,Cloudy,36,93,938,No,None,No,Medium
2026-05-12,00:00,City Center,238,59,Foggy,39,43,762,Yes,Concert,No,Medium
2026-11-10,07:30,MG Road,274,55,Rainy,38,75,1242,No,None,No,Medium
2026-01-12,06:30,College Road,309,46,Rainy,32,86,1228,No,None,No,Medium
2026-07-28,20:15,Airport Road,203,58,Rainy,30,43,439,Yes,Festival,No,Medium
2026-08-25,14:45,MG Road,270,56,Cloudy,34,79,1012,Yes,None,No,Medium
2026-11-05,12:45,College Road,333,43,Foggy,27,73,737,Yes,None,No,Medium
2026-01-08,07:15,Market Road,198,62,Sunny,29,46,825,Yes,None,No,Medium
2026-01-25,04:45,College Road,83,76,Sunny,38,83,418,Yes,None,No,Low
2026-12-22,01:45,MG Road,138,68,Cloudy,34,51,1237,Yes,None,No,Low
2026-04-02,06:45,City Center,286,48,Sunny,24,70,1433,Yes,None,No,Medium
2026-01-12,15:00,Ring Road,56,70,Foggy,33,65,969,No,None,No,Low
2026-09-18,03:00,Ring Road,184,60,Sunny,20,81,1552,No,None,No,Medium
2026-03-21,19:00,Market Road,488,31,Rainy,34,68,1401,No,None,No,High
2026-07-31,07:15,College Road,82,77,Foggy,23,48,1634,No,None,Yes,Low
2026-09-01,20:45,Market Road,67,78,Cloudy,40,62,1575,Yes,None,No,Low
2026-09-09,15:30,Bus Stand Road,285,56,Foggy,33,80,358,Yes,None,No,Medium
2026-04-20,15:15,Market Road,324,46,Foggy,24,52,1022,No,Sports Match,No,Medium
2026-11-27,17:15,City Center,390,36,Sunny,22,89,1401,Yes,None,No,High
2026-08-09,10:30,Bus Stand Road,162,66,Sunny,20,83,1779,Yes,None,No,Low
2026-12-28,03:00,Bus Stand Road,253,56,Rainy,30,79,436,Yes,None,No,Medium
2026-09-01,20:15,Market Road,261,53,Sunny,39,83,1747,Yes,None,No,Medium
2026-09-14,04:00,City Center,327,46,Sunny,20,41,756,Yes,None,Yes,Medium
2026-08-12,05:15,College Road,67,79,Rainy,25,91,965,No,None,No,Low
2026-11-06,05:00,Bus Stand Road,74,74,Sunny,33,62,720,No,None,No,Low
2026-07-05,07:30,City Center,218,62,Sunny,26,58,1322,No,None,No,Medium
2026-01-29,05:15,Airport Road,150,67,Rainy,20,76,366,Yes,None,No,Low
2026-10-18,22:45,Station Road,148,63,Foggy,40,76,1609,No,None,Yes,Low
2026-11-17,04:15,College Road,97,72,Cloudy,23,45,760,Yes,None,No,Low
2026-11-06,16:30,Station Road,222,63,Rainy,28,58,1573,Yes,None,No,Medium
2026-10-24,00:45,MG Road,203,61,Rainy,38,59,1056,No,Concert,No,Medium
2026-05-09,12:15,College Road,156,70,Rainy,37,94,1526,Yes,Festival,No,Low
2026-12-12,10:45,Station Road,53,78,Sunny,33,91,1089,No,None,No,Low
2026-02-13,20:30,Station Road,78,73,Foggy,24,51,1362,No,Festival,No,Low
2026-08-15,21:00,Market Road,230,61,Cloudy,25,94,1082,Yes,None,No,Medium
2026-01-11,11:00,Airport Road,223,55,Rainy,40,95,941,No,None,Yes,Medium
2026-12-19,08:30,Ring Road,424,34,Foggy,20,93,828,No,None,No,High
2026-10-05,07:30,Ring Road,94,69,Foggy,38,64,1157,Yes,None,No,Low
2026-04-07,06:30,College Road,58,79,Sunny,36,70,604,No,None,No,Low
2026-02-16,16:30,City Center,259,60,Cloudy,40,84,1404,Yes,None,No,Medium
2026-05-25,17:00,Market Road,489,29,Rainy,27,69,1785,No,None,No,High
2026-06-05,17:15,City Center,599,21,Sunny,38,66,548,Yes,None,No,Very High
2026-09-26,14:45,Station Road,76,73,Foggy,35,51,1445,Yes,None,No,Low
2026-05-14,12:45,City Center,111,70,Rainy,36,48,1218,Yes,None,No,Low
2026-12-09,08:45,Bus Stand Road,467,35,Foggy,37,66,541,Yes,None,No,High
2026-08-06,23:15,College Road,255,55,Foggy,26,73,543,Yes,None,No,Medium
2026-06-23,17:30,Bus Stand Road,543,24,Rainy,35,54,1762,Yes,None,No,Very High
2026-03-27,00:15,Station Road,80,70,Rainy,28,41,711,No,None,No,Low
2026-08-29,19:30,City Center,442,37,Cloudy,29,53,1787,Yes,None,No,High
2026-07-29,20:00,Station Road,199,65,Foggy,40,86,636,Yes,None,No,Medium
2026-11-04,16:30,MG Road,248,56,Rainy,25,78,847,Yes,None,No,Medium
2026-08-19,15:30,Market Road,228,55,Cloudy,24,60,1479,Yes,None,No,Medium
2026-01-12,04:45,Ring Road,295,49,Foggy,28,44,402,No,Concert,No,Medium
2026-12-19,21:00,Bus Stand Road,88,73,Sunny,26,68,1755,No,None,No,Low
2026-05-08,17:15,Station Road,626,16,Rainy,40,61,888,No,None,Yes,Very High
2026-08-14,10:30,Airport Road,82,70,Sunny,35,87,1098,No,None,No,Low
2026-12-18,02:15,Station Road,187,59,Sunny,32,87,1686,Yes,None,No,Medium
2026-07-29,21:30,Bus Stand Road,201,58,Cloudy,39,89,1528,No,Concert,No,Medium
2026-02-26,16:00,MG Road,86,74,Foggy,32,40,744,No,Concert,No,Low
2026-08-25,20:15,Ring Road,330,42,Foggy,37,67,665,No,None,No,Medium
2026-06-30,10:30,MG Road,279,56,Foggy,20,53,1209,No,None,No,Medium
2026-09-27,16:00,City Center,268,49,Cloudy,27,56,1259,Yes,None,No,Medium
2026-03-07,13:00,Market Road,261,59,Foggy,31,43,1559,No,None,No,Medium
2026-12-02,01:30,College Road,85,67,Sunny,29,68,1592,No,Festival,No,Low
2026-03-13,03:15,MG Road,220,58,Foggy,29,83,1310,No,None,No,Medium
2026-09-11,00:45,Station Road,334,44,Sunny,34,63,929,Yes,None,No,Medium
2026-09-01,22:00,Bus Stand Road,340,44,Foggy,34,59,434,Yes,None,No,Medium
2026-05-22,21:15,Ring Road,98,66,Cloudy,24,92,870,Yes,Concert,No,Low
2026-05-12,11:45,Market Road,52,74,Cloudy,20,53,1389,No,None,No,Low
2026-07-13,18:45,Airport Road,547,31,Foggy,29,59,958,No,None,No,Very High
2026-07-16,01:45,College Road,341,41,Cloudy,25,91,1717,No,None,No,Medium
2026-05-16,16:45,MG Road,212,54,Rainy,37,69,1643,Yes,None,No,Medium
2026-07-10,16:15,MG Road,205,63,Cloudy,32,45,403,No,None,No,Medium
2026-08-19,21:00,Ring Road,176,59,Cloudy,36,46,1582,No,Concert,No,Low
2026-04-18,07:30,Market Road,160,63,Sunny,26,58,1333,Yes,None,No,Low
2026-10-30,01:00,College Road,281,47,Rainy,39,79,1119,No,None,No,Medium
2026-05-03,00:15,Station Road,52,77,Cloudy,25,88,1440,Yes,None,No,Low
2026-08-16,12:15,Market Road,160,61,Foggy,32,55,638,Yes,None,No,Low
2026-06-05,17:00,Station Road,497,31,Rainy,26,84,999,No,Concert,No,High
2026-12-05,04:15,City Center,293,46,Sunny,25,42,870,No,None,No,Medium
2026-07-15,19:15,College Road,607,18,Foggy,40,62,334,No,None,No,Very High
2026-01-08,21:45,Bus Stand Road,226,62,Cloudy,30,88,1132,No,None,Yes,Medium
2026-11-05,08:00,College Road,492,29,Sunny,28,48,1739,No,Festival,No,High
2026-07-09,12:30,Ring Road,306,50,Rainy,27,62,1331,No,None,No,Medium
2026-04-17,11:00,College Road,190,58,Sunny,24,61,1239,No,None,No,Medium
2026-02-09,22:30,Ring Road,284,48,Foggy,38,83,1477,No,Concert,No,Medium
2026-12-04,13:45,Ring Road,124,70,Cloudy,32,73,882,Yes,None,Yes,Low
2026-09-23,11:00,College Road,139,64,Sunny,28,84,1207,Yes,Festival,No,Low
2026-12-18,09:30,Market Road,643,20,Foggy,39,57,798,Yes,None,No,Very High
2026-07-21,08:45,City Center,588,18,Sunny,32,49,1118,Yes,None,No,Very High
2026-08-14,01:45,College Road,91,75,Foggy,38,59,466,No,None,Yes,Low
2026-01-18,02:45,Station Road,203,59,Rainy,33,93,1015,Yes,None,No,Medium
2026-03-08,09:45,MG Road,415,35,Foggy,39,93,1781,Yes,None,No,High
2026-03-02,18:00,Market Road,351,46,Rainy,22,87,1252,Yes,Festival,Yes,High
2026-03-07,22:15,MG Road,340,43,Sunny,38,66,1785,No,None,No,Medium
2026-11-05,16:30,Airport Road,186,57,Sunny,35,46,1513,Yes,None,No,Medium
2026-05-29,07:00,Ring Road,156,66,Sunny,30,70,781,Yes,None,No,Low
2026-12-14,00:00,MG Road,206,58,Cloudy,22,82,1054,No,None,No,Medium
2026-04-26,23:45,Market Road,137,64,Rainy,25,76,1549,No,Concert,No,Low
2026-12-03,13:45,Bus Stand Road,231,59,Foggy,39,45,1293,No,None,No,Medium
2026-01-29,02:45,Market Road,135,72,Rainy,36,44,468,No,None,No,Low
2026-09-29,18:00,Station Road,441,34,Cloudy,23,52,426,No,Sports Match,No,High
2026-07-05,04:30,Market Road,279,49,Foggy,23,43,427,No,None,No,Medium
2026-10-31,16:00,Market Road,242,58,Sunny,35,49,949,Yes,None,No,Medium
2026-08-27,14:00,Market Road,329,52,Foggy,20,83,1022,Yes,None,No,Medium
2026-05-18,18:45,College Road,568,26,Rainy,23,87,1763,No,None,No,Very High
2026-05-24,17:15,Station Road,353,48,Rainy,33,66,489,No,Festival,No,High
2026-04-12,10:00,Ring Road,148,69,Sunny,37,48,1531,No,None,No,Low
2026-02-25,20:00,Bus Stand Road,138,69,Sunny,35,48,1721,No,None,No,Low
2026-05-06,16:15,College Road,50,70,Cloudy,39,82,463,No,None,No,Low
2026-07-24,07:45,Station Road,197,56,Rainy,36,61,1189,No,None,No,Medium
2026-01-26,06:30,MG Road,322,50,Cloudy,22,47,855,Yes,None,No,Medium
2026-03-29,14:30,City Center,210,64,Cloudy,21,94,660,No,Concert,No,Medium
2026-05-16,08:45,College Road,512,24,Rainy,33,81,476,Yes,None,No,Very High
2026-06-04,10:45,MG Road,160,62,Rainy,32,67,469,No,None,No,Low
2026-04-28,02:00,College Road,148,70,Sunny,20,80,1664,Yes,None,No,Low
2026-10-31,06:30,Airport Road,334,52,Cloudy,22,90,811,Yes,Concert,No,Medium
2026-01-25,13:45,Ring Road,342,48,Sunny,24,74,813,Yes,None,No,Medium
2026-04-18,16:15,Market Road,184,62,Cloudy,28,47,643,Yes,Concert,No,Medium
2026-09-06,03:30,Ring Road,73,78,Sunny,28,50,375,No,None,No,Low
2026-02-09,07:45,Bus Stand Road,205,63,Sunny,27,77,727,Yes,Sports Match,No,Medium
2026-06-21,14:30,College Road,142,68,Foggy,20,57,815,No,Festival,No,Low
2026-11-16,19:30,Market Road,487,37,Cloudy,35,88,1326,Yes,None,No,High
2026-06-27,01:45,Station Road,279,55,Sunny,24,46,1459,No,None,No,Medium
2026-08-20,01:00,Airport Road,101,68,Cloudy,28,49,1678,No,None,No,Low
2026-12-03,06:15,Ring Road,109,74,Foggy,22,79,1410,No,None,No,Low
2026-01-14,17:30,MG Road,360,39,Cloudy,25,59,612,Yes,None,Yes,High
2026-02-16,05:45,College Road,66,75,Foggy,38,65,796,Yes,None,No,Low
2026-10-10,08:00,College Road,366,39,Cloudy,36,87,1225,Yes,None,No,High
2026-04-22,08:45,Bus Stand Road,485,30,Rainy,32,70,1699,Yes,None,No,High
2026-10-15,07:45,MG Road,168,66,Cloudy,35,70,1651,No,None,No,Low
2026-09-13,00:00,Airport Road,130,62,Cloudy,39,90,972,No,None,No,Low
2026-05-30,20:30,MG Road,295,47,Rainy,34,58,1073,No,Sports Match,No,Medium
2026-07-12,12:00,Market Road,81,70,Sunny,21,40,909,Yes,None,No,Low
2026-07-05,16:30,Station Road,105,68,Cloudy,20,92,1070,Yes,None,No,Low
2026-06-08,06:45,College Road,281,48,Foggy,30,52,795,No,None,No,Medium
2026-11-07,11:30,Station Road,221,54,Rainy,31,74,367,No,None,No,Medium
2026-10-11,07:30,Airport Road,174,66,Sunny,26,78,1200,No,None,No,Low
2026-06-09,23:45,Bus Stand Road,108,71,Rainy,27,47,637,Yes,Sports Match,No,Low
2026-03-14,23:30,Airport Road,283,54,Rainy,38,45,326,No,Festival,No,Medium
2026-02-28,05:30,City Center,73,71,Foggy,37,88,1352,Yes,None,No,Low
2026-03-10,10:00,Market Road,304,51,Sunny,29,86,461,No,Concert,Yes,Medium
2026-11-09,19:15,Airport Road,493,33,Cloudy,31,87,659,No,None,No,High
2026-06-04,17:00,Bus Stand Road,440,34,Foggy,23,62,988,No,None,No,High
2026-05-26,20:00,College Road,197,65,Sunny,27,77,919,No,None,No,Medium
2026-08-22,06:15,Ring Road,192,63,Foggy,39,86,839,Yes,None,No,Medium
2026-05-17,08:30,Market Road,615,17,Sunny,21,77,1612,Yes,None,No,Very High
2026-08-31,15:45,Ring Road,158,62,Sunny,28,59,618,No,None,No,Low
2026-02-25,18:30,Bus Stand Road,611,14,Rainy,31,40,1635,No,None,No,Very High
2026-05-04,23:45,Station Road,183,66,Cloudy,37,53,715,Yes,None,No,Medium
2026-05-27,20:45,Airport Road,344,42,Foggy,37,77,402,No,None,No,Medium
2026-07-29,02:30,College Road,83,68,Rainy,39,94,1535,No,None,Yes,Low
2026-04-23,07:15,Market Road,290,50,Sunny,30,59,538,Yes,None,No,Medium
2026-10-07,04:15,MG Road,292,51,Rainy,37,85,1314,No,Festival,No,Medium
2026-03-16,19:30,Market Road,618,21,Cloudy,29,65,320,Yes,None,No,Very High
2026-12-18,06:15,City Center,75,70,Cloudy,35,64,1722,Yes,None,No,Low
2026-05-13,23:15,Market Road,133,65,Rainy,28,59,881,No,None,No,Low
2026-11-03,06:30,MG Road,289,48,Sunny,39,67,1772,Yes,None,Yes,Medium
2026-02-11,10:15,College Road,290,56,Rainy,39,55,1038,No,None,Yes,Medium
2026-02-03,14:45,Station Road,79,77,Rainy,31,59,1671,No,None,No,Low
2026-03-14,16:45,Airport Road,137,65,Sunny,21,83,683,Yes,None,No,Low
2026-01-02,18:15,MG Road,367,42,Foggy,26,82,653,Yes,None,No,High
2026-11-07,01:45,Airport Road,75,77,Rainy,34,89,833,No,None,No,Low
2026-11-09,07:30,Airport Road,232,52,Foggy,29,59,812,No,Concert,No,Medium
2026-10-01,18:30,MG Road,508,32,Sunny,25,51,360,No,None,No,Very High
2026-09-06,00:00,City Center,269,49,Rainy,25,51,1118,No,None,No,Medium
2026-03-18,11:30,City Center,217,63,Sunny,28,85,1449,Yes,Concert,No,Medium
2026-07-24,11:15,Market Road,152,69,Foggy,20,87,342,No,Festival,No,Low
2026-09-23,01:45,City Center,338,44,Rainy,32,58,954,Yes,None,No,Medium
2026-08-07,07:15,Airport Road,250,51,Cloudy,25,81,632,Yes,Sports Match,No,Medium
2026-06-13,18:45,Airport Road,443,33,Sunny,32,50,693,Yes,None,No,High
2026-06-03,07:00,Airport Road,339,51,Sunny,34,66,791,No,None,No,Medium
2026-04-16,01:15,Bus Stand Road,303,51,Cloudy,26,56,1250,No,None,No,Medium
2026-12-14,22:00,College Road,97,70,Foggy,26,88,1153,No,None,No,Low
2026-03-21,18:15,College Road,428,34,Rainy,27,61,916,Yes,None,No,High
2026-06-15,16:45,Market Road,246,60,Foggy,31,68,1510,No,None,No,Medium
2026-06-04,17:30,Airport Road,565,29,Cloudy,21,59,565,No,Festival,No,Very High
2026-06-25,09:15,MG Road,481,33,Sunny,33,46,451,Yes,None,No,High
2026-10-22,15:45,Market Road,95,66,Rainy,26,87,670,Yes,None,No,Low
2026-08-23,07:00,Bus Stand Road,345,46,Foggy,30,43,1734,Yes,Festival,No,Medium
2026-03-27,19:15,Airport Road,453,40,Cloudy,37,89,807,No,None,No,High
2026-10-20,16:15,Station Road,183,59,Foggy,33,57,914,Yes,None,No,Medium
2026-01-06,23:15,Airport Road,53,77,Sunny,25,42,1448,Yes,Concert,No,Low
2026-01-12,23:00,Ring Road,54,75,Sunny,32,84,576,Yes,None,Yes,Low
2026-06-24,17:15,College Road,374,41,Rainy,28,55,642,Yes,None,No,High
2026-03-30,23:15,Bus Stand Road,299,48,Cloudy,25,82,1705,Yes,None,No,Medium
2026-06-15,20:45,Airport Road,219,59,Sunny,35,60,1097,No,None,No,Medium
2026-05-18,00:00,MG Road,220,54,Cloudy,40,54,997,No,Festival,No,Medium
2026-02-16,10:45,Ring Road,307,54,Sunny,38,61,1595,No,None,No,Medium
2026-09-14,14:15,MG Road,166,60,Rainy,36,60,589,Yes,None,No,Low
2026-01-02,04:00,Ring Road,127,69,Sunny,33,44,1228,No,None,No,Low
2026-11-19,17:45,Ring Road,571,22,Cloudy,38,84,1420,No,None,Yes,Very High
2026-02-11,13:15,Airport Road,53,77,Cloudy,37,72,1722,No,None,No,Low
2026-09-15,05:30,Ring Road,158,65,Sunny,39,40,648,No,None,No,Low
2026-06-13,01:30,City Center,323,49,Sunny,32,45,1498,No,None,No,Medium
2026-04-02,11:45,Ring Road,51,74,Rainy,30,61,1198,Yes,None,No,Low
2026-08-20,21:30,Ring Road,246,56,Foggy,32,72,1306,Yes,None,Yes,Medium
2026-07-07,02:00,Ring Road,158,69,Sunny,35,67,698,No,None,No,Low
2026-11-28,04:00,City Center,139,62,Cloudy,37,65,441,Yes,None,No,Low
2026-10-05,22:00,MG Road,192,61,Sunny,31,93,397,No,Sports Match,No,Medium
2026-10-14,15:15,College Road,344,49,Sunny,26,41,842,No,Concert,No,Medium
2026-01-08,16:15,MG Road,70,69,Foggy,29,74,1345,Yes,None,No,Low
2026-12-13,13:15,Market Road,273,55,Foggy,22,63,1499,No,Festival,No,Medium
2026-09-29,14:15,MG Road,304,52,Sunny,34,95,1472,No,None,No,Medium
2026-11-22,09:45,Station Road,366,42,Sunny,30,82,1743,Yes,None,Yes,High
2026-01-10,21:00,Bus Stand Road,271,57,Rainy,34,60,317,No,None,Yes,Medium
2026-07-27,15:15,Ring Road,177,64,Sunny,36,90,533,Yes,None,Yes,Low
2026-03-18,11:45,Market Road,148,70,Cloudy,31,52,1021,No,None,No,Low
2026-06-08,23:00,College Road,278,57,Rainy,33,82,1790,Yes,None,No,Medium
2026-09-28,18:00,Ring Road,593,24,Rainy,24,47,589,Yes,None,No,Very High
2026-01-07,05:30,Market Road,331,49,Rainy,26,80,648,Yes,None,No,Medium
2026-06-20,19:15,College Road,649,11,Rainy,30,79,958,No,None,No,Very High
2026-04-12,04:00,Market Road,145,68,Sunny,27,62,609,Yes,None,No,Low
2026-03-27,06:45,Market Road,131,62,Foggy,24,41,1798,Yes,None,No,Low
2026-02-01,18:15,Station Road,617,24,Sunny,36,52,1659,Yes,None,No,Very High
2026-11-29,10:00,Airport Road,286,48,Rainy,26,69,664,No,Concert,No,Medium
2026-09-07,10:00,Bus Stand Road,301,49,Rainy,30,85,747,Yes,None,No,Medium
2026-07-03,04:15,Market Road,269,52,Cloudy,25,70,1432,Yes,Sports Match,No,Medium
2026-03-21,15:30,Ring Road,249,61,Sunny,25,94,464,No,Festival,No,Medium
2026-04-11,04:00,City Center,347,41,Foggy,32,51,1251,No,None,No,Medium
2026-07-28,15:00,Ring Road,136,72,Foggy,28,70,1452,No,None,No,Low
2026-06-07,01:00,Airport Road,162,67,Cloudy,37,67,1238,Yes,Sports Match,No,Low
2026-12-10,06:00,MG Road,348,51,Foggy,39,59,785,Yes,Sports Match,No,Medium
2026-04-10,03:30,Bus Stand Road,246,58,Foggy,37,57,391,Yes,None,No,Medium
2026-06-05,00:45,Ring Road,196,60,Rainy,35,94,529,Yes,None,No,Medium
2026-02-23,07:15,Airport Road,201,65,Cloudy,32,70,1657,Yes,None,Yes,Medium
2026-06-23,12:45,Ring Road,306,47,Sunny,29,95,685,Yes,None,No,Medium
2026-08-15,19:30,Airport Road,480,28,Sunny,31,74,1186,Yes,Festival,No,High
2026-01-26,02:00,MG Road,151,65,Cloudy,25,86,379,No,None,No,Low
2026-08-18,12:30,City Center,337,45,Foggy,28,68,818,No,None,No,Medium
2026-07-26,08:30,College Road,629,23,Rainy,29,62,1030,Yes,None,Yes,Very High
2026-04-10,20:45,Airport Road,256,57,Rainy,29,40,1753,Yes,None,No,Medium
2026-12-07,01:45,Station Road,221,58,Sunny,26,94,853,No,Festival,No,Medium
2026-12-30,22:00,Ring Road,299,49,Foggy,29,95,677,Yes,None,No,Medium
2026-09-26,07:30,Airport Road,174,66,Foggy,35,70,1285,No,None,Yes,Low
2026-11-12,00:30,College Road,137,68,Foggy,39,80,1244,Yes,None,No,Low
2026-03-20,14:45,College Road,270,55,Rainy,40,51,1710,No,None,No,Medium
2026-12-22,08:00,Airport Road,353,41,Rainy,40,53,1280,No,Festival,No,High
2026-02-21,02:45,Market Road,152,66,Sunny,20,48,305,Yes,None,No,Low
2026-11-05,10:15,MG Road,144,61,Foggy,23,82,590,No,None,No,Low
2026-03-09,18:00,College Road,379,42,Cloudy,38,89,1777,No,Sports Match,No,High
2026-03-18,04:15,MG Road,185,60,Cloudy,25,49,1559,Yes,Concert,No,Medium
2026-07-03,04:15,Station Road,279,49,Sunny,26,58,1508,Yes,Festival,No,Medium
2026-07-31,22:15,Ring Road,259,52,Sunny,35,59,1350,No,None,Yes,Medium
2026-12-13,11:15,MG Road,80,75,Rainy,31,40,1171,Yes,None,No,Low
2026-12-15,22:30,MG Road,146,63,Cloudy,22,83,1749,No,None,No,Low
2026-06-17,10:15,Market Road,90,69,Sunny,39,40,1021,Yes,None,No,Low
2026-12-26,03:00,Station Road,290,53,Rainy,32,49,1697,No,None,No,Medium
2026-06-07,11:30,College Road,262,57,Rainy,36,67,1019,Yes,Sports Match,No,Medium
2026-11-23,23:45,City Center,68,78,Foggy,30,43,1596,No,None,No,Low
2026-06-21,14:30,Ring Road,272,49,Cloudy,21,60,1268,Yes,None,No,Medium
2026-08-09,07:30,Station Road,232,55,Rainy,33,76,380,No,None,No,Medium
2026-10-03,02:15,Market Road,103,69,Cloudy,28,62,1164,Yes,None,No,Low
2026-06-11,20:15,Station Road,190,61,Sunny,26,44,689,Yes,None,No,Medium
2026-08-07,03:45,Ring Road,56,70,Foggy,20,92,699,No,None,No,Low
2026-06-08,13:45,College Road,118,67,Rainy,26,71,1787,No,Festival,Yes,Low
2026-02-02,06:00,Airport Road,178,62,Sunny,31,45,331,No,None,No,Low
2026-07-17,11:30,Market Road,66,78,Cloudy,26,51,1705,Yes,None,No,Low
2026-05-06,08:00,College Road,453,34,Cloudy,34,41,651,No,Concert,No,High
2026-09-23,00:15,Airport Road,244,59,Sunny,39,76,1786,No,None,No,Medium
2026-06-25,17:15,MG Road,475,34,Sunny,35,79,317,Yes,None,No,High
2026-06-28,06:30,Station Road,275,55,Sunny,30,47,1560,No,None,No,Medium
2026-11-12,20:00,Bus Stand Road,292,56,Sunny,31,81,724,No,None,No,Medium
2026-05-13,20:15,Airport Road,174,63,Foggy,24,75,1529,Yes,None,No,Low
2026-01-09,21:45,Station Road,100,67,Sunny,35,92,1681,No,None,No,Low
2026-10-24,00:45,Airport Road,98,67,Rainy,24,72,712,No,None,No,Low
2026-12-02,11:30,City Center,323,50,Cloudy,22,58,829,Yes,Festival,No,Medium
2026-03-12,11:00,Market Road,131,72,Rainy,32,75,358,Yes,None,No,Low
2026-03-14,05:15,Station Road,133,67,Rainy,27,43,1213,No,Festival,No,Low
2026-08-19,16:15,Ring Road,150,60,Cloudy,40,44,924,No,None,No,Low
2026-10-31,13:15,Station Road,56,72,Rainy,20,69,1478,No,None,No,Low
2026-02-13,03:00,Ring Road,271,49,Rainy,35,82,1049,No,None,No,Medium
2026-12-22,07:30,Market Road,175,64,Foggy,22,63,1474,No,None,No,Low
2026-01-17,16:00,College Road,311,52,Foggy,20,95,1189,No,Sports Match,No,Medium
2026-01-24,13:30,Ring Road,349,42,Rainy,21,58,1168,Yes,None,No,Medium
2026-04-06,16:00,Market Road,339,51,Sunny,38,92,508,No,None,No,Medium
2026-10-01,06:00,Market Road,328,52,Foggy,31,64,742,Yes,None,Yes,Medium
2026-10-02,15:45,Airport Road,283,54,Cloudy,24,80,482,Yes,None,No,Medium
2026-07-10,10:30,Ring Road,73,74,Sunny,30,47,1701,Yes,None,Yes,Low
2026-06-21,06:45,College Road,297,55,Sunny,32,81,588,Yes,None,No,Medium
2026-08-11,04:00,Station Road,349,45,Cloudy,28,60,1212,Yes,None,No,Medium
2026-10-15,23:30,Ring Road,153,66,Cloudy,28,40,696,Yes,None,No,Low
2026-04-17,00:00,Station Road,220,61,Sunny,36,47,864,No,None,No,Medium
2026-04-10,02:00,Station Road,87,68,Sunny,28,91,814,No,None,No,Low
2026-03-11,04:45,College Road,218,63,Foggy,40,95,692,No,None,No,Medium
2026-09-14,20:00,Bus Stand Road,266,49,Cloudy,27,80,1483,No,None,No,Medium
2026-09-22,18:15,Airport Road,573,21,Cloudy,30,55,838,Yes,None,No,Very High
2026-01-29,23:00,College Road,51,80,Rainy,40,88,853,Yes,None,No,Low
2026-10-30,13:30,Market Road,247,55,Sunny,32,85,546,Yes,None,No,Medium
2026-10-22,12:00,Station Road,173,66,Cloudy,25,47,339,Yes,Festival,No,Low
2026-01-05,08:15,College Road,561,21,Sunny,33,45,1265,Yes,Festival,No,Very High
2026-06-30,05:00,Market Road,73,74,Foggy,40,53,813,Yes,None,No,Low
2026-02-12,14:30,Ring Road,114,67,Rainy,32,89,1460,No,None,No,Low
2026-11-25,08:30,Station Road,358,48,Foggy,28,58,688,No,None,No,High
2026-03-06,00:15,Ring Road,240,51,Cloudy,22,81,1497,Yes,None,Yes,Medium
2026-04-27,12:30,MG Road,153,62,Sunny,29,48,646,Yes,None,No,Low
2026-11-27,21:00,Ring Road,278,50,Rainy,31,67,1288,No,None,No,Medium
2026-05-31,05:30,Bus Stand Road,256,55,Foggy,29,60,1761,No,None,No,Medium
2026-04-18,18:15,City Center,612,24,Foggy,27,94,867,No,None,No,Very High
2026-04-19,11:00,Ring Road,116,68,Sunny,26,88,1708,No,None,No,Low
2026-10-29,03:45,City Center,326,44,Foggy,26,57,307,No,None,No,Medium
2026-07-01,22:30,Station Road,311,52,Sunny,33,82,919,No,None,No,Medium
2026-03-11,08:00,Bus Stand Road,440,40,Cloudy,39,70,918,No,None,No,High
2026-01-31,14:00,Station Road,105,73,Sunny,32,58,1433,No,None,No,Low
2026-03-28,23:30,Market Road,72,69,Foggy,27,56,1157,Yes,None,No,Low
2026-01-07,09:15,Bus Stand Road,579,24,Foggy,23,85,575,Yes,None,No,Very High
2026-07-03,14:15,College Road,126,68,Rainy,31,46,597,No,None,No,Low
2026-03-01,09:30,Ring Road,453,38,Foggy,30,67,755,No,None,No,High
2026-02-16,22:15,Bus Stand Road,105,67,Foggy,26,65,1630,Yes,None,No,Low
2026-09-07,17:45,Station Road,574,24,Rainy,36,85,1305,Yes,None,No,Very High
2026-08-12,20:15,MG Road,308,45,Sunny,34,76,805,Yes,None,No,Medium
2026-07-01,22:30,MG Road,262,54,Rainy,29,41,686,Yes,None,No,Medium
2026-04-21,21:00,Airport Road,243,59,Foggy,28,59,680,Yes,None,Yes,Medium
2026-03-09,02:45,Airport Road,282,47,Rainy,20,74,452,Yes,None,No,Medium
2026-04-18,18:15,College Road,601,24,Foggy,33,50,786,Yes,None,No,Very High
2026-03-26,20:00,Ring Road,119,72,Cloudy,40,64,1599,No,None,No,Low
2026-10-30,14:30,City Center,237,57,Rainy,23,81,1084,Yes,None,No,Medium
2026-03-21,22:30,Bus Stand Road,179,59,Foggy,40,75,527,No,Festival,No,Low
2026-08-15,12:30,Bus Stand Road,115,72,Foggy,26,86,962,No,Concert,No,Low
2026-06-16,20:30,Market Road,218,64,Cloudy,23,84,439,No,None,No,Medium
2026-06-28,17:45,Airport Road,488,37,Sunny,39,86,899,Yes,None,Yes,High
2026-12-28,22:45,MG Road,217,64,Sunny,32,75,1510,No,None,No,Medium
2026-03-29,22:45,Ring Road,345,44,Rainy,26,77,621,Yes,None,No,Medium
2026-08-19,04:45,Market Road,273,49,Sunny,22,83,1794,No,None,No,Medium
2026-08-06,12:30,City Center,172,67,Sunny,20,85,1599,No,None,No,Low
2026-09-07,19:30,Station Road,564,24,Foggy,24,41,1287,No,None,No,Very High
2026-01-06,13:15,Bus Stand Road,217,54,Foggy,27,94,1663,No,None,No,Medium
2026-12-14,06:00,Airport Road,106,67,Sunny,36,60,1784,No,None,No,Low
2026-01-28,04:00,College Road,294,46,Rainy,30,81,1644,Yes,None,No,Medium
2026-08-05,19:45,Market Road,441,32,Cloudy,26,62,1736,Yes,None,No,High
2026-05-06,16:30,College Road,56,70,Cloudy,33,95,1676,No,None,No,Low
2026-10-03,23:45,Station Road,190,58,Sunny,40,71,1749,Yes,None,No,Medium
2026-07-19,20:15,City Center,111,66,Sunny,23,47,917,No,None,No,Low
2026-02-05,22:45,City Center,223,55,Sunny,30,67,612,Yes,None,Yes,Medium
2026-06-04,12:45,MG Road,263,57,Cloudy,37,65,934,No,Festival,No,Medium
2026-10-31,22:45,MG Road,267,59,Cloudy,27,76,1527,Yes,Festival,No,Medium
2026-10-24,06:45,Market Road,181,59,Rainy,28,87,1224,Yes,None,No,Medium
2026-03-10,08:45,Airport Road,638,22,Cloudy,23,68,789,Yes,None,No,Very High
2026-06-03,22:00,Market Road,226,55,Sunny,34,51,1535,No,None,No,Medium
2026-11-27,19:45,Bus Stand Road,521,33,Rainy,25,74,638,Yes,None,No,Very High
2026-04-11,09:15,Market Road,535,30,Cloudy,22,51,417,Yes,None,No,Very High
2026-10-12,07:15,City Center,288,57,Sunny,20,50,1410,Yes,None,No,Medium
2026-02-25,07:00,Airport Road,303,53,Rainy,36,54,568,No,None,No,Medium
2026-02-19,10:45,Station Road,108,74,Rainy,24,45,1296,Yes,None,No,Low
2026-12-05,05:30,Station Road,309,50,Cloudy,21,45,1214,No,Festival,Yes,Medium
2026-10-24,06:30,MG Road,189,59,Foggy,32,69,1151,Yes,None,No,Medium
2026-09-09,22:15,City Center,169,61,Foggy,21,58,1730,Yes,None,No,Low
2026-02-04,01:45,Station Road,251,52,Foggy,30,46,1072,No,None,No,Medium
2026-10-27,18:30,Station Road,503,28,Rainy,32,84,1430,No,Sports Match,No,Very High
2026-04-20,09:00,Ring Road,402,36,Sunny,37,54,853,Yes,None,No,High
2026-04-25,08:30,Bus Stand Road,360,47,Cloudy,22,66,979,Yes,Concert,No,High
2026-05-09,18:30,College Road,550,22,Cloudy,35,78,866,Yes,None,No,Very High
2026-02-02,09:00,Ring Road,506,32,Foggy,29,87,973,Yes,None,No,Very High
2026-10-19,22:30,Station Road,135,71,Rainy,38,48,951,Yes,None,No,Low
2026-11-24,10:30,Market Road,187,60,Foggy,32,88,1642,Yes,None,No,Medium
2026-04-09,03:00,Ring Road,187,66,Sunny,27,66,1461,Yes,None,No,Medium
2026-04-01,11:45,City Center,266,50,Foggy,34,52,1432,No,None,No,Medium
2026-05-22,12:00,College Road,78,70,Rainy,20,45,572,Yes,Festival,No,Low
2026-10-14,03:00,Station Road,171,63,Rainy,33,67,1450,Yes,None,No,Low
2026-06-17,09:30,MG Road,442,33,Rainy,33,91,328,Yes,None,Yes,High
2026-11-20,08:15,MG Road,604,23,Foggy,26,45,1104,Yes,Festival,No,Very High
2026-03-02,06:00,Station Road,88,74,Cloudy,30,44,1273,No,None,No,Low
2026-05-24,04:00,City Center,54,72,Foggy,27,42,678,Yes,None,No,Low
2026-12-05,06:45,Airport Road,219,60,Foggy,23,59,314,Yes,Festival,Yes,Medium
2026-01-16,04:30,City Center,139,67,Foggy,20,46,1215,Yes,None,No,Low
2026-10-18,23:00,Ring Road,294,53,Rainy,26,64,522,Yes,None,No,Medium
2026-02-08,06:30,Ring Road,79,71,Rainy,27,42,1769,No,None,No,Low
2026-06-08,01:00,College Road,57,74,Foggy,39,84,1299,No,None,No,Low
2026-10-30,21:00,Airport Road,127,71,Foggy,27,57,597,No,None,No,Low
2026-09-06,11:45,City Center,205,62,Rainy,36,84,634,Yes,None,No,Medium
2026-06-15,13:15,Ring Road,207,55,Cloudy,28,54,1378,No,Festival,No,Medium
2026-07-07,06:30,Market Road,232,52,Rainy,37,93,1708,No,None,No,Medium
2026-01-01,05:15,Bus Stand Road,55,79,Rainy,27,42,1348,No,None,Yes,Low
2026-02-01,09:15,Station Road,442,36,Sunny,28,90,334,Yes,None,No,High
2026-09-02,00:15,Airport Road,117,67,Sunny,21,86,337,Yes,None,No,Low
2026-12-31,00:15,Bus Stand Road,305,55,Sunny,20,89,1378,Yes,None,No,Medium
2026-07-25,21:45,Bus Stand Road,106,71,Sunny,40,46,1419,Yes,None,No,Low
2026-12-04,15:00,Market Road,144,69,Foggy,22,94,1759,No,None,No,Low
2026-10-30,05:30,Station Road,280,57,Cloudy,32,43,1777,No,None,Yes,Medium
2026-07-24,01:45,Bus Stand Road,137,64,Rainy,21,74,1276,No,None,No,Low
2026-03-23,19:45,Market Road,432,38,Cloudy,35,67,1535,No,Festival,No,High
2026-12-20,15:00,MG Road,139,67,Rainy,22,76,925,Yes,None,No,Low
2026-12-01,03:45,City Center,142,69,Cloudy,34,66,1046,Yes,Concert,No,Low
2026-05-28,17:15,Airport Road,544,22,Sunny,38,71,1478,No,Festival,No,Very High
2026-02-11,14:30,Ring Road,343,49,Rainy,25,64,1464,No,None,Yes,Medium
2026-07-01,01:30,City Center,292,46,Rainy,40,64,476,No,None,No,Medium
2026-02-01,12:15,Ring Road,68,71,Cloudy,32,76,587,No,None,No,Low
2026-09-14,07:30,City Center,61,75,Cloudy,28,53,1457,No,Sports Match,No,Low
2026-06-03,21:30,Ring Road,147,66,Foggy,39,65,1692,Yes,None,No,Low
2026-01-25,20:15,MG Road,139,62,Foggy,22,67,1537,Yes,None,No,Low
2026-06-05,21:15,City Center,98,66,Rainy,32,65,328,No,None,Yes,Low
2026-11-30,18:00,Bus Stand Road,588,27,Foggy,29,83,1572,No,None,No,Very High
2026-08-29,00:15,City Center,154,69,Cloudy,34,65,1224,Yes,None,No,Low
2026-11-25,08:00,Station Road,399,42,Rainy,36,41,1704,Yes,None,No,High
2026-04-18,06:00,Bus Stand Road,202,57,Cloudy,35,95,385,No,None,No,Medium
2026-12-16,20:15,Ring Road,340,51,Cloudy,25,45,556,No,None,Yes,Medium
2026-05-20,10:45,MG Road,340,43,Sunny,38,69,1348,Yes,None,No,Medium
2026-03-24,04:00,Station Road,231,60,Cloudy,20,73,977,Yes,None,No,Medium
2026-07-08,05:30,Ring Road,73,72,Sunny,37,73,1713,No,None,No,Low
2026-11-12,22:30,Bus Stand Road,168,65,Sunny,22,65,823,Yes,None,No,Low
2026-06-14,22:45,Station Road,109,74,Sunny,37,83,699,No,None,No,Low
2026-07-13,22:45,Airport Road,303,55,Cloudy,35,69,317,Yes,None,No,Medium
2026-12-01,15:15,Ring Road,64,70,Foggy,21,83,1482,No,None,No,Low
2026-07-20,01:30,Bus Stand Road,301,54,Rainy,36,89,1610,No,None,No,Medium
2026-02-01,05:15,Ring Road,132,68,Cloudy,40,53,1489,Yes,None,No,Low
2026-10-07,04:15,College Road,155,61,Foggy,26,65,1301,Yes,None,No,Low
2026-11-29,09:15,City Center,504,31,Sunny,27,92,1782,Yes,None,No,Very High
2026-09-15,05:45,Airport Road,181,65,Rainy,33,80,837,No,None,No,Medium
2026-12-17,12:45,MG Road,170,62,Rainy,23,68,1105,Yes,None,No,Low
2026-11-07,18:00,MG Road,456,36,Rainy,28,87,605,Yes,None,No,High
2026-10-06,11:30,Station Road,203,64,Foggy,28,71,416,No,None,No,Medium
2026-12-22,05:45,Bus Stand Road,167,65,Rainy,34,41,1639,No,None,No,Low
2026-10-25,22:45,College Road,269,52,Sunny,30,62,892,Yes,None,No,Medium
2026-08-02,16:15,Ring Road,107,71,Rainy,20,63,1085,Yes,Sports Match,No,Low
2026-02-09,08:15,Airport Road,447,32,Cloudy,31,62,1244,Yes,None,No,High
2026-02-20,12:30,Market Road,304,46,Foggy,34,93,1440,Yes,None,Yes,Medium
2026-10-27,11:45,Station Road,190,57,Cloudy,33,43,551,Yes,None,No,Medium
2026-02-02,15:00,Ring Road,136,63,Foggy,28,89,1255,No,None,No,Low
2026-07-08,09:15,MG Road,511,29,Cloudy,31,57,1314,Yes,Festival,No,Very High
2026-05-18,14:45,MG Road,178,58,Rainy,31,65,1590,Yes,None,No,Low
2026-10-22,11:00,Airport Road,113,65,Sunny,20,43,1529,Yes,None,No,Low
2026-12-04,17:00,Market Road,403,42,Sunny,24,78,1030,No,None,No,High
2026-03-14,08:00,Station Road,411,42,Rainy,24,48,1573,No,None,No,High
2026-11-26,22:00,Airport Road,248,57,Foggy,26,45,1098,Yes,None,No,Medium
2026-06-22,07:30,Bus Stand Road,286,51,Foggy,24,49,968,Yes,None,No,Medium
2026-12-16,01:15,Airport Road,304,46,Cloudy,22,79,1185,No,None,No,Medium
2026-01-26,20:30,Ring Road,242,55,Foggy,21,66,640,Yes,Festival,No,Medium
2026-02-05,16:30,City Center,165,63,Cloudy,37,95,439,Yes,None,Yes,Low
2026-08-09,07:45,Ring Road,190,57,Cloudy,39,40,1475,Yes,None,No,Medium
2026-10-25,22:30,Airport Road,342,41,Foggy,32,86,1727,No,None,No,Medium
2026-04-15,16:45,Bus Stand Road,84,73,Rainy,25,58,774,No,Concert,No,Low
2026-03-18,16:15,College Road,189,65,Rainy,20,40,1329,Yes,None,No,Medium
2026-10-25,22:00,City Center,134,64,Cloudy,31,71,323,No,None,No,Low
2026-10-29,05:45,Airport Road,75,78,Rainy,25,64,358,Yes,Festival,Yes,Low
2026-10-21,10:45,Market Road,216,61,Sunny,33,81,1447,No,None,Yes,Medium
2026-12-26,01:15,MG Road,290,51,Cloudy,31,60,1231,No,None,No,Medium
2026-08-03,09:00,Market Road,466,39,Cloudy,33,91,775,Yes,None,No,High
2026-08-13,17:45,City Center,376,48,Rainy,25,44,1000,No,None,No,High
2026-06-25,20:30,Ring Road,324,50,Foggy,20,68,938,Yes,Sports Match,No,Medium
2026-04-30,17:45,Station Road,537,23,Sunny,25,90,644,No,None,No,Very High
2026-10-06,02:45,Station Road,65,77,Sunny,20,90,512,No,None,No,Low
2026-10-11,12:45,MG Road,322,46,Foggy,22,95,1784,No,None,No,Medium
2026-10-17,17:15,Airport Road,570,23,Rainy,40,53,1427,No,None,No,Very High
2026-02-03,19:45,MG Road,412,43,Rainy,20,73,995,Yes,None,No,High
2026-05-29,14:45,College Road,229,62,Foggy,33,79,643,No,None,Yes,Medium
2026-09-10,02:00,Ring Road,297,47,Cloudy,31,74,653,Yes,Concert,No,Medium
2026-06-14,19:45,City Center,585,27,Foggy,28,79,1065,No,None,No,Very High
2026-02-25,10:30,City Center,350,49,Rainy,20,62,839,Yes,None,No,Medium
2026-10-01,05:00,City Center,165,68,Foggy,30,89,1475,Yes,Festival,No,Low
2026-03-18,13:30,Bus Stand Road,193,58,Cloudy,22,75,509,Yes,Festival,No,Medium
2026-05-30,15:15,Bus Stand Road,286,55,Foggy,23,85,1690,No,None,No,Medium
2026-09-24,08:15,Ring Road,557,24,Foggy,27,88,688,Yes,None,No,Very High
2026-01-05,00:45,Market Road,295,54,Cloudy,26,63,1245,No,None,No,Medium
2026-02-02,05:45,MG Road,224,56,Foggy,25,73,355,Yes,None,No,Medium
2026-03-12,08:00,Bus Stand Road,565,21,Cloudy,36,91,1438,No,None,No,Very High
2026-10-26,04:00,Ring Road,330,44,Cloudy,39,75,1204,Yes,None,No,Medium
2026-03-20,09:15,MG Road,429,33,Sunny,35,75,1666,Yes,Festival,Yes,High
2026-05-22,00:45,Ring Road,192,63,Cloudy,36,70,1486,Yes,Sports Match,No,Medium
2026-08-17,06:45,Ring Road,125,64,Cloudy,27,49,518,No,None,No,Low
2026-05-13,12:15,Bus Stand Road,242,59,Cloudy,28,62,1187,Yes,None,No,Medium
2026-06-30,08:00,MG Road,551,21,Cloudy,36,90,464,No,None,No,Very High
2026-08-24,14:00,Ring Road,167,69,Sunny,40,46,1219,Yes,None,Yes,Low
2026-01-25,20:30,Station Road,173,61,Rainy,36,68,1011,Yes,Sports Match,No,Low
2026-02-11,13:00,Ring Road,340,48,Sunny,25,78,700,Yes,None,No,Medium
2026-04-06,05:00,Station Road,142,68,Cloudy,28,46,539,Yes,Sports Match,No,Low
2026-04-13,01:15,College Road,254,51,Foggy,40,73,507,Yes,None,No,Medium
2026-05-15,07:15,Market Road,317,45,Sunny,23,49,1022,Yes,None,No,Medium
2026-08-16,18:00,Ring Road,456,39,Foggy,38,41,1134,Yes,None,No,High
2026-10-31,11:00,MG Road,295,52,Cloudy,34,55,1676,No,None,No,Medium
2026-12-29,05:00,Bus Stand Road,255,54,Rainy,39,65,1675,No,None,No,Medium
2026-03-22,18:00,Market Road,472,30,Foggy,38,53,1095,Yes,None,No,High
2026-05-08,20:45,Station Road,251,58,Foggy,33,79,1739,Yes,None,No,Medium
2026-10-21,07:00,Bus Stand Road,108,67,Cloudy,30,77,836,No,None,No,Low
2026-11-13,12:15,Ring Road,194,63,Foggy,38,58,722,No,None,No,Medium
2026-06-20,03:00,Station Road,164,63,Cloudy,25,92,1302,No,None,No,Low
2026-06-28,03:30,Bus Stand Road,65,77,Foggy,21,45,385,Yes,Festival,No,Low
2026-01-13,05:30,Airport Road,123,72,Rainy,36,66,697,Yes,None,No,Low
2026-12-26,23:45,Ring Road,330,48,Sunny,29,59,1743,No,None,No,Medium
2026-06-17,18:30,Market Road,361,47,Sunny,29,48,1452,No,None,No,High
2026-03-09,05:30,Bus Stand Road,202,64,Cloudy,26,79,615,No,None,No,Medium
2026-03-19,21:00,Airport Road,116,71,Cloudy,20,57,457,No,None,Yes,Low
2026-10-17,10:00,City Center,331,49,Foggy,36,73,1122,Yes,None,Yes,Medium
2026-08-21,07:00,Bus Stand Road,224,61,Sunny,29,70,1311,Yes,Festival,No,Medium
2026-05-24,00:45,Market Road,301,50,Cloudy,23,80,1116,No,None,No,Medium
2026-10-20,22:15,College Road,151,62,Sunny,40,92,1059,No,None,No,Low
2026-11-03,12:00,Ring Road,168,59,Cloudy,30,83,1191,No,None,No,Low
2026-11-11,08:30,Ring Road,504,34,Cloudy,21,49,682,No,None,No,Very High
2026-10-29,12:15,Market Road,233,55,Cloudy,33,52,443,Yes,Concert,No,Medium
2026-06-01,15:45,College Road,191,58,Rainy,31,79,823,Yes,None,No,Medium
2026-02-02,14:30,MG Road,133,67,Rainy,23,46,734,Yes,None,No,Low
2026-03-03,05:00,Ring Road,201,57,Cloudy,38,41,452,No,None,No,Medium
2026-06-18,14:45,Station Road,195,63,Cloudy,37,95,1681,Yes,None,No,Medium
2026-09-07,00:15,College Road,254,55,Sunny,34,65,1777,Yes,None,No,Medium
2026-03-06,00:00,MG Road,342,42,Foggy,37,43,539,Yes,None,Yes,Medium
2026-04-14,15:45,Airport Road,125,64,Cloudy,29,73,633,No,None,Yes,Low
2026-06-27,16:45,Market Road,305,52,Cloudy,37,59,1094,No,None,No,Medium
2026-06-21,22:00,MG Road,226,57,Rainy,32,57,1626,Yes,None,No,Medium
2026-06-02,03:00,City Center,140,65,Rainy,29,85,943,No,None,Yes,Low
2026-10-02,03:00,Bus Stand Road,308,47,Foggy,29,58,1174,No,None,No,Medium
2026-06-12,22:30,Bus Stand Road,124,68,Cloudy,21,70,1778,Yes,Festival,No,Low
2026-06-18,02:30,MG Road,199,64,Foggy,22,71,732,Yes,None,No,Medium
2026-02-11,19:45,Station Road,352,40,Cloudy,40,80,1564,Yes,None,No,High
2026-07-11,00:00,College Road,101,72,Foggy,22,82,964,Yes,None,No,Low
2026-07-09,22:15,City Center,99,74,Rainy,29,84,1725,Yes,None,No,Low
2026-03-30,22:45,Market Road,127,72,Rainy,27,50,758,Yes,None,Yes,Low
2026-07-01,07:15,MG Road,308,48,Foggy,37,52,1305,No,None,No,Medium
2026-11-01,13:00,Market Road,335,50,Sunny,20,62,1607,Yes,None,No,Medium
2026-04-28,04:30,Ring Road,231,60,Sunny,31,95,1469,Yes,None,No,Medium
2026-05-08,06:45,MG Road,230,58,Cloudy,37,81,658,No,None,No,Medium
2026-09-30,05:15,Station Road,224,54,Sunny,30,85,1150,Yes,Festival,Yes,Medium
2026-10-01,11:00,MG Road,157,62,Foggy,34,76,661,No,None,No,Low
2026-10-14,06:00,College Road,181,65,Cloudy,24,58,1362,No,None,No,Medium
2026-11-17,10:15,Bus Stand Road,238,54,Rainy,39,70,791,Yes,None,No,Medium
2026-09-12,22:45,City Center,194,59,Rainy,39,86,1460,No,None,No,Medium
2026-04-16,22:00,Ring Road,112,66,Foggy,29,91,1058,No,None,No,Low
2026-03-13,04:45,Ring Road,211,57,Cloudy,38,63,1456,No,None,No,Medium
2026-02-26,12:45,Market Road,154,65,Cloudy,36,53,543,No,None,No,Low
2026-08-30,05:45,Station Road,88,73,Foggy,40,72,551,Yes,None,No,Low
2026-09-04,01:45,MG Road,92,74,Sunny,20,67,867,Yes,Concert,No,Low
2026-03-20,02:00,Ring Road,346,45,Cloudy,32,62,549,Yes,None,No,Medium
2026-09-28,03:15,City Center,311,44,Rainy,25,94,1471,No,Sports Match,No,Medium
2026-03-08,16:45,City Center,191,61,Sunny,20,89,933,No,None,No,Medium
2026-05-23,01:15,College Road,215,54,Rainy,34,56,1495,Yes,None,No,Medium
2026-12-21,11:30,Station Road,320,52,Foggy,32,88,1266,Yes,Festival,No,Medium
2026-12-04,21:00,MG Road,197,62,Sunny,23,40,1394,No,Festival,No,Medium
2026-09-11,15:15,City Center,195,64,Sunny,26,89,1778,Yes,None,No,Medium
2026-06-08,16:30,Airport Road,349,43,Sunny,23,87,1299,Yes,None,Yes,Medium
2026-02-08,02:00,College Road,89,75,Foggy,27,62,348,No,None,No,Low
2026-11-02,01:00,Bus Stand Road,145,71,Sunny,29,61,653,No,None,No,Low
2026-03-05,22:00,MG Road,304,47,Rainy,22,57,1017,No,None,No,Medium
2026-06-27,15:30,Airport Road,269,55,Cloudy,34,63,996,No,Festival,No,Medium
2026-09-29,21:00,College Road,316,51,Cloudy,28,56,1655,No,Festival,No,Medium
2026-04-25,20:00,Bus Stand Road,293,54,Foggy,22,46,409,No,Festival,No,Medium
2026-04-06,07:45,Airport Road,248,51,Cloudy,37,53,787,No,Concert,No,Medium
2026-09-13,08:15,Bus Stand Road,367,40,Sunny,40,42,930,No,None,No,High
2026-08-30,09:30,MG Road,516,29,Sunny,20,65,1356,No,None,No,Very High
2026-11-24,05:30,Ring Road,120,69,Rainy,36,95,862,Yes,None,No,Low
2026-01-05,00:00,Station Road,107,74,Sunny,32,92,708,Yes,None,No,Low
2026-12-16,08:45,Ring Road,634,17,Sunny,28,72,1217,Yes,None,No,Very High
2026-01-30,11:45,Bus Stand Road,238,59,Cloudy,26,76,1583,Yes,None,No,Medium
2026-01-20,12:00,Airport Road,92,71,Foggy,39,75,1265,Yes,Sports Match,Yes,Low
2026-01-02,05:00,Market Road,332,46,Cloudy,29,69,454,No,None,No,Medium
2026-11-24,18:00,Ring Road,457,39,Cloudy,29,84,403,Yes,Concert,No,High
2026-02-19,05:15,College Road,172,61,Rainy,33,69,992,Yes,None,No,Low
2026-07-18,03:30,City Center,236,56,Cloudy,22,92,1708,No,None,No,Medium
2026-07-26,04:30,Market Road,180,61,Foggy,27,47,485,Yes,Concert,No,Low
2026-05-10,19:00,Airport Road,470,38,Sunny,28,87,337,No,Festival,Yes,High
2026-02-13,15:15,Ring Road,115,64,Sunny,23,94,1106,Yes,Festival,No,Low
2026-03-01,12:00,City Center,111,72,Cloudy,27,79,737,No,Festival,No,Low
2026-02-10,00:00,Airport Road,90,71,Sunny,38,68,1617,Yes,None,No,Low
2026-10-19,09:00,Market Road,611,17,Foggy,30,95,680,Yes,None,No,Very High
2026-02-09,16:15,Ring Road,350,50,Sunny,31,56,912,Yes,None,No,Medium
2026-02-25,23:15,MG Road,169,60,Rainy,21,71,1696,No,None,No,Low
2026-12-08,20:00,MG Road,85,67,Sunny,23,47,620,No,Sports Match,No,Low
2026-04-23,03:15,MG Road,125,72,Sunny,29,42,1718,No,None,Yes,Low
2026-02-10,06:30,Bus Stand Road,118,74,Foggy,20,63,937,No,Sports Match,No,Low
2026-08-21,23:30,Market Road,167,60,Sunny,34,64,1319,Yes,None,No,Low
2026-04-23,03:45,City Center,119,68,Rainy,31,93,863,No,None,No,Low
2026-08-10,16:15,Market Road,286,50,Cloudy,25,78,923,No,Sports Match,No,Medium
2026-10-22,12:30,Station Road,324,43,Rainy,32,63,774,No,None,No,Medium
2026-02-22,20:45,Bus Stand Road,167,61,Sunny,31,80,997,No,None,No,Low
2026-01-29,01:00,Ring Road,309,55,Rainy,24,88,864,Yes,Sports Match,No,Medium
2026-03-13,04:30,Airport Road,72,78,Rainy,29,89,1045,No,None,Yes,Low
2026-07-05,05:00,College Road,291,50,Cloudy,21,53,1381,Yes,None,No,Medium
2026-09-13,18:30,Bus Stand Road,613,23,Foggy,36,90,1689,No,Festival,No,Very High
2026-09-15,13:45,Station Road,297,50,Cloudy,38,59,830,No,Festival,No,Medium
2026-07-06,11:45,College Road,271,53,Cloudy,29,58,1699,No,None,No,Medium
2026-02-20,23:00,Station Road,213,56,Rainy,22,51,1210,No,Festival,No,Medium
2026-08-02,01:00,Bus Stand Road,332,43,Rainy,35,48,1242,No,None,Yes,Medium
2026-06-22,08:15,Ring Road,466,38,Cloudy,30,45,1181,Yes,Festival,No,High
2026-08-08,22:00,College Road,57,80,Sunny,38,94,815,Yes,None,No,Low
2026-08-10,17:00,College Road,518,25,Rainy,33,72,686,No,None,No,Very High
2026-01-25,22:30,Station Road,73,70,Rainy,29,86,446,No,None,Yes,Low
2026-10-03,16:00,College Road,222,57,Rainy,32,40,588,Yes,None,No,Medium
2026-12-27,23:30,Ring Road,256,60,Rainy,35,93,360,No,None,No,Medium
2026-11-05,17:00,Station Road,622,22,Rainy,30,64,380,Yes,None,No,Very High
2026-09-03,09:30,City Center,482,29,Foggy,29,91,525,Yes,Festival,No,High
2026-05-26,08:15,College Road,380,44,Foggy,27,90,1746,No,None,No,High
2026-01-20,10:15,Bus Stand Road,190,65,Foggy,25,63,1371,Yes,Concert,Yes,Medium
2026-05-07,13:30,College Road,147,63,Foggy,25,49,330,No,None,No,Low
2026-03-11,11:00,Market Road,223,61,Sunny,26,41,1773,Yes,None,No,Medium
2026-06-22,22:00,Airport Road,67,79,Cloudy,40,84,1302,No,Festival,No,Low
2026-03-20,19:30,Ring Road,416,42,Foggy,20,41,713,No,Festival,No,High
2026-08-08,10:45,Market Road,82,68,Cloudy,21,48,629,Yes,None,No,Low
2026-08-19,20:15,MG Road,105,66,Foggy,27,85,329,Yes,None,No,Low
2026-04-29,20:45,Airport Road,319,48,Rainy,34,53,827,No,None,No,Medium
2026-10-20,14:45,Ring Road,184,67,Foggy,24,65,897,Yes,None,No,Medium
2026-12-22,19:45,City Center,477,32,Cloudy,33,74,1178,Yes,None,No,High
2026-09-23,23:15,College Road,218,56,Rainy,21,43,336,Yes,Sports Match,No,Medium
2026-10-28,16:30,Ring Road,206,64,Foggy,35,85,1586,No,None,No,Medium
2026-03-27,04:00,MG Road,224,59,Rainy,39,57,1148,Yes,None,No,Medium
2026-07-04,10:00,Airport Road,297,51,Foggy,21,69,1171,Yes,None,No,Medium
2026-06-08,23:00,Airport Road,240,57,Foggy,26,40,1784,Yes,None,No,Medium
2026-10-14,12:00,City Center,68,74,Foggy,38,77,1426,Yes,None,No,Low
2026-07-08,19:45,Airport Road,474,33,Sunny,35,67,861,No,None,Yes,High
2026-11-05,15:15,College Road,216,55,Sunny,28,68,569,No,None,No,Medium
2026-02-13,12:15,City Center,141,70,Cloudy,21,48,1381,Yes,None,No,Low
2026-05-03,20:30,Airport Road,100,73,Rainy,31,88,1012,No,None,No,Low
2026-03-04,15:30,MG Road,64,72,Foggy,39,62,1435,No,Sports Match,No,Low
2026-06-10,05:45,Bus Stand Road,261,52,Foggy,35,64,1690,No,Sports Match,No,Medium
2026-10-13,08:30,Station Road,539,27,Foggy,20,90,821,No,None,No,Very High
2026-03-28,14:45,Ring Road,314,53,Sunny,32,90,481,Yes,Sports Match,Yes,Medium
2026-07-11,12:00,College Road,124,63,Foggy,31,59,765,No,None,No,Low
2026-03-27,06:45,Market Road,126,63,Cloudy,26,75,395,Yes,None,No,Low
2026-07-24,23:30,Airport Road,263,51,Cloudy,37,51,1629,No,Sports Match,No,Medium
2026-05-02,03:30,Airport Road,68,73,Sunny,35,48,838,Yes,None,No,Low
2026-11-09,15:45,Market Road,97,68,Cloudy,27,74,1264,Yes,None,No,Low
2026-07-26,19:00,Ring Road,586,20,Rainy,25,81,660,Yes,None,No,Very High
2026-10-30,12:30,Station Road,173,60,Cloudy,29,89,492,No,None,No,Low
2026-07-29,15:30,Bus Stand Road,231,58,Foggy,20,56,706,No,None,No,Medium
2026-09-11,00:00,Station Road,283,54,Rainy,30,93,851,No,None,No,Medium
2026-02-13,17:00,Bus Stand Road,555,25,Sunny,39,49,1558,No,None,No,Very High
2026-11-07,05:45,City Center,330,44,Foggy,40,60,343,Yes,None,No,Medium
2026-12-15,20:15,City Center,340,43,Cloudy,30,83,1072,Yes,Festival,Yes,Medium
2026-11-18,12:00,City Center,337,43,Rainy,36,88,1209,Yes,Festival,No,Medium
2026-04-10,01:30,Bus Stand Road,105,67,Foggy,28,92,452,Yes,Festival,No,Low
2026-10-28,17:30,Station Road,561,22,Foggy,29,67,730,Yes,None,No,Very High
2026-07-06,01:30,Station Road,246,51,Rainy,26,65,1154,Yes,None,No,Medium
2026-06-09,02:45,College Road,179,66,Foggy,35,79,1164,Yes,Festival,No,Low
2026-11-13,09:45,Airport Road,647,11,Foggy,25,95,1257,Yes,None,No,Very High
2026-03-06,14:30,Ring Road,313,46,Foggy,38,56,582,Yes,None,No,Medium
2026-01-30,06:30,Ring Road,229,59,Rainy,30,80,916,Yes,Sports Match,No,Medium
2026-12-31,23:45,Station Road,248,52,Cloudy,28,76,1348,Yes,None,No,Medium
2026-05-18,07:00,Market Road,103,68,Foggy,22,82,403,Yes,None,No,Low
2026-01-22,21:30,Airport Road,255,55,Foggy,20,40,566,Yes,None,No,Medium
2026-01-19,01:00,Market Road,203,63,Sunny,39,86,1478,No,None,No,Medium
2026-07-04,10:15,Ring Road,172,67,Sunny,21,79,1285,No,None,No,Low
2026-07-12,10:45,Market Road,296,54,Sunny,31,80,628,Yes,None,No,Medium
2026-10-18,08:00,City Center,459,38,Cloudy,25,86,823,Yes,Sports Match,No,High
2026-10-05,18:30,Airport Road,641,15,Rainy,26,78,1453,Yes,None,No,Very High
2026-07-01,13:00,Market Road,312,51,Cloudy,21,67,1306,Yes,Festival,Yes,Medium
2026-08-18,10:00,Bus Stand Road,234,60,Foggy,39,77,1193,Yes,None,No,Medium
2026-06-17,06:00,City Center,250,59,Sunny,30,85,1538,No,None,No,Medium
2026-06-05,01:30,College Road,321,48,Cloudy,29,75,901,Yes,None,No,Medium
2026-06-28,03:30,College Road,325,52,Foggy,39,66,1112,No,Sports Match,No,Medium
2026-09-03,18:30,Ring Road,411,41,Foggy,37,83,1600,No,None,No,High
2026-03-20,06:00,City Center,179,59,Cloudy,37,46,686,Yes,None,No,Low
2026-05-23,05:00,Airport Road,127,65,Sunny,37,44,1058,No,None,No,Low
2026-08-28,19:00,Airport Road,592,26,Foggy,21,70,1800,No,None,No,Very High
2026-02-23,01:00,Bus Stand Road,161,67,Sunny,34,89,772,Yes,Festival,No,Low
2026-02-01,14:45,Station Road,180,61,Sunny,21,45,1263,No,Sports Match,No,Low
2026-12-07,03:00,Ring Road,294,46,Sunny,33,95,1610,No,None,No,Medium
2026-01-01,11:30,MG Road,295,55,Sunny,30,65,1423,Yes,None,No,Medium
2026-11-05,20:00,Airport Road,182,64,Foggy,38,74,1530,Yes,None,No,Medium
2026-08-03,13:45,MG Road,342,42,Cloudy,39,91,1640,No,None,No,Medium
2026-04-15,04:30,Bus Stand Road,186,58,Rainy,26,73,332,Yes,None,No,Medium
2026-12-22,11:15,Airport Road,71,74,Foggy,28,43,637,Yes,None,Yes,Low
2026-10-29,10:45,Ring Road,206,59,Sunny,31,65,609,No,None,No,Medium
2026-04-19,08:30,College Road,458,40,Rainy,23,73,409,Yes,Festival,Yes,High
2026-05-26,20:00,Market Road,194,58,Sunny,21,78,1717,Yes,None,No,Medium
2026-02-15,07:30,Ring Road,268,51,Cloudy,21,58,482,Yes,None,No,Medium
2026-12-28,07:00,Station Road,142,69,Sunny,23,81,919,Yes,None,No,Low
2026-01-26,17:15,Ring Road,624,19,Cloudy,36,74,769,Yes,None,No,Very High
2026-12-22,13:45,Station Road,80,75,Foggy,40,84,909,Yes,None,No,Low
2026-01-07,02:00,City Center,224,63,Sunny,37,94,1242,No,None,No,Medium
2026-04-10,04:15,Airport Road,198,61,Cloudy,30,51,564,No,None,No,Medium
2026-07-04,07:30,College Road,146,62,Sunny,37,78,997,No,Festival,No,Low
2026-09-03,16:30,College Road,202,57,Rainy,38,77,794,No,None,No,Medium
2026-11-02,03:00,Airport Road,333,44,Sunny,27,89,371,Yes,None,No,Medium
2026-10-29,00:00,Market Road,157,64,Rainy,26,66,1046,No,None,No,Low
2026-02-20,18:15,City Center,563,24,Rainy,32,53,778,No,None,No,Very High
2026-11-07,00:30,City Center,158,63,Foggy,26,45,1452,No,None,No,Low
2026-08-05,20:15,Ring Road,301,50,Rainy,23,59,315,Yes,None,No,Medium
2026-11-01,16:15,Bus Stand Road,281,54,Foggy,22,52,1166,Yes,None,No,Medium
2026-07-25,07:30,Market Road,350,40,Rainy,24,41,1318,No,Sports Match,No,Medium
2026-11-03,14:00,Bus Stand Road,246,60,Sunny,35,68,1676,Yes,Festival,No,Medium
2026-09-12,00:30,Ring Road,245,51,Foggy,27,59,1519,Yes,None,No,Medium
2026-04-02,18:00,Bus Stand Road,607,15,Rainy,27,40,581,Yes,None,No,Very High
2026-06-14,01:30,Station Road,131,64,Rainy,35,48,1705,No,None,No,Low
2026-04-01,16:45,MG Road,163,62,Foggy,28,47,709,Yes,Sports Match,No,Low
2026-08-27,22:00,Market Road,148,67,Rainy,25,53,962,Yes,None,No,Low
2026-10-26,20:45,Market Road,179,62,Cloudy,25,78,1709,Yes,None,No,Low
2026-01-02,19:30,Ring Road,531,22,Sunny,40,79,1606,Yes,None,No,Very High
2026-11-27,09:30,City Center,566,24,Rainy,35,75,1741,Yes,None,No,Very High
2026-07-03,05:30,College Road,262,53,Foggy,22,62,1333,No,None,No,Medium
2026-06-04,17:30,MG Road,574,23,Cloudy,22,50,363,Yes,None,No,Very High
2026-02-15,00:00,MG Road,158,67,Sunny,34,87,1487,No,None,Yes,Low
2026-01-19,14:45,Station Road,256,50,Cloudy,27,66,1472,No,None,No,Medium
2026-05-29,14:00,Bus Stand Road,93,73,Foggy,21,77,988,Yes,None,No,Low
2026-10-28,14:15,College Road,56,74,Rainy,28,61,358,Yes,Concert,No,Low
2026-07-27,05:00,College Road,81,67,Rainy,38,71,598,No,None,No,Low
2026-10-12,08:45,Bus Stand Road,644,17,Rainy,31,43,1053,No,None,No,Very High
2026-06-08,15:00,Bus Stand Road,167,63,Foggy,26,87,312,Yes,Sports Match,No,Low
2026-05-09,00:30,Market Road,121,71,Rainy,33,49,904,Yes,None,No,Low
2026-12-30,05:15,MG Road,118,69,Rainy,30,53,1592,No,Sports Match,No,Low
2026-03-16,19:30,Ring Road,589,25,Rainy,22,43,1148,No,None,No,Very High
2026-07-09,11:30,MG Road,92,75,Rainy,39,46,1527,Yes,None,No,Low
2026-06-02,16:15,College Road,129,65,Cloudy,23,92,1734,No,None,No,Low
2026-02-24,18:45,Bus Stand Road,371,46,Foggy,25,70,1720,Yes,None,No,High
2026-07-30,19:45,Ring Road,605,15,Sunny,25,87,989,Yes,None,No,Very High
2026-11-19,15:00,Bus Stand Road,50,74,Sunny,20,86,1601,Yes,None,No,Low
2026-03-07,04:30,City Center,191,56,Sunny,34,61,653,No,None,No,Medium
2026-12-01,11:15,Bus Stand Road,219,64,Rainy,23,47,699,No,None,Yes,Medium
2026-06-30,10:00,Airport Road,269,49,Cloudy,32,81,587,No,Concert,No,Medium
2026-08-06,16:30,Ring Road,196,61,Rainy,24,53,1692,No,None,No,Medium
2026-06-26,22:00,Bus Stand Road,302,49,Foggy,23,70,1139,No,None,No,Medium
2026-09-23,21:15,Bus Stand Road,230,55,Rainy,34,84,1698,Yes,None,Yes,Medium
2026-05-27,13:30,Airport Road,170,64,Rainy,32,49,1721,No,None,No,Low
2026-09-27,11:15,MG Road,104,73,Cloudy,39,58,1252,No,None,No,Low
2026-12-11,17:00,Market Road,584,23,Foggy,36,94,1177,Yes,Festival,No,Very High
2026-11-22,03:00,College Road,295,47,Foggy,35,81,1464,Yes,None,No,Medium
2026-02-07,01:45,Market Road,335,45,Foggy,24,69,853,Yes,Festival,No,Medium
2026-08-18,01:00,Airport Road,327,49,Rainy,21,42,398,Yes,None,No,Medium
2026-09-08,16:00,College Road,284,48,Foggy,39,68,1139,Yes,None,No,Medium
2026-02-02,19:15,City Center,513,32,Sunny,30,80,971,No,Concert,No,Very High
2026-06-25,19:30,Market Road,600,19,Foggy,36,66,794,Yes,Festival,No,Very High
2026-09-28,03:00,Station Road,245,52,Foggy,23,95,380,Yes,None,No,Medium
2026-10-14,05:30,Bus Stand Road,303,48,Foggy,28,94,320,No,None,No,Medium
2026-01-13,20:00,Station Road,276,53,Foggy,29,52,783,No,None,No,Medium
2026-06-15,07:00,Ring Road,293,56,Foggy,39,63,733,No,None,No,Medium
2026-11-15,21:30,MG Road,319,49,Cloudy,30,93,1714,No,None,No,Medium
2026-07-21,16:15,MG Road,242,53,Rainy,40,60,1789,Yes,None,No,Medium
2026-02-12,00:00,City Center,224,57,Cloudy,26,79,1337,No,Festival,No,Medium
2026-06-07,03:00,Market Road,313,46,Sunny,40,91,919,Yes,None,No,Medium
2026-11-12,13:45,Bus Stand Road,138,71,Rainy,30,40,1651,No,None,No,Low
2026-04-26,03:00,Station Road,325,52,Sunny,36,88,714,Yes,None,No,Medium
2026-06-22,19:30,College Road,597,22,Cloudy,37,63,1030,Yes,None,No,Very High
2026-09-10,06:15,City Center,95,68,Cloudy,30,64,1379,No,None,No,Low
2026-11-08,10:15,MG Road,61,71,Sunny,32,80,300,Yes,Festival,Yes,Low
2026-02-03,17:00,Ring Road,472,38,Rainy,31,57,512,No,None,No,High
2026-01-13,15:45,Station Road,245,51,Cloudy,26,42,807,No,Concert,No,Medium
2026-11-04,18:15,Airport Road,495,36,Foggy,32,55,957,No,None,No,High
2026-06-25,13:45,College Road,60,77,Sunny,29,60,867,Yes,None,No,Low
2026-03-22,07:30,College Road,166,64,Foggy,24,86,416,Yes,None,No,Low
2026-12-25,11:45,Ring Road,341,47,Sunny,34,70,1545,Yes,None,No,Medium
2026-12-05,22:30,Ring Road,205,60,Foggy,31,74,553,No,None,No,Medium
2026-11-26,19:45,Station Road,592,22,Sunny,34,53,792,No,None,No,Very High
2026-03-02,07:15,Market Road,224,57,Sunny,38,70,470,No,None,No,Medium
2026-10-01,01:15,Station Road,126,63,Cloudy,26,84,1144,No,None,No,Low
2026-09-14,02:30,City Center,245,57,Rainy,31,76,1725,Yes,None,No,Medium
2026-06-26,13:15,Market Road,247,54,Rainy,37,87,1631,Yes,None,No,Medium
2026-03-17,00:45,City Center,322,53,Sunny,32,52,1003,No,Festival,No,Medium
2026-02-01,06:00,College Road,241,60,Sunny,39,91,1679,No,None,No,Medium
2026-10-28,10:15,Bus Stand Road,225,54,Foggy,20,48,1316,No,None,Yes,Medium
2026-04-19,02:45,MG Road,127,70,Sunny,32,81,476,Yes,None,Yes,Low
2026-05-29,01:00,MG Road,77,75,Foggy,38,42,1761,Yes,None,No,Low
2026-07-11,05:45,Market Road,93,69,Sunny,30,92,1393,Yes,Festival,No,Low
2026-05-18,15:45,College Road,190,57,Rainy,36,82,1492,Yes,None,No,Medium
2026-02-22,18:15,City Center,586,17,Foggy,33,94,429,Yes,None,Yes,Very High
2026-07-07,08:00,MG Road,410,40,Foggy,29,87,1179,No,Concert,Yes,High
2026-07-10,02:45,Airport Road,77,70,Rainy,25,76,525,No,Concert,No,Low
2026-04-16,01:45,Market Road,161,64,Rainy,33,51,1350,Yes,None,No,Low
2026-10-03,07:30,MG Road,230,60,Sunny,23,72,1675,Yes,None,No,Medium
2026-06-07,16:45,Airport Road,289,47,Cloudy,32,44,1556,No,None,No,Medium
2026-05-23,03:30,Station Road,213,56,Rainy,25,79,783,No,None,No,Medium
2026-05-27,14:45,MG Road,233,54,Rainy,20,70,955,No,None,No,Medium
2026-12-02,03:00,College Road,205,55,Foggy,31,73,741,No,None,Yes,Medium
2026-04-25,03:45,Bus Stand Road,185,60,Sunny,24,50,1468,No,None,No,Medium
2026-11-25,20:30,City Center,248,57,Rainy,39,75,674,Yes,None,No,Medium
2026-01-24,04:30,Bus Stand Road,108,73,Rainy,30,93,1432,Yes,None,No,Low
2026-05-24,05:15,City Center,335,42,Sunny,26,79,1293,No,None,No,Medium
2026-12-05,03:15,Ring Road,183,64,Cloudy,22,91,583,Yes,Sports Match,No,Medium
2026-08-23,23:15,College Road,173,67,Sunny,23,52,1062,No,Festival,No,Low
2026-03-16,23:00,City Center,272,56,Rainy,31,49,1376,Yes,None,No,Medium
2026-08-07,17:00,MG Road,389,43,Cloudy,33,60,564,Yes,None,No,High
2026-12-03,12:15,College Road,91,69,Foggy,26,89,1703,No,None,Yes,Low
2026-10-27,14:00,Ring Road,73,77,Rainy,23,41,1683,Yes,None,No,Low
2026-11-19,03:00,MG Road,102,73,Cloudy,28,48,687,Yes,None,No,Low
2026-11-29,04:00,Ring Road,170,62,Sunny,25,95,1078,No,None,No,Low
2026-03-15,15:45,Airport Road,106,75,Rainy,20,87,641,Yes,None,No,Low
2026-04-03,21:00,Bus Stand Road,215,61,Rainy,22,57,1127,No,None,Yes,Medium
2026-03-07,21:15,Station Road,199,66,Rainy,28,88,609,Yes,None,Yes,Medium
2026-08-14,07:15,Airport Road,230,55,Rainy,22,82,1683,Yes,None,No,Medium
2026-06-01,19:15,City Center,358,45,Foggy,26,64,1170,Yes,None,No,High
2026-07-15,04:30,Bus Stand Road,244,61,Cloudy,24,64,517,Yes,None,No,Medium
2026-12-13,19:45,Ring Road,646,13,Cloudy,37,82,967,Yes,None,No,Very High
2026-11-08,02:00,Ring Road,88,76,Foggy,26,78,1185,No,None,No,Low
2026-05-10,23:30,Bus Stand Road,262,53,Rainy,37,61,1581,No,Festival,No,Medium
2026-03-10,06:45,MG Road,171,60,Cloudy,32,44,508,Yes,Festival,No,Low
2026-08-03,22:30,Market Road,99,67,Cloudy,26,82,1085,No,None,No,Low
2026-10-08,08:00,City Center,635,22,Cloudy,24,53,1313,Yes,None,No,Very High
2026-10-19,00:30,City Center,282,51,Sunny,38,60,755,No,None,No,Medium
2026-12-13,07:45,Market Road,241,52,Rainy,24,53,1089,No,None,No,Medium
2026-03-15,22:15,College Road,174,63,Sunny,26,60,502,No,Festival,No,Low
2026-03-13,11:15,City Center,150,61,Sunny,32,89,1592,Yes,None,No,Low
2026-11-10,08:30,MG Road,643,17,Sunny,36,40,872,No,None,No,Very High
2026-03-18,04:00,Market Road,227,56,Cloudy,22,83,1435,Yes,Festival,No,Medium
2026-04-09,15:45,Ring Road,130,72,Cloudy,36,42,1501,No,None,No,Low
2026-06-15,01:30,MG Road,177,67,Cloudy,21,84,449,No,None,No,Low
2026-12-13,00:45,Airport Road,254,57,Rainy,37,83,1066,No,None,No,Medium
2026-01-06,20:45,Bus Stand Road,67,72,Foggy,22,49,527,Yes,Festival,No,Low
2026-09-17,23:30,MG Road,315,50,Rainy,31,48,1486,No,None,No,Medium
2026-10-28,19:45,Ring Road,485,35,Cloudy,23,45,561,No,Festival,No,High
2026-09-02,08:00,Market Road,446,32,Rainy,24,86,1301,Yes,Sports Match,Yes,High
2026-06-14,09:00,Station Road,400,38,Foggy,34,44,1202,No,None,No,High
2026-01-02,19:45,Bus Stand Road,509,33,Sunny,23,41,460,Yes,None,No,Very High
2026-06-28,15:45,City Center,218,57,Rainy,22,42,1675,No,None,No,Medium
2026-05-05,13:30,Airport Road,159,64,Cloudy,22,80,1434,Yes,None,No,Low
2026-07-23,01:45,Market Road,290,53,Cloudy,40,62,1341,Yes,Concert,No,Medium
2026-01-11,02:45,Airport Road,215,62,Cloudy,28,45,1633,No,None,No,Medium
2026-06-13,19:30,Station Road,634,14,Sunny,21,59,549,No,None,No,Very High
2026-10-14,14:00,Station Road,146,68,Foggy,22,61,909,Yes,None,No,Low
2026-10-03,05:15,Market Road,127,69,Sunny,31,83,687,Yes,Festival,No,Low
2026-06-21,19:45,Market Road,630,19,Cloudy,32,81,677,No,Festival,No,Very High
2026-07-12,11:45,Station Road,82,71,Sunny,25,47,529,Yes,None,Yes,Low
2026-07-11,06:45,College Road,300,53,Cloudy,32,49,729,No,None,No,Medium
2026-10-18,08:15,Airport Road,489,31,Cloudy,25,59,566,Yes,None,No,High
2026-08-29,15:15,MG Road,294,48,Foggy,22,52,585,Yes,Festival,No,Medium
2026-02-26,14:00,Airport Road,334,49,Rainy,24,71,1050,Yes,Festival,No,Medium
2026-03-28,06:00,Ring Road,213,63,Rainy,40,60,1610,No,Sports Match,No,Medium
2026-11-25,06:30,Ring Road,85,73,Sunny,24,76,1347,Yes,None,Yes,Low
2026-11-13,14:00,Ring Road,105,73,Sunny,21,66,1400,Yes,Festival,No,Low
2026-07-17,13:30,Airport Road,124,64,Rainy,37,94,640,No,Festival,No,Low
2026-02-25,00:00,Station Road,152,67,Foggy,34,64,670,Yes,None,No,Low
2026-07-17,14:00,City Center,336,50,Rainy,39,70,375,No,None,No,Medium
2026-03-13,22:15,Airport Road,277,54,Foggy,38,87,1570,Yes,None,No,Medium
2026-08-25,14:45,Market Road,291,55,Sunny,32,74,1415,Yes,None,No,Medium
2026-09-27,09:45,Airport Road,525,25,Sunny,34,46,1214,No,None,No,Very High
2026-08-18,22:00,MG Road,121,68,Cloudy,20,64,502,Yes,None,No,Low
2026-06-17,08:30,College Road,403,37,Rainy,24,60,964,No,None,No,High
2026-04-12,21:15,MG Road,118,65,Cloudy,28,77,1655,Yes,None,No,Low
2026-07-29,09:45,Airport Road,467,35,Cloudy,33,75,1396,No,None,No,High
2026-01-18,14:00,College Road,286,57,Cloudy,36,54,1396,Yes,Sports Match,No,Medium
2026-12-07,18:30,Airport Road,594,25,Foggy,27,59,1636,Yes,None,No,Very High
2026-10-09,21:30,Market Road,57,71,Sunny,22,94,395,Yes,None,No,Low
2026-04-19,17:45,Market Road,366,43,Rainy,20,60,1379,No,None,No,High
2026-12-13,23:30,MG Road,322,43,Cloudy,36,94,527,No,None,No,Medium
2026-05-13,07:00,Airport Road,129,73,Foggy,22,42,942,Yes,None,No,Low
2026-07-07,22:15,MG Road,306,49,Sunny,38,69,1557,No,None,Yes,Medium
2026-07-19,00:30,Airport Road,140,70,Sunny,35,78,1630,Yes,None,No,Low
2026-12-20,00:00,Market Road,246,57,Rainy,37,72,332,Yes,Festival,No,Medium
2026-10-28,11:45,City Center,159,60,Sunny,36,71,728,No,None,No,Low
2026-12-10,07:00,College Road,158,62,Sunny,39,86,927,No,Festival,No,Low
2026-11-11,02:00,City Center,282,50,Sunny,26,83,1334,No,None,Yes,Medium
2026-11-16,23:00,Ring Road,156,66,Foggy,39,79,658,Yes,None,No,Low
2026-06-30,17:15,Market Road,576,21,Sunny,31,68,782,No,None,No,Very High
2026-01-09,04:00,Ring Road,67,70,Rainy,20,45,381,Yes,None,No,Low
2026-04-19,06:30,MG Road,72,77,Sunny,38,67,1168,No,None,No,Low
2026-11-23,04:30,College Road,100,73,Sunny,36,72,1209,Yes,Sports Match,No,Low
2026-04-16,13:30,MG Road,62,73,Foggy,33,77,1406,Yes,None,No,Low
2026-09-10,16:45,Airport Road,191,62,Rainy,38,74,1105,Yes,None,No,Medium
2026-09-07,16:15,MG Road,135,63,Foggy,37,80,1406,Yes,None,No,Low
2026-03-18,01:15,Airport Road,249,56,Cloudy,39,78,828,Yes,None,No,Medium
2026-02-28,22:00,Market Road,271,56,Foggy,39,67,1698,Yes,None,No,Medium
2026-08-08,11:00,Ring Road,63,73,Cloudy,36,51,854,No,None,No,Low
2026-12-15,22:15,Airport Road,143,61,Foggy,33,46,766,No,Sports Match,No,Low
2026-06-03,13:15,Station Road,293,51,Rainy,29,51,749,Yes,None,No,Medium
2026-11-26,16:45,MG Road,197,64,Rainy,27,50,645,No,None,Yes,Medium
2026-07-15,15:15,Airport Road,133,63,Cloudy,37,58,732,Yes,None,No,Low
2026-04-06,01:15,College Road,111,70,Foggy,24,87,347,No,Festival,No,Low
2026-05-13,18:00,MG Road,396,43,Sunny,26,75,749,Yes,None,No,High
2026-01-28,14:15,Market Road,108,65,Sunny,31,53,1206,No,None,No,Low
2026-03-08,22:45,Ring Road,291,56,Cloudy,26,78,633,Yes,None,No,Medium
2026-08-26,20:45,Market Road,215,54,Sunny,31,78,1294,No,None,No,Medium
2026-12-19,05:15,Airport Road,349,44,Rainy,29,65,599,Yes,None,No,Medium
2026-11-14,13:45,MG Road,128,67,Foggy,23,76,406,Yes,Concert,Yes,Low
2026-09-12,00:30,Bus Stand Road,195,58,Foggy,27,44,665,Yes,None,No,Medium
2026-04-04,09:45,City Center,503,30,Rainy,24,67,1158,No,None,No,Very High
2026-03-30,19:15,Station Road,620,13,Sunny,23,44,655,Yes,None,No,Very High
2026-07-08,09:45,MG Road,351,48,Rainy,31,85,1070,Yes,Festival,No,High
2026-05-31,03:45,City Center,61,74,Sunny,31,49,1553,Yes,None,No,Low
2026-01-02,08:00,Airport Road,645,13,Sunny,35,55,1546,Yes,Sports Match,No,Very High
2026-06-23,14:45,Ring Road,100,69,Rainy,39,66,1039,No,None,No,Low
2026-07-06,22:30,MG Road,127,67,Sunny,22,61,1541,No,None,No,Low
2026-05-05,10:15,College Road,174,68,Rainy,29,86,374,Yes,Festival,No,Low
2026-04-05,04:15,Ring Road,130,66,Cloudy,36,69,475,No,None,No,Low
2026-03-03,16:15,College Road,326,52,Sunny,31,68,366,Yes,None,No,Medium
2026-01-06,14:45,MG Road,319,44,Rainy,20,44,893,Yes,None,No,Medium
2026-05-08,10:00,MG Road,154,62,Foggy,40,82,981,Yes,None,No,Low
2026-06-23,11:45,Ring Road,304,54,Cloudy,32,53,597,Yes,None,No,Medium
2026-12-14,03:30,Market Road,151,70,Cloudy,34,49,943,No,None,No,Low
2026-01-24,00:30,City Center,315,46,Rainy,32,62,1608,Yes,None,No,Medium
2026-03-02,05:00,Airport Road,280,53,Cloudy,25,54,1330,No,None,No,Medium
2026-12-30,16:15,Bus Stand Road,110,69,Rainy,37,72,1119,No,None,Yes,Low
2026-01-07,03:45,College Road,62,73,Sunny,35,89,574,Yes,None,No,Low
2026-05-28,02:45,Bus Stand Road,241,61,Cloudy,32,93,1273,Yes,None,No,Medium
2026-09-28,10:15,Airport Road,59,79,Foggy,23,61,1299,Yes,None,No,Low
2026-06-02,17:00,City Center,418,41,Sunny,31,47,1287,No,None,No,High
2026-06-15,11:30,MG Road,50,78,Foggy,39,71,1125,No,None,No,Low
2026-02-17,15:15,City Center,165,64,Cloudy,37,75,1592,Yes,Festival,No,Low
2026-05-13,05:15,Ring Road,167,59,Rainy,25,93,1413,No,Festival,No,Low
2026-09-04,10:45,Station Road,51,79,Foggy,20,92,1590,No,Sports Match,No,Low
2026-07-05,00:45,College Road,77,77,Sunny,38,49,1042,Yes,None,No,Low
2026-05-05,08:15,Ring Road,618,16,Cloudy,22,78,834,No,None,No,Very High
2026-12-03,07:00,College Road,195,62,Cloudy,33,55,1171,Yes,None,No,Medium
2026-03-01,10:15,Airport Road,209,55,Foggy,27,86,1773,No,Festival,No,Medium
2026-10-10,06:45,Market Road,211,57,Rainy,20,61,1517,Yes,None,No,Medium
2026-03-26,11:30,Ring Road,324,47,Rainy,38,70,1375,No,None,No,Medium
2026-03-03,09:45,Airport Road,532,32,Rainy,37,88,491,No,None,No,Very High
2026-02-04,19:15,Airport Road,408,35,Sunny,23,46,995,Yes,None,No,High
2026-12-19,06:45,College Road,263,55,Rainy,23,81,1652,Yes,None,Yes,Medium
2026-11-18,10:15,Airport Road,314,51,Foggy,27,58,609,Yes,None,Yes,Medium
2026-08-02,09:00,College Road,405,36,Sunny,39,81,673,Yes,Concert,No,High
2026-10-12,03:30,College Road,250,52,Sunny,33,81,756,No,None,Yes,Medium
2026-08-11,15:00,Airport Road,59,74,Cloudy,30,67,1094,Yes,None,No,Low
2026-01-02,05:15,Bus Stand Road,229,61,Rainy,34,63,1023,Yes,None,No,Medium
2026-08-04,21:15,Airport Road,284,53,Sunny,34,40,829,Yes,None,No,Medium
2026-01-11,07:45,Market Road,190,64,Cloudy,30,47,778,No,None,No,Medium
2026-08-25,18:45,Market Road,360,44,Rainy,40,65,943,No,None,No,High
2026-11-24,10:15,Station Road,330,43,Rainy,21,48,1164,No,None,No,Medium
2026-05-01,04:00,City Center,203,58,Cloudy,26,90,915,No,None,No,Medium
2026-06-08,16:45,Station Road,219,58,Sunny,35,53,304,No,None,No,Medium
2026-02-23,19:15,Market Road,357,41,Foggy,28,69,1596,Yes,Festival,No,High
2026-07-05,13:00,City Center,347,50,Cloudy,26,88,1733,Yes,None,No,Medium
2026-06-28,19:45,Airport Road,560,27,Cloudy,21,61,1670,Yes,None,No,Very High
2026-12-28,19:30,Airport Road,446,40,Foggy,21,43,1466,Yes,None,No,High
2026-09-02,16:00,College Road,53,74,Cloudy,34,41,772,No,None,Yes,Low
2026-07-25,16:30,Bus Stand Road,156,67,Foggy,25,53,1526,No,None,No,Low
2026-11-22,11:00,Airport Road,342,47,Sunny,26,47,828,No,None,No,Medium
2026-10-10,12:30,Ring Road,71,74,Foggy,37,58,1366,No,None,No,Low
2026-08-11,18:15,MG Road,612,24,Foggy,36,94,1220,No,None,No,Very High
2026-09-07,06:45,Airport Road,225,60,Sunny,30,48,1053,Yes,None,Yes,Medium
2026-02-18,00:30,City Center,333,51,Sunny,22,45,691,No,None,No,Medium
2026-11-10,13:00,City Center,224,53,Sunny,38,70,902,No,None,No,Medium
2026-03-10,18:00,Airport Road,527,32,Sunny,32,88,506,Yes,None,No,Very High
2026-09-23,16:30,MG Road,96,70,Cloudy,40,81,1481,Yes,Sports Match,No,Low
2026-11-25,12:00,Market Road,96,73,Sunny,36,70,1709,No,None,No,Low
2026-08-28,18:15,Airport Road,588,27,Sunny,40,54,1448,No,None,No,Very High
2026-09-26,06:45,Market Road,203,62,Rainy,26,73,1246,No,None,No,Medium
2026-05-17,06:30,Ring Road,81,69,Cloudy,35,45,1184,Yes,None,No,Low
2026-11-23,06:15,Airport Road,138,70,Sunny,21,80,707,No,None,No,Low
2026-05-25,06:00,College Road,165,61,Rainy,32,54,1694,No,None,Yes,Low
2026-12-06,18:15,MG Road,476,37,Rainy,26,47,1682,Yes,None,No,High
2026-12-21,20:45,City Center,235,59,Foggy,21,50,841,No,Sports Match,No,Medium
2026-10-07,04:30,Market Road,347,43,Foggy,26,78,1721,No,Festival,No,Medium
2026-04-26,05:15,College Road,94,68,Foggy,39,40,902,No,Sports Match,No,Low
2026-06-17,17:30,Bus Stand Road,580,26,Rainy,24,64,707,Yes,Sports Match,No,Very High
2026-04-13,23:00,Market Road,79,68,Sunny,38,42,699,No,None,No,Low
2026-01-02,00:45,Bus Stand Road,162,63,Cloudy,38,92,775,No,None,No,Low
2026-05-09,23:00,Market Road,229,60,Sunny,22,44,389,Yes,Festival,Yes,Medium
2026-05-16,09:45,Station Road,386,37,Foggy,32,59,408,No,Festival,No,High
2026-09-19,13:30,Bus Stand Road,316,45,Cloudy,38,92,747,Yes,Sports Match,No,Medium
2026-06-21,10:15,Ring Road,58,74,Sunny,36,51,830,No,None,No,Low
2026-10-24,09:30,Bus Stand Road,524,25,Rainy,20,81,926,No,None,No,Very High
2026-03-28,23:30,MG Road,149,68,Sunny,30,57,809,No,Festival,No,Low
2026-01-02,18:00,Market Road,376,43,Sunny,34,79,1299,Yes,None,No,High
2026-11-28,05:45,MG Road,227,56,Cloudy,31,90,1672,Yes,None,No,Medium
2026-05-10,14:45,Station Road,93,66,Foggy,39,48,872,No,None,No,Low
2026-11-06,09:15,Market Road,575,18,Rainy,33,67,1777,No,None,No,Very High
2026-03-05,11:45,Bus Stand Road,153,68,Foggy,27,63,1021,Yes,None,No,Low
2026-10-28,05:15,City Center,238,55,Cloudy,35,46,1385,No,None,No,Medium
2026-04-13,11:00,MG Road,246,51,Cloudy,31,75,1189,Yes,None,No,Medium
2026-01-01,23:45,City Center,174,64,Rainy,32,43,653,No,None,No,Low
2026-12-03,22:30,Airport Road,236,57,Cloudy,31,64,789,Yes,None,No,Medium
2026-07-10,08:30,Ring Road,401,41,Rainy,35,73,1663,No,None,No,High
2026-07-31,13:00,Market Road,252,57,Cloudy,34,63,1110,Yes,None,No,Medium
2026-07-11,08:15,Station Road,619,20,Rainy,32,52,545,No,None,No,Very High
2026-07-14,08:45,Station Road,496,33,Foggy,22,56,1559,Yes,Sports Match,No,High
2026-08-13,14:00,City Center,63,69,Cloudy,27,53,1457,Yes,None,No,Low
2026-10-03,09:15,Ring Road,449,36,Rainy,29,88,868,No,None,No,High
2026-11-08,09:30,City Center,482,36,Foggy,35,54,1636,No,Festival,No,High
2026-02-01,12:00,Station Road,164,62,Cloudy,29,54,1751,Yes,None,No,Low
2026-06-29,01:00,Airport Road,260,57,Rainy,29,73,1195,Yes,None,No,Medium
2026-05-30,04:15,City Center,112,73,Rainy,20,68,901,No,None,Yes,Low
2026-09-08,08:30,MG Road,447,35,Foggy,37,40,617,Yes,None,No,High
2026-01-09,01:45,City Center,91,69,Rainy,39,57,495,No,Sports Match,No,Low
2026-11-03,07:45,City Center,225,62,Rainy,20,56,851,No,None,Yes,Medium
2026-08-11,01:15,MG Road,127,63,Rainy,31,43,457,Yes,None,No,Low
2026-05-11,00:00,Market Road,295,52,Cloudy,25,51,1159,Yes,None,No,Medium
2026-01-09,10:15,Station Road,144,65,Rainy,23,60,1420,No,Sports Match,Yes,Low
2026-10-20,12:15,Bus Stand Road,194,58,Cloudy,37,49,416,Yes,None,No,Medium
2026-05-11,07:00,Bus Stand Road,317,53,Sunny,35,92,1442,No,None,No,Medium
2026-12-14,16:00,Airport Road,222,62,Foggy,40,76,1713,Yes,None,No,Medium
2026-03-11,20:15,Ring Road,237,54,Foggy,32,73,1302,Yes,None,No,Medium
2026-07-28,14:30,College Road,227,58,Sunny,29,75,1744,Yes,None,No,Medium
2026-10-26,09:15,Bus Stand Road,474,34,Rainy,27,73,1216,No,None,Yes,High
2026-09-22,17:30,Ring Road,627,13,Sunny,25,65,972,No,None,No,Very High
2026-07-31,23:30,City Center,203,55,Rainy,36,95,318,Yes,None,No,Medium
2026-02-24,20:00,Ring Road,233,58,Foggy,22,92,693,Yes,None,No,Medium
2026-12-14,04:15,Market Road,69,72,Cloudy,33,67,1625,No,None,No,Low
2026-11-21,04:15,City Center,314,50,Cloudy,29,41,598,No,Concert,No,Medium
2026-04-01,04:00,Station Road,86,67,Foggy,21,85,1300,No,Concert,No,Low
2026-05-26,16:00,Bus Stand Road,199,63,Cloudy,27,59,816,Yes,None,No,Medium
2026-05-05,10:15,Airport Road,274,48,Cloudy,30,86,1540,Yes,None,No,Medium
2026-06-05,21:45,College Road,91,67,Rainy,22,51,525,Yes,None,No,Low
2026-04-19,23:30,City Center,262,54,Sunny,26,61,1663,Yes,None,No,Medium
2026-08-23,08:15,MG Road,363,43,Cloudy,30,60,715,No,None,No,High
2026-08-10,16:30,City Center,321,52,Rainy,30,82,1559,Yes,None,No,Medium
2026-11-25,10:45,Ring Road,51,75,Foggy,29,82,526,No,None,Yes,Low
2026-11-06,12:15,Ring Road,119,66,Cloudy,23,86,1059,Yes,None,No,Low
2026-10-14,20:45,Airport Road,282,51,Foggy,31,52,837,Yes,None,No,Medium
2026-02-01,06:00,MG Road,298,52,Cloudy,36,44,645,No,None,Yes,Medium
2026-08-07,12:15,Airport Road,144,70,Rainy,39,71,763,Yes,Festival,No,Low
2026-02-15,03:15,Bus Stand Road,335,43,Cloudy,30,76,1299,Yes,Festival,No,Medium
2026-01-16,12:45,Ring Road,258,57,Rainy,23,93,787,Yes,None,No,Medium
2026-09-19,13:15,Airport Road,279,51,Rainy,32,59,581,Yes,None,No,Medium
2026-11-29,23:15,Station Road,110,73,Foggy,26,68,1419,No,None,No,Low
2026-03-31,11:00,City Center,66,76,Sunny,30,91,758,Yes,None,No,Low
2026-09-29,06:00,Market Road,112,65,Foggy,21,86,1405,Yes,None,Yes,Low
2026-10-13,18:30,Airport Road,594,16,Cloudy,23,41,1597,Yes,None,No,Very High
2026-12-19,09:45,Station Road,363,46,Sunny,37,43,1110,Yes,None,No,High
2026-01-13,21:30,City Center,131,62,Sunny,21,90,1447,Yes,None,No,Low
2026-08-27,00:00,Bus Stand Road,272,51,Rainy,39,60,730,No,None,No,Medium
2026-06-13,10:15,Airport Road,298,48,Foggy,23,74,1123,No,None,No,Medium
2026-02-15,18:00,Airport Road,547,31,Foggy,21,90,1187,Yes,None,No,Very High
2026-01-16,00:45,Ring Road,169,66,Cloudy,26,68,1621,Yes,None,No,Low
2026-03-08,07:00,Market Road,73,69,Foggy,35,42,742,Yes,Sports Match,No,Low
2026-06-13,06:30,Market Road,201,64,Foggy,30,44,1247,Yes,None,No,Medium
2026-03-04,20:45,Ring Road,264,53,Foggy,20,67,440,Yes,None,No,Medium
2026-03-14,01:15,Station Road,346,49,Cloudy,29,68,661,No,None,No,Medium
2026-02-22,06:30,Market Road,201,63,Sunny,20,80,900,Yes,None,No,Medium
2026-12-30,05:45,Market Road,272,49,Rainy,39,42,966,Yes,None,No,Medium
2026-05-03,03:45,Airport Road,303,54,Rainy,21,88,1370,No,None,No,Medium
2026-12-03,13:00,College Road,287,57,Foggy,40,90,823,Yes,Festival,No,Medium
2026-10-28,19:15,Market Road,614,15,Cloudy,27,71,1548,Yes,None,No,Very High
2026-02-27,08:15,Airport Road,553,22,Cloudy,29,75,979,No,None,No,Very High
2026-07-28,10:15,Bus Stand Road,149,61,Rainy,37,42,612,Yes,None,No,Low
2026-07-20,17:00,MG Road,356,47,Cloudy,34,51,1252,Yes,None,No,High
2026-09-29,09:00,MG Road,577,24,Sunny,20,74,303,Yes,None,Yes,Very High
2026-08-28,04:15,City Center,251,57,Sunny,34,55,1279,Yes,None,No,Medium
2026-07-04,06:15,Station Road,259,55,Foggy,31,93,1507,Yes,None,No,Medium
2026-09-21,13:45,College Road,186,64,Sunny,24,81,1592,No,None,No,Medium
2026-06-26,03:15,College Road,51,70,Foggy,38,91,1632,No,None,No,Low
2026-10-22,14:45,City Center,195,56,Rainy,33,78,637,No,None,No,Medium
2026-10-31,09:45,City Center,405,39,Sunny,39,45,1693,No,Sports Match,No,High
2026-06-21,07:30,College Road,225,54,Rainy,26,93,1011,Yes,None,No,Medium
2026-05-12,05:15,Bus Stand Road,66,78,Foggy,34,63,1463,Yes,None,No,Low
2026-11-16,12:45,Bus Stand Road,330,49,Sunny,27,59,678,Yes,None,No,Medium
2026-11-26,17:45,Market Road,560,24,Foggy,38,56,371,No,None,No,Very High
2026-09-22,05:15,Bus Stand Road,78,75,Rainy,21,57,1049,Yes,None,No,Low
2026-05-24,16:30,Station Road,139,68,Rainy,28,79,1163,No,None,No,Low
2026-09-20,04:00,Market Road,65,78,Rainy,31,71,1043,No,None,No,Low
2026-07-30,22:00,Ring Road,168,69,Rainy,34,86,1100,Yes,None,Yes,Low
2026-10-06,13:45,College Road,231,56,Foggy,32,66,1186,No,None,No,Medium
2026-06-29,03:15,Ring Road,202,62,Foggy,24,72,1158,No,None,No,Medium
2026-04-25,02:45,Market Road,323,52,Foggy,26,56,1766,No,None,No,Medium
2026-06-08,00:30,Ring Road,123,70,Cloudy,30,87,1620,No,None,No,Low
2026-10-10,23:15,Station Road,221,58,Foggy,34,87,818,Yes,None,No,Medium
2026-01-17,18:45,Ring Road,414,38,Rainy,38,65,1528,No,None,No,High
2026-05-03,05:15,Market Road,328,43,Sunny,30,68,1372,Yes,Festival,No,Medium
2026-09-16,08:00,City Center,458,39,Sunny,32,59,1022,No,Festival,No,High
2026-04-23,02:45,Airport Road,225,60,Rainy,33,73,927,No,Festival,No,Medium
2026-10-06,15:00,MG Road,267,54,Foggy,34,52,303,Yes,None,No,Medium
2026-09-21,06:15,Ring Road,166,67,Sunny,28,67,509,No,None,No,Low
2026-11-30,12:30,Ring Road,92,70,Cloudy,39,59,1234,No,None,No,Low
2026-03-05,09:45,Market Road,608,16,Foggy,39,55,683,No,None,No,Very High
2026-12-01,08:00,Bus Stand Road,538,25,Cloudy,38,47,1109,No,None,No,Very High
2026-08-02,00:45,City Center,270,48,Rainy,38,86,1532,Yes,None,No,Medium
2026-01-18,08:00,MG Road,479,28,Sunny,27,80,649,Yes,None,No,High
2026-03-29,22:45,Bus Stand Road,313,50,Sunny,24,88,1367,No,None,Yes,Medium
2026-07-25,10:00,Ring Road,182,60,Sunny,28,70,1753,Yes,None,No,Medium
2026-06-06,10:15,MG Road,290,50,Sunny,21,95,1329,Yes,None,No,Medium
2026-09-12,16:30,Station Road,102,70,Foggy,37,79,1424,No,None,No,Low
2026-10-28,14:15,Bus Stand Road,294,53,Rainy,25,89,686,No,None,No,Medium
2026-03-22,06:00,Market Road,209,61,Sunny,22,64,1788,No,None,No,Medium
2026-11-07,09:45,Market Road,488,28,Sunny,36,56,730,No,Concert,No,High
2026-09-03,23:15,Station Road,147,61,Rainy,31,46,1657,No,None,Yes,Low
2026-04-20,00:45,Station Road,78,68,Cloudy,33,93,980,No,None,Yes,Low
2026-09-25,00:15,Ring Road,135,72,Rainy,27,75,362,No,Festival,No,Low
2026-05-04,19:00,Ring Road,551,30,Rainy,39,58,345,No,None,No,Very High
2026-09-29,13:45,Airport Road,127,67,Rainy,36,88,1617,Yes,None,No,Low
2026-05-15,23:00,Market Road,150,70,Sunny,32,78,1427,No,None,No,Low
2026-06-28,20:45,College Road,233,56,Foggy,30,81,1017,No,None,No,Medium
2026-09-16,22:00,City Center,80,73,Sunny,36,84,1512,Yes,None,No,Low
2026-02-14,17:15,College Road,533,23,Rainy,30,93,597,No,None,Yes,Very High
2026-12-03,07:30,Bus Stand Road,232,59,Rainy,30,45,490,No,Sports Match,Yes,Medium
2026-03-10,01:45,City Center,182,65,Foggy,36,55,1585,Yes,None,No,Medium
2026-06-10,14:30,Market Road,143,63,Foggy,26,65,1558,No,None,No,Low
2026-04-23,05:00,Ring Road,297,48,Sunny,26,78,1261,Yes,None,No,Medium
2026-03-27,03:30,Bus Stand Road,202,61,Cloudy,40,93,844,No,None,No,Medium
2026-04-08,23:00,MG Road,315,49,Rainy,24,84,1729,No,None,No,Medium
2026-10-28,15:30,College Road,134,67,Sunny,25,62,1508,Yes,None,No,Low
2026-10-27,06:00,Ring Road,264,58,Rainy,29,69,911,Yes,None,No,Medium
2026-02-25,21:30,College Road,304,50,Foggy,27,73,1059,No,Festival,No,Medium
2026-10-19,08:30,Bus Stand Road,417,41,Cloudy,40,52,457,Yes,None,No,High
2026-10-23,16:00,Ring Road,287,52,Cloudy,38,40,1234,Yes,Festival,No,Medium
2026-04-06,16:15,MG Road,216,57,Rainy,31,75,1423,Yes,None,No,Medium
2026-07-01,00:45,Airport Road,232,57,Sunny,26,93,1658,Yes,None,No,Medium
2026-01-24,18:45,Airport Road,495,27,Sunny,22,77,1446,No,None,No,High
2026-08-04,20:30,Airport Road,340,50,Cloudy,25,46,1083,Yes,None,No,Medium
2026-02-06,21:00,Ring Road,206,65,Foggy,37,95,718,No,Festival,No,Medium
2026-12-23,13:15,Ring Road,154,65,Cloudy,25,59,1051,No,None,No,Low
2026-12-10,12:00,College Road,69,74,Sunny,30,51,603,No,None,No,Low
2026-07-23,09:45,Market Road,383,42,Foggy,20,68,1411,No,Festival,No,High
2026-08-20,01:00,Market Road,168,69,Foggy,32,90,1620,Yes,None,No,Low
2026-12-02,17:45,Market Road,601,17,Foggy,31,51,1042,No,None,No,Very High
2026-08-13,20:30,Station Road,257,50,Sunny,38,44,834,Yes,None,No,Medium
2026-12-11,02:45,Bus Stand Road,230,52,Foggy,37,85,1594,No,None,No,Medium
2026-04-10,10:30,MG Road,172,61,Rainy,37,57,1722,Yes,Sports Match,Yes,Low
2026-12-10,02:30,College Road,179,62,Foggy,36,76,580,Yes,None,No,Low
2026-02-28,19:15,Airport Road,504,28,Rainy,27,94,1236,Yes,Festival,No,Very High
2026-05-20,20:30,Airport Road,74,69,Foggy,34,69,1613,Yes,None,No,Low
2026-12-25,21:45,Station Road,202,64,Foggy,23,56,1164,No,None,No,Medium
2026-10-17,14:15,College Road,232,58,Foggy,21,51,1328,No,Festival,No,Medium
2026-08-24,06:00,Station Road,206,56,Cloudy,32,57,917,Yes,None,No,Medium
2026-01-18,14:30,MG Road,112,72,Foggy,24,75,447,Yes,None,No,Low
2026-09-16,05:45,Airport Road,66,69,Sunny,39,46,611,No,Festival,No,Low
2026-02-21,16:45,Airport Road,106,69,Cloudy,31,81,368,Yes,None,No,Low
2026-08-07,15:30,Ring Road,261,49,Foggy,30,58,710,No,None,No,Medium
2026-01-15,11:45,Airport Road,285,55,Foggy,24,86,1196,Yes,None,No,Medium
2026-04-02,13:30,City Center,278,52,Foggy,22,93,1434,No,Festival,No,Medium
2026-08-20,02:30,Bus Stand Road,63,79,Sunny,25,50,1693,No,None,No,Low
2026-10-30,22:00,Airport Road,328,50,Sunny,32,69,687,No,Sports Match,No,Medium
2026-03-30,18:45,College Road,624,23,Cloudy,24,60,1007,Yes,None,No,Very High
2026-04-29,23:30,Ring Road,126,71,Foggy,26,66,1634,Yes,None,No,Low
2026-06-03,16:30,City Center,248,61,Cloudy,22,83,849,Yes,None,No,Medium
2026-11-01,15:00,Airport Road,330,42,Rainy,24,78,1330,Yes,Sports Match,Yes,Medium
2026-12-05,18:45,Airport Road,622,15,Sunny,35,73,1422,No,None,No,Very High
2026-10-21,05:30,Station Road,193,66,Sunny,32,78,522,Yes,Sports Match,No,Medium
2026-09-16,05:30,Market Road,60,70,Rainy,22,55,1431,Yes,None,No,Low
2026-01-04,09:15,MG Road,541,23,Cloudy,40,88,1282,Yes,Festival,No,Very High
2026-03-24,23:00,Market Road,228,59,Foggy,35,67,587,No,Festival,No,Medium
2026-09-17,04:45,Bus Stand Road,176,63,Rainy,30,40,1748,No,None,No,Low
2026-05-31,11:00,Ring Road,74,72,Sunny,39,54,1559,Yes,None,No,Low
2026-08-15,05:45,College Road,260,54,Rainy,28,76,398,Yes,None,No,Medium
2026-03-18,11:45,Market Road,302,52,Foggy,28,63,1193,Yes,None,No,Medium
2026-07-23,22:45,Market Road,270,57,Foggy,35,82,501,Yes,Festival,No,Medium
2026-08-06,08:00,Station Road,627,23,Rainy,34,76,1512,No,None,No,Very High
2026-07-03,22:15,Airport Road,199,60,Sunny,40,80,1221,No,Concert,Yes,Medium
2026-09-02,21:45,Airport Road,329,52,Cloudy,38,49,1098,Yes,None,No,Medium
2026-04-10,13:00,Station Road,218,63,Sunny,26,94,913,Yes,Festival,No,Medium
2026-05-29,10:15,Market Road,116,74,Cloudy,26,85,1119,Yes,None,No,Low
2026-11-01,12:15,MG Road,164,63,Rainy,40,50,849,Yes,None,No,Low
2026-06-27,12:30,MG Road,275,50,Rainy,36,88,1775,No,None,No,Medium
2026-06-04,05:45,Ring Road,169,59,Cloudy,32,77,1549,No,Concert,No,Low
2026-08-22,21:45,Airport Road,54,73,Rainy,33,89,1182,No,Sports Match,No,Low
2026-06-28,07:15,Airport Road,221,61,Sunny,26,83,902,No,None,No,Medium
2026-03-22,09:15,City Center,520,28,Rainy,27,78,1472,No,None,No,Very High
2026-02-26,19:15,MG Road,499,27,Sunny,20,78,1455,Yes,None,No,High
2026-11-12,18:15,Station Road,547,25,Cloudy,38,76,658,No,None,No,Very High
2026-11-29,11:15,Bus Stand Road,230,54,Sunny,30,71,1612,No,None,No,Medium
2026-10-24,15:45,Ring Road,138,64,Cloudy,38,89,846,Yes,None,Yes,Low
2026-11-13,11:30,Bus Stand Road,180,67,Rainy,23,76,816,Yes,None,No,Low
2026-12-11,18:00,College Road,367,41,Rainy,39,44,1543,Yes,None,No,High
2026-11-26,20:00,Station Road,252,57,Cloudy,33,91,979,No,None,No,Medium
2026-11-29,09:45,College Road,407,38,Foggy,28,72,1160,No,None,No,High
2026-01-25,16:15,College Road,66,77,Sunny,27,72,433,No,None,No,Low
2026-08-17,01:45,Market Road,238,59,Foggy,25,52,403,Yes,None,Yes,Medium
2026-08-23,21:30,City Center,54,78,Sunny,27,84,456,No,None,No,Low
2026-09-19,10:45,Market Road,309,53,Sunny,28,64,552,No,None,No,Medium
2026-01-24,02:30,City Center,339,44,Sunny,31,78,1128,No,None,No,Medium
2026-07-11,00:45,MG Road,268,57,Rainy,22,86,1484,Yes,None,No,Medium
2026-06-18,20:00,MG Road,204,56,Foggy,23,53,360,No,None,No,Medium
2026-12-31,15:45,Airport Road,270,57,Foggy,27,47,1385,No,None,No,Medium
2026-09-04,05:45,Bus Stand Road,59,78,Rainy,35,44,1766,Yes,None,Yes,Low
2026-11-14,16:30,Airport Road,185,62,Cloudy,28,59,979,Yes,Sports Match,No,Medium
2026-03-11,07:45,MG Road,300,48,Sunny,30,60,1156,No,None,No,Medium
2026-05-15,22:15,Bus Stand Road,201,62,Foggy,23,94,757,Yes,None,No,Medium
2026-08-31,15:15,City Center,94,66,Foggy,36,95,346,No,None,No,Low
2026-03-22,00:15,Bus Stand Road,249,55,Rainy,24,43,1177,Yes,None,No,Medium
2026-07-14,06:45,Bus Stand Road,284,54,Foggy,33,79,1167,Yes,Festival,No,Medium
2026-09-06,04:45,Airport Road,287,57,Sunny,32,59,963,Yes,None,No,Medium
2026-02-25,16:00,Station Road,90,70,Cloudy,21,88,1056,Yes,Concert,No,Low
2026-08-27,07:15,Airport Road,210,64,Cloudy,31,60,1430,No,None,No,Medium
2026-12-23,05:15,Bus Stand Road,144,63,Cloudy,25,44,1576,No,None,No,Low
2026-06-25,07:00,Ring Road,182,57,Sunny,29,89,480,Yes,None,No,Medium
2026-03-16,19:45,MG Road,639,21,Cloudy,33,75,993,No,Sports Match,Yes,Very High
2026-01-30,02:45,College Road,58,80,Foggy,22,73,573,Yes,Sports Match,No,Low
2026-05-17,08:30,College Road,601,25,Cloudy,38,93,452,No,None,No,Very High
2026-02-10,21:00,MG Road,160,64,Cloudy,28,79,1195,Yes,None,No,Low
2026-09-24,02:00,Market Road,108,69,Sunny,32,56,1597,No,Sports Match,No,Low
2026-12-06,10:30,City Center,118,74,Foggy,29,43,512,Yes,None,Yes,Low
2026-05-02,21:00,Market Road,298,50,Rainy,21,73,1734,No,None,No,Medium
2026-05-06,03:15,MG Road,234,56,Cloudy,31,46,913,No,None,No,Medium
2026-02-10,07:45,College Road,104,75,Foggy,23,88,926,Yes,Sports Match,No,Low
2026-05-19,05:15,Ring Road,56,80,Sunny,31,69,858,Yes,None,No,Low
2026-11-13,07:15,College Road,154,66,Rainy,20,80,1680,No,None,No,Low
2026-10-06,23:15,MG Road,275,48,Rainy,38,68,977,Yes,Concert,No,Medium
2026-04-23,14:00,Station Road,290,50,Foggy,23,63,1503,Yes,None,Yes,Medium
2026-11-29,18:00,Station Road,362,39,Sunny,24,46,369,No,Concert,No,High
2026-11-15,01:15,City Center,110,64,Rainy,29,66,1343,No,None,No,Low
2026-12-20,08:15,Bus Stand Road,370,45,Rainy,20,71,1678,No,None,Yes,High
2026-10-21,19:45,Station Road,353,41,Rainy,35,91,969,Yes,None,No,High
2026-10-12,20:00,Station Road,265,55,Cloudy,38,83,923,Yes,Sports Match,No,Medium
2026-07-23,22:30,City Center,314,46,Rainy,29,84,305,Yes,Festival,Yes,Medium
2026-08-31,19:45,Ring Road,441,35,Foggy,30,92,896,Yes,None,No,High
2026-02-05,14:15,City Center,220,60,Cloudy,31,93,1236,Yes,None,No,Medium
2026-03-16,03:45,Market Road,294,54,Sunny,23,64,1211,No,None,No,Medium
2026-09-28,02:00,City Center,212,60,Sunny,21,57,1047,Yes,None,No,Medium
2026-07-14,16:15,Ring Road,57,74,Rainy,30,67,928,Yes,None,No,Low
2026-06-20,22:45,College Road,154,62,Rainy,25,85,943,No,None,No,Low
2026-08-08,01:30,Market Road,85,76,Rainy,38,62,745,No,None,No,Low
2026-11-11,04:00,Bus Stand Road,114,65,Sunny,36,89,548,Yes,None,No,Low
2026-10-26,04:00,Market Road,168,62,Foggy,33,88,1210,Yes,None,No,Low
2026-01-31,16:45,MG Road,146,71,Sunny,34,79,1524,No,None,No,Low
2026-09-19,07:00,College Road,173,60,Sunny,32,77,1370,Yes,Sports Match,No,Low
2026-01-20,05:15,Market Road,221,57,Rainy,24,71,1416,Yes,Sports Match,No,Medium
2026-10-27,14:45,Market Road,106,68,Rainy,40,48,779,Yes,Festival,No,Low
2026-05-14,17:30,Market Road,643,20,Rainy,30,50,1612,No,None,Yes,Very High
2026-09-16,16:30,College Road,157,64,Foggy,36,43,904,No,None,No,Low
2026-01-08,00:15,Market Road,195,65,Foggy,31,45,1597,No,None,No,Medium
2026-12-07,11:00,Ring Road,71,72,Cloudy,25,93,1312,No,None,No,Low
2026-10-21,03:00,City Center,331,46,Sunny,23,87,913,No,None,No,Medium
2026-05-10,20:00,MG Road,134,71,Foggy,23,60,803,No,Festival,No,Low
2026-06-14,20:45,College Road,256,53,Rainy,25,73,715,No,Sports Match,No,Medium
2026-06-26,19:30,College Road,595,16,Rainy,26,91,670,Yes,None,No,Very High
2026-04-18,07:15,Station Road,63,77,Rainy,31,54,1400,Yes,None,Yes,Low
2026-04-09,02:00,Ring Road,193,57,Cloudy,36,48,586,Yes,Concert,No,Medium
2026-09-25,02:30,City Center,335,48,Sunny,31,77,1290,No,None,No,Medium
2026-09-05,01:45,City Center,325,51,Rainy,29,95,1196,Yes,None,No,Medium
2026-06-04,12:15,Ring Road,210,58,Sunny,28,88,498,Yes,None,No,Medium
2026-06-19,20:30,City Center,220,61,Rainy,25,48,659,No,None,No,Medium
2026-08-30,06:15,Bus Stand Road,168,60,Cloudy,24,73,338,Yes,None,No,Low
2026-12-23,13:45,MG Road,206,57,Foggy,21,80,1425,Yes,Festival,No,Medium
2026-09-11,14:00,College Road,131,63,Foggy,27,72,659,No,None,No,Low
2026-11-21,20:45,Bus Stand Road,169,69,Cloudy,38,67,867,Yes,None,No,Low
2026-07-07,15:30,MG Road,253,50,Cloudy,34,52,1461,Yes,None,No,Medium
2026-06-22,12:45,College Road,194,64,Rainy,29,91,1669,No,None,No,Medium
2026-08-10,07:30,Market Road,182,65,Cloudy,40,66,798,Yes,None,No,Medium
2026-07-19,04:30,Station Road,176,59,Foggy,30,44,696,Yes,Festival,No,Low
2026-10-16,09:45,Airport Road,436,40,Rainy,20,94,1364,No,None,No,High
2026-01-02,15:30,Ring Road,303,45,Foggy,33,68,374,Yes,None,No,Medium
2026-08-25,03:45,City Center,253,54,Foggy,31,51,1637,Yes,None,No,Medium
2026-07-23,18:30,Market Road,605,21,Foggy,36,83,1510,Yes,None,Yes,Very High
2026-12-14,18:30,Station Road,576,19,Rainy,20,64,868,Yes,None,No,Very High
2026-03-01,05:30,College Road,260,49,Cloudy,35,80,994,Yes,Concert,No,Medium
2026-10-03,09:15,City Center,543,27,Sunny,21,53,579,No,None,No,Very High
2026-07-18,02:45,Station Road,309,46,Foggy,37,73,640,Yes,Festival,No,Medium
2026-04-29,04:00,City Center,346,45,Foggy,23,50,506,Yes,None,Yes,Medium
2026-12-14,17:30,MG Road,504,32,Foggy,26,51,558,No,None,No,Very High
2026-11-11,23:15,College Road,83,68,Sunny,36,95,1566,Yes,None,No,Low
2026-07-16,07:45,Ring Road,217,62,Foggy,23,63,395,Yes,None,No,Medium
2026-05-27,17:00,Market Road,458,38,Foggy,28,82,1465,No,None,No,High
2026-09-30,15:15,College Road,234,59,Cloudy,30,49,694,No,None,No,Medium
2026-02-13,00:15,MG Road,278,48,Foggy,33,57,1634,No,None,No,Medium
2026-10-30,22:15,Airport Road,207,62,Cloudy,36,75,1294,No,None,No,Medium
2026-05-29,13:45,Ring Road,303,50,Foggy,37,51,841,No,None,No,Medium
2026-06-12,16:00,Bus Stand Road,68,74,Cloudy,28,71,1349,Yes,None,No,Low
2026-12-04,19:15,Airport Road,647,17,Sunny,28,45,614,Yes,None,No,Very High
2026-11-05,02:00,Ring Road,239,58,Rainy,40,70,615,No,Sports Match,No,Medium
2026-03-31,05:45,College Road,116,72,Rainy,23,81,632,No,Sports Match,Yes,Low
2026-04-06,05:45,Market Road,224,61,Cloudy,40,84,1757,No,None,No,Medium
2026-04-22,20:45,Airport Road,307,55,Rainy,23,77,346,No,Concert,No,Medium
2026-02-03,09:00,City Center,420,34,Foggy,39,45,1421,No,None,No,High
2026-03-02,04:30,Bus Stand Road,189,57,Sunny,28,56,1222,Yes,None,No,Medium
2026-06-06,11:15,Airport Road,300,50,Sunny,31,87,892,No,None,No,Medium
2026-11-27,11:30,Ring Road,284,50,Sunny,23,82,797,No,None,No,Medium
2026-10-19,13:00,Station Road,281,47,Sunny,34,73,444,No,None,No,Medium
2026-05-24,06:30,Market Road,110,65,Foggy,29,45,1093,Yes,None,No,Low
2026-02-11,17:00,Station Road,425,38,Rainy,22,88,435,No,Festival,No,High
2026-08-05,16:15,Bus Stand Road,79,75,Sunny,34,86,1251,Yes,None,No,Low
2026-09-18,02:15,MG Road,270,49,Cloudy,29,88,1148,No,None,No,Medium
2026-10-21,19:15,Market Road,505,35,Foggy,30,65,1398,No,None,No,Very High
2026-02-28,09:30,College Road,490,33,Rainy,21,51,608,Yes,None,No,High
2026-08-26,02:15,College Road,215,58,Cloudy,22,42,1309,No,None,No,Medium
2026-11-02,10:45,College Road,133,64,Rainy,20,89,1247,No,None,No,Low
2026-11-25,01:00,Bus Stand Road,349,50,Sunny,35,79,1743,No,None,Yes,Medium
2026-05-04,09:00,MG Road,541,27,Sunny,23,44,1568,No,None,No,Very High
2026-06-21,13:30,Station Road,115,66,Foggy,23,52,1255,Yes,Festival,No,Low
2026-03-13,15:00,Station Road,326,52,Rainy,33,94,1424,No,None,No,Medium
2026-10-26,15:00,Market Road,342,46,Sunny,28,56,838,Yes,None,No,Medium
2026-07-22,08:30,Bus Stand Road,438,37,Cloudy,34,74,1310,Yes,Festival,No,High
2026-11-29,00:00,College Road,154,69,Rainy,39,84,774,Yes,None,No,Low
2026-11-20,13:45,Ring Road,247,56,Cloudy,31,56,1372,No,None,No,Medium
2026-12-14,00:30,Market Road,124,73,Sunny,36,87,1568,No,None,No,Low
2026-10-28,13:45,Station Road,182,58,Foggy,22,51,1775,No,None,Yes,Medium
2026-01-18,23:45,Ring Road,123,65,Cloudy,35,51,1269,Yes,None,Yes,Low
2026-06-18,20:45,Market Road,122,72,Sunny,27,73,1479,Yes,Concert,No,Low
2026-12-11,16:30,City Center,123,64,Foggy,33,90,314,Yes,None,Yes,Low
2026-07-21,16:45,Station Road,338,50,Cloudy,29,48,1119,Yes,None,No,Medium
2026-10-28,15:30,Station Road,276,55,Sunny,21,51,720,Yes,None,No,Medium
2026-11-01,20:30,Airport Road,87,72,Sunny,34,64,1002,No,None,No,Low
2026-08-16,12:00,Bus Stand Road,343,48,Sunny,37,53,1484,No,None,No,Medium
2026-01-15,20:15,Market Road,165,67,Cloudy,23,95,1496,No,None,No,Low
2026-09-13,23:30,Bus Stand Road,107,74,Cloudy,25,44,1197,Yes,None,No,Low
2026-10-26,18:45,MG Road,471,38,Cloudy,40,69,388,Yes,None,Yes,High
2026-05-18,11:30,Ring Road,230,62,Sunny,28,45,1381,No,None,No,Medium
2026-08-17,12:45,City Center,133,66,Sunny,31,60,1349,Yes,None,No,Low
2026-12-13,20:15,City Center,162,62,Foggy,33,71,986,Yes,None,No,Low
2026-05-01,16:15,Station Road,315,49,Foggy,37,84,1065,No,Sports Match,No,Medium
2026-06-12,11:30,College Road,160,60,Rainy,34,65,1491,Yes,Festival,No,Low
2026-07-04,09:15,Ring Road,577,19,Foggy,34,79,503,No,None,No,Very High
2026-11-09,15:30,Airport Road,347,45,Cloudy,29,90,1609,Yes,None,No,Medium
2026-09-19,23:00,Bus Stand Road,271,57,Foggy,27,58,479,Yes,None,No,Medium
2026-08-27,17:30,Ring Road,358,46,Rainy,31,77,1219,Yes,Concert,No,High
2026-08-30,22:45,Bus Stand Road,347,42,Cloudy,37,41,988,No,None,Yes,Medium
2026-07-10,17:45,MG Road,364,40,Foggy,23,64,1390,No,None,No,High
2026-11-16,18:30,MG Road,567,29,Cloudy,30,62,498,No,Festival,No,Very High
2026-10-08,13:00,City Center,130,71,Foggy,40,72,892,No,None,No,Low
2026-06-02,18:45,College Road,598,16,Rainy,31,82,1225,Yes,None,No,Very High
2026-07-17,20:30,Bus Stand Road,60,74,Sunny,28,94,515,Yes,None,No,Low
2026-06-20,01:15,MG Road,124,63,Cloudy,29,75,1396,Yes,None,No,Low
2026-04-15,17:00,Ring Road,540,24,Rainy,31,50,980,No,None,No,Very High
2026-03-29,07:30,College Road,275,54,Cloudy,31,58,981,Yes,None,No,Medium
2026-06-14,13:45,Bus Stand Road,318,49,Sunny,35,94,1363,Yes,None,No,Medium
2026-07-06,21:30,Ring Road,86,76,Foggy,30,57,1039,Yes,None,No,Low
2026-09-17,14:15,Bus Stand Road,184,67,Rainy,40,46,1442,No,None,No,Medium
2026-07-13,15:15,Station Road,189,67,Cloudy,20,80,1458,No,None,No,Medium
2026-03-06,14:15,Station Road,79,71,Rainy,24,64,1800,Yes,None,Yes,Low
2026-07-07,22:15,Ring Road,276,58,Foggy,38,84,1679,No,None,No,Medium
2026-02-24,17:00,Bus Stand Road,644,18,Cloudy,32,77,563,Yes,None,No,Very High
2026-12-09,15:45,MG Road,230,54,Cloudy,24,63,1730,No,None,No,Medium
2026-06-07,05:00,Airport Road,216,63,Rainy,31,40,565,Yes,None,No,Medium
2026-02-01,21:15,Airport Road,323,47,Foggy,29,75,543,Yes,None,No,Medium
2026-05-11,14:15,Ring Road,275,49,Foggy,27,62,514,No,None,No,Medium
2026-04-04,06:30,MG Road,92,66,Foggy,38,61,1599,No,None,No,Low
2026-08-08,17:30,Market Road,365,40,Rainy,30,53,1470,No,None,No,High
2026-01-06,15:45,College Road,160,64,Foggy,37,69,830,Yes,Festival,Yes,Low
2026-09-09,07:45,City Center,102,74,Rainy,22,41,1440,No,None,No,Low
2026-12-18,23:00,Station Road,82,77,Foggy,27,61,929,No,None,Yes,Low
2026-01-15,15:15,Ring Road,120,69,Foggy,36,76,1508,Yes,None,No,Low
2026-05-11,23:00,Market Road,115,65,Cloudy,33,50,1087,Yes,None,No,Low
2026-03-16,08:45,City Center,526,26,Cloudy,24,44,799,No,None,No,Very High
2026-09-29,03:30,Ring Road,141,63,Sunny,31,77,1242,No,None,No,Low
2026-01-09,16:00,Station Road,322,47,Cloudy,29,84,1637,No,None,No,Medium
2026-07-11,04:00,Bus Stand Road,155,63,Foggy,23,50,1665,Yes,None,No,Low
2026-01-15,12:15,Market Road,97,74,Rainy,34,50,1360,Yes,None,No,Low
2026-10-01,14:45,Market Road,324,46,Rainy,29,65,1204,No,None,No,Medium
2026-07-19,20:15,MG Road,129,64,Foggy,38,44,994,Yes,None,No,Low
2026-10-01,22:45,City Center,292,50,Foggy,28,44,830,No,None,Yes,Medium
2026-05-09,19:00,Airport Road,543,25,Foggy,34,91,1616,No,None,No,Very High
2026-08-06,09:30,College Road,354,42,Cloudy,32,90,518,No,None,No,High
2026-08-24,11:30,Station Road,139,67,Cloudy,23,57,717,No,None,No,Low
2026-03-28,05:00,Station Road,111,72,Rainy,30,72,703,No,None,No,Low
2026-07-16,17:00,College Road,614,20,Cloudy,39,66,1177,Yes,Festival,No,Very High
2026-08-30,16:30,Station Road,259,57,Sunny,40,53,788,No,None,No,Medium
2026-01-18,05:00,Bus Stand Road,324,45,Foggy,21,47,1285,Yes,None,No,Medium
2026-10-16,09:45,Bus Stand Road,421,39,Sunny,37,67,814,No,None,No,High
2026-06-25,18:30,Ring Road,597,24,Sunny,22,87,740,No,None,No,Very High
2026-12-23,08:00,Airport Road,392,43,Cloudy,33,53,771,Yes,None,No,High
2026-03-13,20:00,City Center,86,67,Rainy,36,57,761,Yes,None,No,Low
2026-01-21,22:30,Station Road,290,52,Rainy,25,76,563,No,None,No,Medium
2026-08-18,22:45,City Center,224,54,Foggy,26,71,1307,No,None,No,Medium
2026-04-22,10:15,College Road,214,64,Rainy,37,89,1754,No,None,No,Medium
2026-05-12,23:15,MG Road,140,67,Rainy,38,50,409,No,None,No,Low
2026-12-01,18:45,Market Road,491,34,Sunny,28,83,845,Yes,None,No,High
2026-03-12,02:00,Ring Road,265,52,Cloudy,28,48,650,No,None,No,Medium
2026-04-05,00:00,Market Road,68,73,Foggy,37,92,650,Yes,None,No,Low
2026-09-28,03:15,Bus Stand Road,246,53,Foggy,27,46,495,Yes,None,No,Medium
2026-09-10,21:45,MG Road,112,67,Sunny,28,92,625,No,None,No,Low
2026-06-11,22:30,City Center,313,51,Rainy,31,57,1789,Yes,Sports Match,No,Medium
2026-09-09,15:30,MG Road,302,55,Rainy,39,44,751,Yes,None,No,Medium
2026-09-14,06:15,Ring Road,126,68,Sunny,35,73,538,No,Sports Match,No,Low
2026-02-10,12:15,Airport Road,94,73,Cloudy,35,72,1666,No,None,No,Low
2026-10-15,11:30,Ring Road,334,46,Cloudy,33,56,384,No,None,No,Medium
2026-10-09,20:30,College Road,303,48,Rainy,34,53,924,Yes,None,No,Medium
2026-12-20,12:00,Market Road,81,68,Rainy,22,94,520,Yes,None,No,Low
2026-07-05,05:45,City Center,62,75,Sunny,29,44,1744,No,Concert,No,Low
2026-06-18,03:30,Station Road,322,50,Rainy,38,86,1444,Yes,Concert,No,Medium
2026-08-22,20:15,Station Road,169,59,Rainy,34,76,1777,No,None,Yes,Low
2026-09-18,18:00,Bus Stand Road,431,38,Cloudy,28,71,689,No,None,No,High
2026-09-27,11:30,Market Road,73,76,Cloudy,33,78,1777,Yes,None,No,Low
2026-09-15,23:00,Airport Road,341,42,Rainy,32,70,1169,No,None,No,Medium
2026-04-11,20:45,City Center,284,57,Sunny,26,63,792,No,None,No,Medium
2026-04-30,16:15,Station Road,261,54,Rainy,30,88,1429,No,None,Yes,Medium
2026-06-17,14:15,Bus Stand Road,203,65,Rainy,40,46,1488,Yes,None,No,Medium
2026-08-11,15:00,MG Road,154,60,Sunny,27,55,1464,Yes,None,No,Low
2026-07-23,23:15,College Road,261,50,Cloudy,28,41,398,No,None,No,Medium
2026-09-04,16:00,Bus Stand Road,66,71,Cloudy,37,43,1779,No,None,No,Low
2026-03-09,20:45,Bus Stand Road,124,73,Foggy,30,76,808,No,None,No,Low
2026-10-03,20:15,Market Road,245,58,Cloudy,31,66,403,No,None,No,Medium
2026-06-29,06:15,Market Road,151,69,Cloudy,20,49,637,Yes,None,No,Low
2026-03-06,06:30,Station Road,276,58,Rainy,38,68,406,Yes,Festival,No,Medium
2026-09-10,21:00,Ring Road,268,58,Foggy,31,73,1612,Yes,None,No,Medium
2026-08-09,09:30,College Road,468,38,Rainy,25,89,1123,No,None,Yes,High
2026-06-25,17:45,Ring Road,595,20,Rainy,38,58,743,No,None,No,Very High
2026-09-11,19:00,Bus Stand Road,547,28,Sunny,20,70,586,Yes,None,No,Very High
2026-01-15,04:45,College Road,102,72,Sunny,36,41,563,No,Festival,Yes,Low
2026-09-16,10:15,Market Road,289,50,Cloudy,35,92,1026,Yes,None,No,Medium
2026-03-02,12:00,Station Road,280,50,Rainy,39,77,1716,No,None,No,Medium
2026-10-23,00:30,Airport Road,331,46,Cloudy,23,41,893,No,None,No,Medium
2026-04-09,09:15,MG Road,478,33,Foggy,26,58,822,Yes,None,No,High
2026-09-02,20:45,MG Road,249,60,Cloudy,38,92,1037,No,None,No,Medium
2026-10-31,21:15,College Road,190,60,Rainy,21,83,427,Yes,Festival,No,Medium
2026-10-07,02:00,Bus Stand Road,80,71,Foggy,40,50,1547,No,Festival,No,Low
2026-05-24,18:00,College Road,637,20,Cloudy,35,54,1777,No,None,No,Very High
2026-08-17,22:00,Bus Stand Road,284,47,Foggy,22,58,817,No,None,No,Medium
2026-11-18,03:15,City Center,300,51,Sunny,31,91,1461,No,None,No,Medium
2026-07-25,16:45,Station Road,193,64,Sunny,32,95,1005,Yes,None,No,Medium
2026-01-15,16:30,Station Road,185,62,Cloudy,20,62,675,Yes,None,No,Medium
2026-04-01,01:15,MG Road,147,63,Sunny,22,73,468,Yes,None,No,Low
2026-05-16,03:45,Market Road,204,57,Sunny,36,41,1426,No,None,No,Medium
2026-02-06,01:15,Bus Stand Road,198,60,Cloudy,29,67,750,Yes,None,Yes,Medium
2026-12-15,18:00,Ring Road,554,27,Cloudy,28,85,1150,Yes,None,No,Very High
2026-10-05,18:15,Airport Road,476,28,Cloudy,39,61,1224,No,None,Yes,High
2026-07-16,10:15,Ring Road,129,72,Cloudy,29,44,1610,Yes,None,No,Low
2026-03-05,13:30,College Road,82,69,Cloudy,31,63,770,No,None,No,Low
2026-12-02,19:00,Market Road,389,38,Cloudy,23,58,1382,Yes,None,No,High
2026-12-09,11:15,College Road,349,47,Rainy,38,45,1407,No,None,No,Medium
2026-08-17,08:30,College Road,385,39,Rainy,23,44,1273,Yes,None,No,High
2026-08-31,19:30,Station Road,370,44,Foggy,20,80,1143,No,None,Yes,High
2026-05-29,12:00,Market Road,132,71,Cloudy,21,50,1617,No,None,No,Low
2026-04-04,07:15,Bus Stand Road,108,72,Sunny,27,84,568,Yes,Sports Match,No,Low
2026-10-25,07:00,City Center,296,47,Foggy,34,55,1560,Yes,Festival,Yes,Medium
2026-09-14,00:00,Bus Stand Road,247,52,Cloudy,21,82,1150,Yes,None,No,Medium
2026-07-21,17:15,MG Road,597,26,Cloudy,40,61,1205,Yes,Festival,No,Very High
2026-07-06,12:30,Bus Stand Road,73,74,Rainy,29,43,890,Yes,None,No,Low
2026-03-31,01:30,Bus Stand Road,117,68,Rainy,32,71,1601,No,Festival,No,Low
2026-06-15,06:45,MG Road,89,69,Foggy,39,91,1205,No,None,No,Low
2026-07-11,23:45,City Center,87,72,Rainy,26,55,904,No,Sports Match,No,Low
2026-03-18,12:00,MG Road,118,68,Cloudy,35,67,1442,Yes,None,No,Low
2026-11-08,22:30,City Center,150,67,Sunny,26,80,1245,Yes,None,No,Low
2026-05-03,22:15,City Center,299,46,Rainy,35,57,442,Yes,Festival,No,Medium
2026-03-01,12:00,College Road,74,69,Rainy,24,66,634,No,None,No,Low
2026-02-11,18:45,Bus Stand Road,377,43,Sunny,35,88,776,Yes,Festival,No,High
2026-08-17,03:45,College Road,103,67,Rainy,37,53,1226,Yes,None,No,Low
2026-10-30,01:15,City Center,227,57,Cloudy,20,69,896,No,None,No,Medium
2026-07-07,12:30,Station Road,65,70,Foggy,31,72,1157,No,Sports Match,No,Low
2026-06-02,05:30,Ring Road,347,48,Sunny,40,65,472,Yes,Festival,Yes,Medium
2026-08-30,16:45,Market Road,103,69,Rainy,34,75,1268,No,None,Yes,Low
2026-07-04,16:00,MG Road,310,46,Cloudy,20,60,1281,Yes,None,No,Medium
2026-01-14,21:30,MG Road,110,65,Rainy,37,76,780,No,Festival,No,Low
2026-06-17,13:15,MG Road,254,55,Sunny,35,50,1635,Yes,Festival,No,Medium
2026-06-07,23:30,MG Road,294,49,Foggy,22,54,1204,Yes,None,No,Medium
2026-08-10,01:45,Airport Road,128,71,Rainy,25,92,1555,Yes,None,No,Low
2026-11-19,03:30,MG Road,248,55,Cloudy,29,72,770,No,None,No,Medium
2026-12-21,12:45,Station Road,207,62,Cloudy,34,67,603,No,None,No,Medium
2026-05-15,04:45,Market Road,118,72,Foggy,22,52,1439,Yes,None,No,Low
2026-01-21,11:30,Bus Stand Road,113,66,Foggy,24,80,987,No,Festival,No,Low
2026-05-05,15:15,College Road,243,57,Cloudy,39,49,1795,Yes,None,No,Medium
2026-09-06,18:30,MG Road,453,39,Rainy,39,63,440,Yes,None,No,High
2026-03-19,07:30,MG Road,259,59,Rainy,21,65,520,No,None,No,Medium
2026-01-12,19:45,City Center,432,40,Cloudy,31,52,1726,No,None,No,High
2026-08-22,17:15,MG Road,362,44,Foggy,31,50,703,No,Concert,No,High
2026-08-10,09:45,MG Road,476,31,Rainy,25,94,1419,No,None,No,High
2026-04-13,22:00,Market Road,115,69,Sunny,35,71,1641,Yes,None,No,Low
2026-11-26,15:30,College Road,237,55,Sunny,24,73,1183,Yes,None,No,Medium
2026-06-18,23:00,Market Road,93,72,Cloudy,40,59,509,Yes,None,No,Low
2026-09-04,18:45,Bus Stand Road,453,32,Rainy,23,68,1384,Yes,None,No,High
2026-07-31,22:00,MG Road,177,68,Cloudy,33,75,509,No,None,No,Low
2026-12-10,14:00,College Road,234,57,Sunny,27,42,868,No,None,No,Medium
2026-02-13,16:30,City Center,300,46,Sunny,32,64,722,Yes,None,No,Medium
2026-12-14,05:30,MG Road,129,65,Cloudy,24,49,899,No,None,No,Low
2026-11-27,10:15,Market Road,213,59,Rainy,34,49,414,Yes,None,No,Medium
2026-05-15,02:30,Station Road,169,65,Foggy,26,87,1501,Yes,None,No,Low
2026-09-27,20:15,Market Road,74,71,Sunny,37,83,957,No,Concert,No,Low
2026-02-07,06:30,Station Road,219,63,Foggy,31,52,972,Yes,Concert,No,Medium
2026-11-19,02:00,Station Road,262,49,Foggy,39,61,1685,No,None,No,Medium
2026-03-14,11:00,City Center,181,59,Cloudy,28,65,1662,Yes,None,No,Medium
2026-05-19,05:45,College Road,114,67,Rainy,21,51,781,Yes,None,No,Low
2026-12-24,18:00,MG Road,482,27,Rainy,24,92,1616,Yes,None,No,High
2026-07-07,10:00,Market Road,98,72,Foggy,26,74,1020,Yes,Festival,No,Low
2026-04-04,21:15,Ring Road,322,51,Cloudy,34,92,1576,Yes,None,No,Medium
2026-11-07,18:30,Market Road,536,31,Sunny,26,87,1389,Yes,None,No,Very High
2026-03-08,22:15,MG Road,228,59,Foggy,35,60,446,Yes,None,No,Medium
2026-03-14,19:15,Station Road,544,31,Rainy,23,73,1672,Yes,None,No,Very High
2026-06-26,00:15,MG Road,230,60,Rainy,31,80,359,Yes,Festival,Yes,Medium
2026-06-15,05:45,Station Road,308,47,Sunny,28,80,1642,Yes,None,No,Medium
2026-04-06,05:15,MG Road,150,60,Sunny,28,51,1610,Yes,None,No,Low
2026-08-29,06:00,Airport Road,114,72,Rainy,22,46,1278,Yes,None,No,Low
2026-08-23,04:00,Market Road,272,48,Cloudy,32,70,647,Yes,Concert,No,Medium
2026-10-22,19:00,College Road,499,29,Cloudy,23,64,1305,No,Concert,No,High
2026-03-06,00:15,MG Road,128,70,Rainy,23,73,591,Yes,Festival,No,Low
2026-12-04,06:15,Market Road,193,66,Foggy,27,84,1539,No,None,No,Medium
2026-04-02,04:45,Station Road,200,63,Sunny,31,61,857,No,None,No,Medium
2026-08-10,03:15,MG Road,241,55,Rainy,26,57,1388,No,None,No,Medium
2026-01-11,19:00,Airport Road,409,44,Cloudy,38,84,554,Yes,None,No,High
2026-05-24,07:30,City Center,192,56,Foggy,34,44,1158,Yes,None,No,Medium
2026-03-11,23:00,MG Road,336,48,Cloudy,33,56,337,Yes,None,No,Medium
2026-11-11,05:15,City Center,105,71,Sunny,26,59,1413,Yes,None,No,Low
2026-08-11,07:15,Ring Road,288,51,Foggy,36,83,1293,No,None,No,Medium
2026-10-27,10:15,College Road,117,65,Cloudy,35,56,546,Yes,None,Yes,Low
2026-12-31,20:15,College Road,315,54,Sunny,40,72,559,Yes,None,No,Medium
2026-12-24,20:15,College Road,81,73,Cloudy,27,47,1188,No,None,No,Low
2026-04-08,04:30,Bus Stand Road,295,53,Sunny,23,60,625,Yes,None,No,Medium
2026-04-17,05:30,City Center,142,61,Sunny,23,66,1719,Yes,Festival,No,Low
2026-10-13,01:00,Airport Road,272,53,Rainy,22,95,527,Yes,Sports Match,Yes,Medium
2026-10-17,18:45,Station Road,554,22,Rainy,31,51,1201,No,None,Yes,Very High
2026-07-28,23:15,Airport Road,313,50,Foggy,20,63,714,Yes,None,No,Medium
2026-06-23,20:15,Market Road,178,65,Cloudy,37,41,886,No,None,No,Low
2026-05-13,07:00,City Center,135,67,Rainy,38,82,523,No,None,No,Low
2026-11-21,21:30,Ring Road,328,49,Foggy,26,91,983,No,None,No,Medium
2026-08-13,22:45,MG Road,126,64,Rainy,21,68,1734,Yes,None,No,Low
2026-06-09,08:15,College Road,589,20,Cloudy,30,48,1201,Yes,None,No,Very High
2026-06-23,13:30,Market Road,260,49,Sunny,23,46,1200,No,Concert,No,Medium
2026-04-28,06:45,Station Road,258,59,Cloudy,28,43,713,No,Concert,No,Medium
2026-06-12,03:00,City Center,191,56,Sunny,40,78,1291,Yes,None,No,Medium
2026-04-15,14:30,Ring Road,198,56,Foggy,28,72,1693,No,None,No,Medium
2026-01-21,19:00,MG Road,508,34,Foggy,25,64,1370,No,None,No,Very High
2026-07-29,08:15,City Center,612,21,Sunny,31,66,1144,Yes,None,No,Very High
2026-01-08,22:15,Station Road,298,49,Cloudy,24,46,1588,No,None,No,Medium
2026-10-04,05:00,Bus Stand Road,350,47,Foggy,32,85,392,No,Festival,No,Medium
2026-11-21,14:15,City Center,348,48,Sunny,23,49,814,Yes,None,No,Medium
2026-12-07,03:15,City Center,137,69,Foggy,23,84,1451,Yes,None,No,Low
2026-09-27,16:15,Airport Road,350,46,Foggy,25,61,658,No,None,No,Medium
2026-09-19,20:45,Ring Road,292,53,Foggy,31,80,1136,No,None,No,Medium
2026-07-13,18:45,College Road,543,31,Rainy,21,74,328,Yes,None,No,Very High
2026-05-10,01:15,Airport Road,308,48,Sunny,32,58,1428,No,None,No,Medium
2026-12-16,16:15,Market Road,269,56,Sunny,34,50,994,Yes,None,No,Medium
2026-12-31,14:30,Station Road,126,68,Sunny,26,53,1383,No,None,No,Low
2026-05-02,05:00,Ring Road,159,61,Cloudy,37,41,1781,Yes,None,No,Low
2026-04-26,00:30,MG Road,252,56,Foggy,32,80,1043,No,None,No,Medium
2026-03-24,03:45,College Road,327,43,Foggy,25,69,1566,Yes,Concert,No,Medium
2026-08-20,13:45,City Center,347,50,Cloudy,39,94,1779,Yes,None,No,Medium
2026-10-09,19:45,College Road,419,34,Rainy,29,73,927,Yes,None,Yes,High
2026-07-28,03:45,Market Road,338,43,Cloudy,34,58,595,Yes,None,No,Medium
2026-07-15,05:45,Airport Road,286,56,Sunny,20,67,1532,No,None,No,Medium
2026-04-16,18:45,Bus Stand Road,640,13,Rainy,24,44,562,No,None,No,Very High
2026-01-13,20:15,Bus Stand Road,256,53,Foggy,37,40,1196,No,None,No,Medium
2026-04-30,14:00,Market Road,176,65,Sunny,28,92,741,Yes,None,No,Low
2026-04-04,23:45,Market Road,163,66,Cloudy,25,45,1702,No,None,No,Low
2026-06-17,11:00,College Road,269,49,Sunny,36,92,493,Yes,None,No,Medium
2026-02-03,00:00,Airport Road,147,67,Foggy,22,45,798,Yes,None,No,Low
2026-12-28,11:15,City Center,198,63,Foggy,35,71,1266,No,None,No,Medium
2026-12-27,02:00,MG Road,350,42,Rainy,34,95,1521,No,None,No,Medium
2026-08-05,20:45,MG Road,169,60,Foggy,33,76,1731,No,None,No,Low
2026-08-03,17:15,Airport Road,632,22,Cloudy,36,70,628,No,None,No,Very High
2026-10-01,23:15,Bus Stand Road,192,65,Rainy,25,73,1142,Yes,None,No,Medium
2026-05-27,14:45,City Center,86,76,Foggy,34,89,331,Yes,None,No,Low
2026-06-14,12:45,City Center,121,71,Cloudy,36,89,406,Yes,None,No,Low
2026-08-03,05:45,Station Road,135,72,Rainy,33,42,1435,No,Festival,Yes,Low
2026-07-15,20:15,Airport Road,224,56,Foggy,34,74,1748,Yes,None,No,Medium
2026-05-05,15:15,City Center,227,61,Sunny,40,46,1460,Yes,None,No,Medium
2026-03-28,10:15,Ring Road,216,61,Sunny,35,72,914,Yes,None,Yes,Medium
2026-01-01,08:00,MG Road,382,43,Sunny,40,41,701,No,None,No,High
2026-01-03,21:15,Market Road,117,74,Cloudy,28,51,1492,No,None,No,Low
2026-02-27,19:30,Ring Road,444,39,Sunny,32,50,780,No,None,No,High
2026-03-03,07:15,College Road,245,61,Sunny,36,67,825,Yes,None,No,Medium
2026-10-12,19:45,Market Road,364,39,Rainy,34,63,1722,Yes,None,No,High
2026-12-26,07:45,College Road,204,61,Sunny,22,50,1221,Yes,None,No,Medium
2026-11-16,17:45,Bus Stand Road,612,21,Rainy,26,57,1417,No,None,No,Very High
2026-09-20,11:30,MG Road,255,50,Rainy,34,49,1126,No,None,No,Medium
2026-07-02,21:15,Station Road,265,51,Cloudy,34,53,755,No,None,No,Medium
2026-07-09,23:00,Station Road,199,60,Cloudy,28,62,1037,No,None,No,Medium
2026-04-13,01:00,MG Road,106,65,Cloudy,40,67,1001,No,None,No,Low
2026-11-06,10:30,City Center,272,48,Cloudy,26,48,731,Yes,None,No,Medium
2026-07-26,11:45,College Road,327,47,Rainy,39,57,1252,Yes,None,No,Medium
2026-01-31,23:15,College Road,112,71,Rainy,40,62,1622,No,None,No,Low
2026-02-11,00:45,Station Road,311,45,Foggy,23,95,1015,No,None,No,Medium
2026-07-24,21:15,Airport Road,207,56,Rainy,27,83,1154,Yes,Concert,No,Medium
2026-08-06,14:00,MG Road,177,63,Rainy,21,94,612,Yes,None,Yes,Low
2026-02-11,02:00,Ring Road,264,54,Foggy,40,68,1763,Yes,None,No,Medium
2026-10-12,06:00,Market Road,336,44,Rainy,26,92,366,No,None,Yes,Medium
2026-06-18,20:15,City Center,91,74,Sunny,30,82,352,Yes,Concert,No,Low
2026-10-20,20:45,Station Road,236,60,Rainy,27,91,1511,No,None,No,Medium
2026-02-08,23:30,City Center,205,61,Cloudy,27,73,376,No,None,Yes,Medium
2026-09-12,12:15,Ring Road,331,51,Foggy,29,93,627,Yes,Festival,No,Medium
2026-01-17,10:30,City Center,152,67,Foggy,23,91,781,No,None,No,Low
2026-06-19,02:45,Bus Stand Road,275,56,Rainy,35,88,779,Yes,None,No,Medium
2026-10-13,04:30,Airport Road,205,56,Sunny,29,69,1476,No,None,No,Medium
2026-06-09,04:00,College Road,65,77,Rainy,24,94,1625,Yes,None,No,Low
2026-06-26,11:30,Airport Road,215,56,Rainy,34,43,1340,No,None,No,Medium
2026-02-12,06:15,Market Road,299,50,Cloudy,27,58,777,No,None,No,Medium
2026-03-04,06:30,Ring Road,176,60,Foggy,34,95,582,No,None,No,Low
2026-07-04,07:15,Ring Road,320,43,Sunny,27,69,856,No,None,No,Medium
2026-05-12,21:15,Airport Road,169,62,Foggy,28,45,1120,Yes,None,No,Low
2026-09-03,20:30,City Center,271,48,Foggy,29,78,1128,Yes,Concert,No,Medium
2026-03-04,00:15,Ring Road,148,62,Foggy,27,93,1074,Yes,None,No,Low
2026-06-19,16:45,Market Road,301,45,Cloudy,38,42,1507,No,Concert,No,Medium
2026-05-09,15:00,Station Road,346,43,Foggy,29,44,1438,No,None,No,Medium
2026-10-10,08:15,Market Road,604,17,Cloudy,40,91,308,Yes,None,No,Very High
2026-04-17,09:15,Station Road,500,34,Rainy,33,52,948,Yes,Sports Match,No,High
2026-04-30,22:30,Market Road,146,64,Foggy,34,53,1634,Yes,None,No,Low
2026-01-06,16:30,College Road,336,43,Rainy,39,68,1083,Yes,None,No,Medium
2026-06-17,01:30,Station Road,52,71,Rainy,38,95,362,No,None,No,Low
2026-05-19,18:00,Airport Road,351,49,Cloudy,22,73,1728,Yes,Concert,No,High
2026-10-17,18:00,College Road,453,35,Rainy,32,80,441,No,None,No,High
2026-11-14,18:00,College Road,632,18,Rainy,31,83,685,No,None,No,Very High
2026-10-02,01:15,MG Road,273,52,Sunny,37,71,1483,No,Festival,No,Medium
2026-12-08,17:00,Ring Road,542,31,Foggy,37,65,1243,Yes,Sports Match,No,Very High
2026-05-02,12:30,College Road,221,60,Cloudy,24,61,1731,No,None,Yes,Medium
2026-08-27,15:00,Airport Road,103,66,Foggy,39,43,862,Yes,None,No,Low
2026-02-18,09:45,MG Road,439,39,Rainy,40,95,1655,Yes,None,No,High
2026-08-27,00:30,City Center,167,64,Rainy,30,67,1010,Yes,Festival,No,Low
2026-10-11,16:30,MG Road,285,56,Cloudy,26,88,403,Yes,None,No,Medium
2026-10-17,10:45,Market Road,198,65,Foggy,36,49,423,Yes,None,No,Medium
2026-03-11,01:00,Market Road,245,58,Cloudy,39,84,1463,Yes,Festival,No,Medium
2026-09-13,11:45,Station Road,88,73,Sunny,35,78,1508,Yes,Sports Match,Yes,Low
2026-04-21,14:45,College Road,155,65,Rainy,25,76,779,No,None,No,Low
2026-08-15,01:00,Ring Road,214,62,Sunny,35,90,1309,No,None,No,Medium
2026-05-15,04:45,City Center,201,65,Foggy,25,41,1076,No,None,No,Medium
2026-09-14,08:45,City Center,632,18,Foggy,29,85,1618,Yes,None,No,Very High
2026-05-13,15:30,Airport Road,113,67,Sunny,33,56,1746,Yes,Festival,No,Low
2026-02-13,14:15,Station Road,310,54,Cloudy,34,86,346,Yes,None,No,Medium
2026-05-10,22:45,Bus Stand Road,71,75,Rainy,24,61,647,No,Festival,No,Low
2026-07-29,17:00,Ring Road,521,28,Sunny,25,62,382,Yes,None,No,Very High
2026-11-30,10:00,College Road,239,60,Cloudy,36,46,1703,No,None,No,Medium
2026-11-18,04:15,Airport Road,80,73,Sunny,33,45,384,Yes,Festival,No,Low
2026-07-21,21:30,Market Road,64,72,Foggy,28,90,1051,Yes,None,No,Low
2026-02-12,03:00,MG Road,348,46,Foggy,30,62,1556,No,None,No,Medium
2026-07-31,17:15,Ring Road,650,20,Foggy,40,68,935,No,Concert,No,Very High
2026-04-05,07:45,City Center,343,50,Cloudy,28,55,1658,No,None,No,Medium
2026-10-06,06:30,Station Road,81,72,Foggy,29,68,534,Yes,None,No,Low
2026-09-29,20:00,Airport Road,173,64,Foggy,32,51,763,No,None,No,Low
2026-01-02,10:00,College Road,239,58,Rainy,26,57,1432,Yes,None,No,Medium
2026-11-19,15:15,Station Road,131,63,Cloudy,26,90,473,Yes,None,No,Low
2026-10-22,12:15,College Road,347,43,Foggy,21,95,1200,No,Festival,No,Medium
2026-04-25,11:30,Airport Road,222,61,Sunny,33,71,526,Yes,None,No,Medium
2026-12-14,22:00,MG Road,50,78,Cloudy,38,75,531,Yes,None,Yes,Low
2026-05-10,01:30,Ring Road,242,61,Cloudy,36,42,1094,No,None,No,Medium
2026-01-13,19:30,City Center,618,14,Foggy,28,64,791,Yes,None,No,Very High
2026-09-23,11:00,MG Road,181,58,Rainy,27,80,479,Yes,None,No,Medium
2026-12-05,21:15,Market Road,221,53,Cloudy,40,58,644,Yes,None,No,Medium
2026-12-11,03:15,College Road,159,69,Cloudy,37,91,1034,No,Festival,No,Low
2026-11-04,16:00,Bus Stand Road,136,64,Cloudy,25,84,1091,Yes,None,No,Low
2026-03-30,23:00,Airport Road,136,70,Sunny,38,73,952,Yes,None,No,Low
2026-12-15,18:15,MG Road,510,33,Cloudy,24,72,1174,Yes,None,No,Very High
2026-10-05,06:45,Ring Road,78,77,Foggy,30,61,1392,Yes,None,No,Low
2026-10-10,16:30,Market Road,105,68,Cloudy,32,49,422,No,None,No,Low
2026-06-15,00:15,College Road,106,65,Sunny,21,55,1678,Yes,Festival,No,Low
2026-07-26,15:00,Airport Road,300,50,Rainy,24,80,1531,No,None,No,Medium
2026-01-08,06:15,Bus Stand Road,339,48,Foggy,20,75,1790,No,Sports Match,No,Medium
2026-08-05,14:15,College Road,275,52,Sunny,34,45,1688,Yes,Concert,No,Medium
2026-03-29,09:00,Market Road,356,44,Foggy,32,90,583,No,Festival,No,High
2026-04-09,23:30,Airport Road,134,64,Sunny,39,57,1096,Yes,None,No,Low
2026-06-06,04:15,Ring Road,139,66,Cloudy,40,94,898,Yes,Sports Match,No,Low
2026-08-23,02:00,College Road,344,42,Foggy,33,50,1543,No,None,No,Medium
2026-05-30,20:15,Bus Stand Road,265,57,Foggy,30,63,1359,Yes,None,No,Medium
2026-11-21,13:30,Ring Road,305,51,Rainy,20,65,776,Yes,None,No,Medium
2026-10-04,15:15,College Road,312,53,Foggy,37,84,575,Yes,None,No,Medium
2026-10-24,19:30,Station Road,467,39,Sunny,38,76,613,No,None,No,High
2026-01-29,21:30,Station Road,223,56,Cloudy,20,44,1560,Yes,None,No,Medium
2026-12-28,02:45,Ring Road,201,62,Sunny,22,45,1241,No,Sports Match,Yes,Medium
2026-02-08,23:30,College Road,303,48,Cloudy,27,79,1042,Yes,Festival,No,Medium
2026-11-11,17:15,Market Road,573,24,Rainy,29,64,464,Yes,Concert,No,Very High
2026-07-13,07:15,Airport Road,188,67,Rainy,22,93,867,Yes,None,No,Medium
2026-11-25,19:15,College Road,392,39,Foggy,37,58,1740,Yes,Festival,No,High
2026-06-16,22:15,College Road,263,53,Rainy,23,90,1421,No,None,No,Medium
2026-11-09,01:00,Market Road,254,51,Sunny,40,81,449,No,None,No,Medium
2026-03-30,18:00,Market Road,392,43,Cloudy,35,83,1785,No,None,No,High
2026-02-16,23:00,College Road,123,66,Sunny,25,52,917,No,None,No,Low
2026-07-02,06:45,Market Road,190,63,Rainy,24,90,1580,Yes,None,No,Medium
2026-11-24,17:30,Market Road,460,32,Foggy,38,53,572,No,None,No,High
2026-03-03,01:15,MG Road,130,68,Rainy,40,85,1305,Yes,None,No,Low
2026-11-20,06:15,City Center,132,70,Cloudy,37,66,997,No,None,No,Low
2026-03-02,11:15,Ring Road,302,53,Sunny,36,45,1035,Yes,None,No,Medium
2026-10-26,23:30,Ring Road,257,56,Rainy,22,51,921,No,None,No,Medium
2026-08-19,00:00,MG Road,93,68,Foggy,22,57,544,No,None,No,Low
2026-05-29,01:45,Ring Road,195,66,Rainy,31,84,793,No,None,No,Medium
2026-07-01,17:30,City Center,498,32,Foggy,32,58,1534,Yes,None,No,High
2026-02-10,19:30,Airport Road,428,40,Cloudy,40,53,801,Yes,None,Yes,High
2026-12-10,12:30,Market Road,110,65,Cloudy,34,70,928,Yes,Festival,No,Low
2026-10-20,04:15,College Road,211,63,Rainy,40,83,706,Yes,None,No,Medium
2026-10-17,09:30,MG Road,367,42,Rainy,20,86,1292,No,Festival,Yes,High
2026-11-21,03:00,Ring Road,195,66,Foggy,31,94,1431,No,None,No,Medium
2026-08-23,08:00,City Center,430,34,Sunny,22,66,1400,Yes,None,No,High
2026-07-24,19:00,Market Road,574,28,Sunny,31,85,945,No,None,No,Very High
2026-01-03,04:30,City Center,306,46,Cloudy,23,52,676,No,None,No,Medium
2026-04-23,09:30,Ring Road,569,24,Rainy,23,89,789,No,None,No,Very High
2026-06-04,01:45,Airport Road,214,57,Foggy,33,59,1665,Yes,None,No,Medium
2026-07-30,02:15,College Road,282,55,Cloudy,29,76,1518,Yes,None,Yes,Medium
2026-10-29,19:45,Market Road,550,23,Cloudy,26,65,820,Yes,None,No,Very High
2026-01-03,03:15,Bus Stand Road,311,45,Rainy,20,78,1244,Yes,None,No,Medium
2026-06-26,22:15,City Center,258,57,Foggy,31,78,441,No,None,Yes,Medium
2026-01-21,04:15,Bus Stand Road,159,62,Cloudy,38,45,1048,Yes,None,No,Low
2026-08-20,23:00,Station Road,201,62,Foggy,26,44,798,No,None,No,Medium
2026-08-15,12:15,Market Road,249,61,Cloudy,28,79,1313,Yes,None,No,Medium
2026-04-20,18:15,Bus Stand Road,489,29,Cloudy,33,74,370,No,None,No,High
2026-04-01,03:15,Bus Stand Road,170,62,Sunny,22,94,531,No,None,No,Low
2026-11-18,15:00,Ring Road,313,49,Foggy,20,40,1580,No,None,No,Medium
2026-11-02,10:15,City Center,289,49,Cloudy,22,52,302,Yes,None,No,Medium
2026-04-09,16:30,Airport Road,99,67,Foggy,34,84,640,No,None,No,Low
2026-01-28,02:00,College Road,205,55,Sunny,21,80,1466,Yes,None,No,Medium
2026-07-17,13:15,Station Road,315,49,Cloudy,28,89,1595,Yes,None,No,Medium
2026-11-15,15:45,Airport Road,59,78,Rainy,28,72,1127,No,None,Yes,Low
2026-06-23,12:00,Bus Stand Road,316,46,Sunny,22,74,1163,No,Sports Match,No,Medium
2026-12-30,22:45,Station Road,57,77,Sunny,35,42,860,Yes,Festival,No,Low
2026-06-05,21:30,Bus Stand Road,160,65,Cloudy,30,80,1674,Yes,Festival,No,Low
2026-01-25,02:45,Market Road,270,53,Rainy,25,73,586,No,None,No,Medium
2026-03-15,08:45,Station Road,588,25,Sunny,22,95,543,No,None,No,Very High
2026-08-18,18:15,Bus Stand Road,426,36,Foggy,23,80,907,Yes,Festival,No,High
2026-08-30,11:15,Station Road,162,59,Rainy,38,75,1279,No,None,No,Low
2026-03-04,00:00,MG Road,324,47,Rainy,22,45,472,No,None,Yes,Medium
2026-04-22,18:45,Station Road,507,33,Foggy,39,63,1065,Yes,None,No,Very High
2026-09-07,11:15,Airport Road,70,68,Foggy,38,92,719,No,None,No,Low
2026-04-12,23:30,Ring Road,183,58,Cloudy,39,60,1154,Yes,None,No,Medium
2026-11-17,07:30,College Road,225,58,Foggy,30,45,803,Yes,None,No,Medium
2026-06-16,19:15,City Center,540,23,Sunny,27,65,687,No,None,No,Very High
2026-01-13,01:00,Airport Road,184,60,Rainy,26,83,1518,Yes,None,No,Medium
2026-05-20,21:00,Ring Road,85,76,Sunny,35,41,631,No,None,No,Low
2026-09-22,09:30,Station Road,507,35,Rainy,24,85,595,Yes,Festival,No,Very High
2026-04-19,14:30,MG Road,139,62,Rainy,40,41,1247,No,None,No,Low
2026-06-30,17:00,College Road,366,39,Rainy,38,75,876,No,None,No,High
2026-05-13,15:00,Ring Road,59,78,Rainy,23,62,1234,Yes,None,No,Low
2026-04-07,02:30,Station Road,74,78,Foggy,32,77,1533,No,None,Yes,Low
2026-01-11,07:00,Market Road,88,72,Rainy,38,64,948,Yes,None,No,Low
2026-02-07,07:15,Ring Road,258,52,Cloudy,40,66,787,No,None,Yes,Medium
2026-03-08,07:15,Market Road,323,51,Cloudy,22,58,840,No,None,No,Medium
2026-04-30,17:30,Ring Road,386,37,Rainy,30,63,1082,Yes,None,No,High
2026-12-29,12:15,Airport Road,212,56,Foggy,40,85,831,No,None,Yes,Medium
2026-07-29,08:45,College Road,384,40,Cloudy,31,55,1461,No,Concert,No,High
2026-11-11,20:45,Station Road,348,46,Cloudy,38,92,1057,No,None,No,Medium
2026-11-08,02:45,Market Road,258,59,Rainy,27,58,1218,Yes,None,No,Medium
2026-07-26,14:30,MG Road,334,42,Foggy,28,59,622,No,Festival,Yes,Medium
2026-10-23,23:00,Market Road,263,49,Foggy,26,41,1474,Yes,Sports Match,No,Medium
2026-06-05,16:15,Ring Road,141,70,Rainy,38,73,1463,Yes,None,No,Low
2026-08-21,05:15,Bus Stand Road,306,45,Foggy,28,61,698,Yes,None,No,Medium
2026-01-21,02:45,Ring Road,74,72,Foggy,24,93,1358,No,Festival,No,Low
2026-05-14,09:45,Market Road,580,25,Foggy,23,80,1390,Yes,Sports Match,No,Very High
2026-08-06,06:30,Market Road,273,53,Foggy,22,69,403,Yes,None,No,Medium
2026-06-05,07:15,Station Road,256,51,Rainy,29,46,1772,No,None,No,Medium
2026-08-02,23:15,College Road,144,63,Rainy,22,90,659,No,Concert,No,Low
2026-08-10,18:45,Market Road,571,24,Cloudy,21,81,1520,Yes,None,No,Very High
2026-02-23,22:45,Ring Road,308,51,Rainy,36,61,1000,No,None,No,Medium
2026-09-30,04:30,Ring Road,246,61,Foggy,26,65,1275,No,None,No,Medium
2026-01-21,22:30,MG Road,53,72,Rainy,37,71,681,No,None,No,Low
2026-04-01,10:30,Bus Stand Road,83,67,Sunny,27,45,675,No,None,No,Low
2026-10-08,21:00,Bus Stand Road,148,62,Foggy,38,49,1599,No,None,Yes,Low
2026-07-14,06:45,Market Road,342,45,Foggy,21,58,1648,Yes,None,No,Medium
2026-07-15,20:15,City Center,341,50,Cloudy,40,77,1121,No,None,No,Medium
2026-07-05,11:00,College Road,96,68,Rainy,29,61,1663,No,None,No,Low
2026-09-19,06:00,Bus Stand Road,243,58,Rainy,31,87,1076,Yes,None,No,Medium
2026-02-01,02:15,Market Road,212,62,Sunny,37,69,1279,No,Festival,No,Medium
2026-05-23,23:00,Station Road,102,70,Cloudy,20,82,1019,Yes,None,No,Low
2026-03-24,06:00,Airport Road,165,59,Rainy,38,73,1536,No,None,No,Low
2026-02-10,00:00,Ring Road,265,59,Sunny,35,79,1012,No,None,No,Medium
2026-07-02,09:00,Station Road,531,22,Rainy,35,81,887,No,None,No,Very High
2026-08-10,01:45,City Center,177,60,Foggy,23,60,632,Yes,None,No,Low
2026-09-05,05:00,College Road,111,69,Cloudy,27,80,577,Yes,None,No,Low
2026-05-13,13:45,Market Road,228,62,Foggy,27,81,1692,Yes,None,No,Medium
2026-12-18,21:30,Bus Stand Road,282,49,Sunny,29,40,1548,Yes,None,No,Medium
2026-06-20,11:00,College Road,52,70,Foggy,28,52,1492,No,None,No,Low
2026-05-26,02:00,Airport Road,150,60,Cloudy,31,52,699,Yes,None,No,Low
2026-01-30,23:45,Station Road,123,64,Rainy,24,88,1545,No,None,No,Low
2026-06-16,19:00,MG Road,647,15,Cloudy,26,74,680,Yes,Festival,No,Very High
2026-12-14,03:15,Ring Road,318,50,Rainy,22,49,1444,No,Sports Match,No,Medium
2026-02-23,00:45,MG Road,177,61,Foggy,25,42,427,No,None,No,Low
2026-01-22,18:45,Ring Road,589,18,Foggy,39,63,615,No,None,No,Very High
2026-11-25,14:45,Market Road,301,53,Foggy,23,89,1493,Yes,None,No,Medium
2026-07-10,06:30,College Road,228,57,Cloudy,30,91,1269,No,None,No,Medium
2026-04-05,18:45,Airport Road,504,31,Foggy,33,60,941,No,None,No,Very High
2026-11-10,17:00,Ring Road,446,31,Foggy,21,66,466,Yes,Festival,No,High
2026-01-19,15:15,College Road,186,64,Sunny,38,75,1431,Yes,None,No,Medium
2026-07-12,08:00,Airport Road,488,30,Rainy,26,60,1742,Yes,None,No,High
2026-06-09,15:00,Station Road,53,80,Sunny,37,55,1314,Yes,Festival,No,Low
2026-08-24,02:15,Ring Road,226,61,Cloudy,24,75,1111,No,None,No,Medium
2026-05-28,04:45,City Center,224,58,Rainy,30,85,1714,No,None,Yes,Medium
2026-05-09,01:15,Market Road,303,49,Rainy,25,47,1598,Yes,None,No,Medium
2026-03-19,22:15,MG Road,157,65,Sunny,27,88,1487,Yes,None,No,Low
2026-04-18,12:15,Ring Road,170,67,Rainy,38,93,1782,Yes,Concert,No,Low
2026-07-12,12:15,Bus Stand Road,209,62,Rainy,35,45,961,No,None,No,Medium
2026-04-03,10:30,MG Road,314,54,Sunny,36,56,1281,No,None,No,Medium
2026-11-13,12:15,Ring Road,315,45,Foggy,36,41,564,Yes,Festival,No,Medium
2026-05-18,04:00,MG Road,346,44,Sunny,36,45,390,No,Concert,No,Medium
2026-10-20,11:00,Market Road,188,63,Sunny,28,90,700,Yes,None,Yes,Medium
2026-08-18,01:00,Market Road,103,69,Foggy,21,60,1162,No,None,No,Low
2026-11-21,15:30,Station Road,151,68,Sunny,24,68,1623,Yes,None,No,Low
2026-01-28,21:00,Ring Road,212,56,Rainy,40,68,1485,Yes,Festival,No,Medium
2026-11-17,04:15,Ring Road,284,48,Rainy,33,63,562,Yes,None,No,Medium
2026-03-02,08:30,Airport Road,437,39,Rainy,34,91,1041,Yes,Festival,No,High
2026-11-14,17:15,College Road,633,13,Rainy,21,80,851,Yes,None,No,Very High
2026-07-01,04:45,Airport Road,121,68,Foggy,40,62,342,Yes,Festival,No,Low
2026-11-17,16:15,Airport Road,348,48,Rainy,40,54,987,No,None,No,Medium
2026-03-13,11:15,MG Road,205,63,Foggy,30,53,906,No,None,No,Medium
2026-01-31,13:45,Station Road,238,57,Sunny,34,94,596,Yes,None,No,Medium
2026-07-22,14:15,Station Road,107,73,Foggy,32,45,1368,No,None,No,Low
2026-08-08,15:15,Bus Stand Road,321,47,Foggy,22,49,1600,No,None,Yes,Medium
2026-07-21,17:15,City Center,640,15,Cloudy,23,63,346,Yes,None,Yes,Very High
2026-10-30,09:30,City Center,412,40,Rainy,23,84,1214,Yes,None,No,High
2026-12-03,23:00,City Center,58,73,Rainy,24,62,1537,Yes,None,No,Low
2026-10-08,23:00,Airport Road,63,76,Cloudy,26,75,1361,No,None,No,Low
2026-03-23,22:15,City Center,67,78,Sunny,36,66,1499,Yes,None,No,Low
2026-10-13,08:15,MG Road,620,14,Sunny,22,53,1390,No,None,No,Very High
2026-08-02,23:15,City Center,334,48,Foggy,32,74,968,Yes,None,No,Medium
2026-12-24,16:15,Ring Road,63,70,Cloudy,22,45,1562,No,None,No,Low
2026-01-01,05:30,Airport Road,68,70,Sunny,29,58,547,Yes,None,No,Low
2026-08-22,00:15,Station Road,89,67,Cloudy,20,65,800,No,None,No,Low
2026-10-28,08:45,Ring Road,383,42,Rainy,28,72,642,No,None,No,High
2026-10-16,21:15,City Center,135,69,Cloudy,35,60,984,Yes,None,No,Low
2026-06-08,18:00,Station Road,532,24,Sunny,36,75,851,No,Festival,No,Very High
2026-04-23,11:30,Market Road,309,54,Foggy,20,73,925,Yes,None,No,Medium
2026-05-14,13:15,Airport Road,69,77,Foggy,39,48,325,Yes,None,No,Low
2026-04-18,19:45,Airport Road,393,43,Rainy,38,82,1014,No,None,Yes,High
2026-09-18,06:30,Bus Stand Road,230,59,Rainy,24,47,777,Yes,None,No,Medium
2026-07-10,23:30,Bus Stand Road,170,62,Foggy,36,53,1620,Yes,None,No,Low
2026-11-26,17:15,Airport Road,412,40,Cloudy,31,49,898,No,Concert,No,High
2026-07-26,00:00,Ring Road,174,64,Cloudy,29,61,832,Yes,None,No,Low
2026-02-07,19:45,College Road,608,22,Rainy,27,53,633,No,None,No,Very High
2026-10-27,07:45,City Center,127,65,Cloudy,23,68,1510,No,None,No,Low
2026-01-07,18:15,Station Road,441,32,Sunny,20,70,762,No,None,No,High
2026-09-18,21:15,Bus Stand Road,132,70,Sunny,35,74,1247,No,None,Yes,Low
2026-12-05,22:30,Station Road,275,58,Cloudy,40,63,1640,Yes,Festival,Yes,Medium
2026-05-04,02:30,Market Road,76,74,Cloudy,34,65,741,No,Sports Match,Yes,Low
2026-12-18,10:00,Station Road,208,61,Rainy,23,65,863,No,None,No,Medium
2026-04-22,08:00,Ring Road,429,33,Rainy,22,71,1011,Yes,Festival,No,High
2026-01-22,15:45,College Road,262,55,Rainy,23,47,628,No,Festival,No,Medium
2026-03-18,09:15,City Center,474,29,Foggy,21,67,1727,No,None,No,High
2026-10-25,04:45,Ring Road,286,56,Cloudy,36,55,865,Yes,Festival,No,Medium
2026-07-09,06:45,Market Road,151,69,Rainy,33,45,823,No,None,Yes,Low
2026-01-15,22:30,Airport Road,197,66,Foggy,36,88,1037,No,None,No,Medium
2026-07-14,21:15,City Center,259,54,Sunny,33,62,1618,Yes,None,No,Medium
2026-08-09,16:30,College Road,190,61,Sunny,27,78,1105,No,None,No,Medium
2026-02-04,03:00,Station Road,346,49,Rainy,40,82,1545,No,Concert,No,Medium
2026-04-13,01:15,Bus Stand Road,314,54,Rainy,32,43,565,Yes,None,No,Medium
2026-03-26,19:15,Bus Stand Road,461,39,Rainy,24,81,1744,No,None,No,High
2026-01-24,23:45,Airport Road,181,65,Sunny,20,79,758,No,None,No,Medium
2026-08-26,23:00,Ring Road,178,63,Rainy,35,64,1514,No,Festival,Yes,Low
2026-09-21,20:00,Market Road,309,45,Foggy,34,91,1669,No,None,No,Medium
2026-05-01,21:15,Station Road,146,64,Sunny,23,40,901,Yes,None,No,Low
2026-04-04,19:15,Bus Stand Road,481,34,Sunny,36,57,425,Yes,None,No,High
2026-07-21,10:00,City Center,311,48,Cloudy,21,86,964,No,None,No,Medium
2026-03-23,22:15,College Road,279,55,Cloudy,36,42,1047,No,None,No,Medium
2026-03-14,09:45,City Center,435,39,Rainy,33,44,1724,Yes,None,No,High
2026-09-22,05:30,Station Road,87,74,Cloudy,33,54,589,No,Festival,Yes,Low
2026-01-09,02:30,Market Road,89,73,Sunny,40,76,686,Yes,None,No,Low
2026-03-13,15:30,Market Road,87,74,Foggy,40,62,1767,Yes,None,No,Low
2026-08-12,12:30,City Center,248,52,Rainy,38,88,959,Yes,Festival,No,Medium
2026-11-30,13:00,Station Road,183,58,Cloudy,23,40,791,No,None,No,Medium
2026-03-09,09:15,City Center,391,45,Cloudy,26,49,1240,Yes,None,No,High
2026-01-13,00:15,Ring Road,98,68,Rainy,27,43,835,No,None,No,Low
2026-07-08,09:45,Ring Road,458,38,Foggy,36,54,1754,Yes,Sports Match,No,High
2026-10-31,23:30,Station Road,221,60,Foggy,34,85,666,Yes,Concert,No,Medium
2026-05-03,07:45,Market Road,244,54,Cloudy,27,41,1653,Yes,None,No,Medium
2026-12-04,23:45,City Center,266,49,Rainy,20,42,1400,Yes,Festival,No,Medium
2026-11-19,22:30,College Road,54,76,Sunny,25,92,515,Yes,None,No,Low
2026-09-03,08:30,Airport Road,459,37,Rainy,24,77,430,No,Concert,No,High
2026-06-25,00:00,City Center,262,49,Rainy,31,77,1278,Yes,Sports Match,No,Medium
2026-09-27,10:00,Station Road,120,65,Foggy,35,62,890,Yes,Sports Match,No,Low
2026-12-24,17:00,Ring Road,496,26,Cloudy,33,92,1697,No,Festival,No,High
2026-12-01,14:30,Bus Stand Road,58,70,Cloudy,21,82,925,No,None,No,Low
2026-06-03,06:30,Ring Road,75,74,Foggy,25,89,1516,No,None,No,Low
2026-09-24,21:45,MG Road,263,53,Foggy,36,68,1276,No,None,Yes,Medium
2026-08-02,11:00,College Road,73,75,Rainy,21,60,873,Yes,None,No,Low
2026-06-23,03:30,MG Road,184,59,Rainy,40,85,433,No,None,No,Medium
2026-02-19,13:00,Bus Stand Road,304,47,Sunny,32,76,729,Yes,None,No,Medium
2026-11-03,07:45,MG Road,295,49,Rainy,40,57,531,Yes,Festival,No,Medium
2026-05-16,10:00,Airport Road,295,55,Cloudy,27,53,1512,Yes,None,No,Medium
2026-08-15,09:15,MG Road,509,28,Cloudy,36,81,1437,Yes,None,No,Very High
2026-10-14,21:45,Market Road,334,50,Rainy,37,76,679,Yes,None,No,Medium
2026-12-31,21:30,City Center,287,47,Foggy,26,84,1628,Yes,None,Yes,Medium
2026-01-19,02:00,Ring Road,167,60,Cloudy,27,59,793,Yes,None,No,Low
2026-07-19,13:30,Bus Stand Road,294,51,Cloudy,37,56,413,No,None,No,Medium
2026-03-20,09:30,Ring Road,533,22,Rainy,34,68,1747,No,Festival,Yes,Very High
2026-03-06,16:45,Ring Road,126,66,Cloudy,36,87,583,No,None,No,Low
2026-04-16,22:45,Station Road,169,67,Cloudy,21,48,1520,No,Festival,No,Low
2026-12-04,02:00,Station Road,140,67,Sunny,32,61,1249,No,None,No,Low
2026-08-16,20:45,City Center,116,64,Sunny,31,75,1569,No,Sports Match,No,Low
2026-06-17,03:00,Bus Stand Road,166,68,Rainy,36,73,1160,No,None,No,Low
2026-11-17,03:30,College Road,147,62,Cloudy,26,85,1690,No,None,No,Low
2026-09-30,01:00,Station Road,213,64,Rainy,27,59,1652,Yes,Sports Match,No,Medium
2026-09-04,18:30,Airport Road,630,12,Rainy,29,45,944,No,Festival,No,Very High
2026-07-14,07:15,Ring Road,60,78,Sunny,34,51,633,Yes,None,No,Low
2026-12-20,06:15,Bus Stand Road,235,62,Sunny,34,61,460,Yes,None,No,Medium
2026-05-08,19:30,Ring Road,533,27,Foggy,22,64,874,Yes,None,No,Very High
2026-04-06,01:00,Airport Road,126,67,Cloudy,29,53,1256,Yes,None,No,Low
2026-07-23,03:30,Bus Stand Road,85,67,Sunny,37,69,1670,No,None,No,Low
2026-06-30,05:15,Airport Road,172,66,Sunny,23,75,1472,Yes,None,No,Low
2026-10-02,05:30,Bus Stand Road,265,54,Sunny,40,61,1058,Yes,Concert,No,Medium
2026-05-16,00:45,City Center,205,57,Cloudy,39,93,1047,Yes,Festival,No,Medium
2026-01-06,03:45,MG Road,160,69,Foggy,26,58,1659,No,None,No,Low
2026-09-20,20:00,City Center,278,56,Foggy,30,42,1338,Yes,None,No,Medium
2026-08-13,03:15,MG Road,173,66,Rainy,35,65,1487,No,None,Yes,Low
2026-08-06,14:30,Station Road,328,50,Foggy,21,80,1541,Yes,None,No,Medium
2026-05-09,04:45,Ring Road,184,67,Cloudy,22,44,724,Yes,None,No,Medium
2026-04-28,14:00,MG Road,263,50,Sunny,27,95,376,No,None,No,Medium
2026-09-03,09:15,Ring Road,570,21,Sunny,24,62,630,Yes,None,No,Very High
2026-08-28,17:00,Airport Road,438,41,Rainy,40,58,1335,No,None,No,High
2026-08-19,09:00,Airport Road,419,44,Sunny,21,59,1751,Yes,None,Yes,High
2026-08-17,05:15,MG Road,52,80,Rainy,24,57,1128,No,Festival,No,Low
2026-02-25,22:45,Bus Stand Road,257,55,Foggy,27,69,649,Yes,None,No,Medium
2026-02-07,04:00,College Road,278,58,Foggy,35,46,1094,No,None,No,Medium
2026-08-05,15:15,Ring Road,328,45,Foggy,23,59,385,No,Festival,No,Medium
2026-02-16,13:15,Market Road,335,48,Sunny,24,52,1292,Yes,Sports Match,No,Medium
2026-03-01,20:30,College Road,261,51,Rainy,24,60,930,Yes,None,No,Medium
2026-11-30,19:00,MG Road,645,13,Foggy,32,62,1257,Yes,None,No,Very High
2026-08-16,06:15,MG Road,70,74,Sunny,29,54,1686,Yes,None,No,Low
2026-02-15,19:45,Ring Road,634,16,Foggy,20,54,1000,Yes,None,No,Very High
2026-08-16,16:15,Airport Road,316,54,Foggy,31,49,582,No,None,No,Medium
2026-01-13,11:30,Station Road,240,60,Rainy,22,60,1709,Yes,None,No,Medium
2026-09-22,12:00,Market Road,334,52,Sunny,39,71,1160,No,Festival,No,Medium
2026-11-11,07:15,Market Road,192,58,Rainy,40,79,743,No,Festival,No,Medium
2026-05-14,00:30,Station Road,205,61,Rainy,40,68,1249,Yes,None,No,Medium
2026-10-23,18:15,Airport Road,475,36,Cloudy,33,44,543,Yes,None,No,High
2026-07-09,16:00,MG Road,297,46,Rainy,30,65,1157,Yes,Festival,No,Medium
2026-04-21,23:00,Station Road,151,68,Sunny,24,94,313,Yes,None,No,Low
2026-05-07,17:45,College Road,538,23,Foggy,26,49,776,Yes,None,No,Very High
2026-09-22,03:45,Station Road,335,45,Cloudy,24,51,827,No,None,No,Medium
2026-08-15,19:30,Market Road,619,15,Foggy,27,91,1071,Yes,None,Yes,Very High
2026-01-18,00:45,College Road,136,62,Rainy,29,40,873,No,Concert,No,Low
2026-06-21,05:30,Ring Road,289,52,Sunny,30,93,1461,No,None,No,Medium
2026-07-22,14:45,College Road,315,51,Cloudy,38,93,1108,Yes,None,No,Medium
2026-10-24,19:00,College Road,649,14,Sunny,27,43,620,No,None,No,Very High
2026-06-29,19:45,Bus Stand Road,569,22,Rainy,33,87,1568,Yes,None,No,Very High
2026-02-01,00:15,Bus Stand Road,230,55,Sunny,37,87,413,Yes,None,Yes,Medium
2026-10-19,23:00,Bus Stand Road,148,69,Rainy,34,40,355,No,Festival,No,Low
2026-01-01,20:30,Station Road,52,78,Rainy,22,40,1749,Yes,None,No,Low
2026-05-20,14:00,Station Road,103,75,Rainy,29,94,550,No,None,No,Low
2026-03-25,06:15,Station Road,325,48,Rainy,26,60,990,Yes,None,No,Medium
2026-09-19,14:30,Market Road,194,59,Cloudy,21,49,1578,Yes,None,No,Medium
2026-10-18,02:15,City Center,281,51,Rainy,21,70,450,No,None,Yes,Medium
2026-12-01,01:15,Ring Road,173,64,Foggy,23,63,505,Yes,None,No,Low
2026-05-28,10:15,MG Road,177,68,Cloudy,25,73,1508,Yes,None,No,Low
2026-08-05,17:00,City Center,388,41,Foggy,23,85,447,Yes,None,No,High
2026-02-11,04:30,Market Road,216,58,Sunny,24,46,360,No,None,No,Medium
2026-09-27,21:45,College Road,335,50,Sunny,32,81,580,Yes,None,No,Medium
2026-10-20,08:45,Station Road,623,19,Sunny,30,48,1166,No,None,No,Very High
2026-12-01,23:15,College Road,134,65,Sunny,38,42,1036,No,Concert,No,Low
2026-01-15,19:30,City Center,479,28,Rainy,24,67,415,Yes,None,No,High
2026-03-18,16:45,College Road,324,46,Foggy,23,68,1243,Yes,None,No,Medium
2026-01-27,07:00,Airport Road,263,51,Sunny,40,78,1252,Yes,Sports Match,No,Medium
2026-09-29,00:30,Market Road,95,69,Cloudy,33,52,1708,No,None,No,Low
2026-02-16,23:15,Station Road,186,63,Sunny,36,77,313,No,None,No,Medium
2026-07-05,04:00,Market Road,306,54,Sunny,40,61,448,Yes,None,No,Medium
2026-11-19,23:45,City Center,180,66,Foggy,25,77,1112,No,None,No,Low
2026-07-03,14:00,College Road,87,75,Cloudy,37,41,801,Yes,Festival,No,Low
2026-12-23,22:00,Ring Road,316,48,Sunny,35,66,1132,Yes,None,No,Medium
2026-04-25,10:30,Market Road,255,57,Foggy,29,56,1699,No,None,No,Medium
2026-09-30,06:45,Bus Stand Road,83,73,Foggy,35,84,1057,Yes,None,No,Low
2026-02-15,21:00,Airport Road,301,45,Foggy,26,40,940,Yes,Festival,No,Medium
2026-06-22,22:45,Bus Stand Road,195,56,Sunny,24,59,694,Yes,None,No,Medium
2026-06-10,18:30,Ring Road,470,28,Rainy,21,92,689,No,None,No,High
2026-03-17,07:00,Bus Stand Road,176,63,Rainy,35,94,1540,No,Sports Match,No,Low
2026-09-24,14:00,Ring Road,115,66,Rainy,21,57,915,No,None,No,Low
2026-06-27,01:00,Airport Road,299,46,Sunny,39,94,1787,Yes,None,No,Medium
2026-08-30,15:00,Bus Stand Road,237,54,Rainy,37,57,1150,No,None,No,Medium
2026-08-11,16:00,Station Road,132,68,Foggy,29,79,515,Yes,None,No,Low
2026-03-19,11:30,Airport Road,201,65,Sunny,34,69,624,Yes,None,No,Medium
2026-02-18,12:45,Ring Road,301,53,Foggy,32,68,1156,Yes,None,Yes,Medium
2026-11-14,21:00,MG Road,64,78,Cloudy,23,58,496,Yes,None,No,Low
2026-06-09,02:15,College Road,329,46,Cloudy,21,94,522,Yes,None,No,Medium
2026-05-24,21:30,Ring Road,66,78,Foggy,30,63,1540,No,None,No,Low
2026-10-15,03:15,City Center,233,59,Cloudy,23,65,1444,No,None,No,Medium
2026-04-10,07:00,Market Road,289,47,Foggy,33,71,1472,No,Concert,No,Medium
2026-05-21,00:30,College Road,320,47,Cloudy,34,74,633,Yes,Festival,No,Medium
2026-12-15,20:00,Airport Road,262,51,Rainy,39,68,1217,Yes,None,Yes,Medium
2026-03-21,19:30,Airport Road,525,27,Cloudy,37,75,407,Yes,None,No,Very High
2026-03-02,08:15,Ring Road,421,43,Rainy,27,57,552,No,None,No,High
2026-06-26,21:30,College Road,61,73,Sunny,33,61,368,No,Festival,No,Low
2026-02-08,13:15,Station Road,336,44,Rainy,23,82,861,Yes,Concert,No,Medium
2026-01-25,08:00,College Road,617,20,Foggy,24,86,569,Yes,Sports Match,No,Very High
2026-07-23,14:00,Bus Stand Road,254,56,Foggy,22,46,911,No,None,No,Medium
2026-06-17,15:30,Market Road,124,73,Foggy,38,54,1125,Yes,None,No,Low
2026-03-01,16:00,Bus Stand Road,138,63,Foggy,24,56,1444,Yes,None,No,Low
2026-10-28,14:30,College Road,225,63,Sunny,37,88,1407,No,None,No,Medium
2026-06-16,03:15,Ring Road,119,72,Sunny,20,54,492,No,Festival,Yes,Low
2026-05-16,04:15,Market Road,169,62,Foggy,32,46,591,Yes,None,No,Low
2026-03-30,19:30,Airport Road,563,23,Cloudy,22,73,783,No,None,No,Very High
2026-06-23,16:45,City Center,131,72,Cloudy,20,70,1004,Yes,None,Yes,Low
2026-06-13,18:30,Ring Road,540,24,Foggy,27,73,440,No,Festival,No,Very High
2026-07-07,00:45,City Center,221,59,Rainy,25,43,1325,Yes,None,No,Medium
2026-02-20,16:15,Ring Road,193,59,Sunny,34,75,301,Yes,None,No,Medium
2026-04-13,01:15,College Road,159,67,Cloudy,30,58,1779,No,Sports Match,No,Low
2026-12-12,22:15,City Center,304,46,Foggy,36,59,970,No,None,No,Medium
2026-05-14,08:45,MG Road,629,21,Cloudy,33,60,1022,No,None,Yes,Very High
2026-01-30,11:30,Bus Stand Road,151,67,Sunny,29,65,1527,No,None,No,Low
2026-12-14,10:15,College Road,337,44,Foggy,23,58,1227,No,None,No,Medium
2026-02-28,18:30,Airport Road,359,41,Cloudy,38,62,1566,Yes,None,No,High
2026-09-18,06:15,College Road,139,62,Cloudy,36,53,858,No,Festival,No,Low
2026-03-31,15:30,Market Road,229,60,Sunny,38,89,1606,No,None,No,Medium
2026-03-03,22:45,City Center,305,48,Cloudy,35,90,1477,Yes,None,No,Medium
2026-08-19,00:45,Market Road,262,51,Rainy,37,85,1719,Yes,None,No,Medium
2026-07-04,18:00,City Center,577,20,Sunny,39,84,1663,No,None,No,Very High
2026-02-03,03:00,Airport Road,174,63,Sunny,33,43,768,No,None,No,Low
2026-10-10,12:30,Bus Stand Road,253,58,Sunny,22,81,1254,Yes,None,No,Medium
2026-06-30,16:15,MG Road,218,64,Foggy,40,41,979,Yes,Festival,No,Medium
2026-03-17,05:45,Bus Stand Road,315,52,Sunny,20,79,1618,Yes,None,Yes,Medium
2026-06-23,07:30,City Center,264,57,Rainy,31,88,1612,No,Concert,No,Medium
2026-07-29,06:30,City Center,64,76,Foggy,23,69,689,Yes,None,No,Low
2026-08-30,23:45,College Road,310,52,Foggy,36,61,619,No,None,No,Medium
2026-06-13,09:15,College Road,503,29,Sunny,26,59,356,Yes,None,No,Very High
2026-09-03,20:00,Market Road,166,63,Foggy,20,72,349,No,Sports Match,No,Low
2026-08-14,06:00,Bus Stand Road,319,54,Foggy,20,54,459,No,None,No,Medium
2026-09-22,04:00,City Center,77,77,Cloudy,30,89,1411,No,None,No,Low
2026-06-27,21:45,Station Road,201,64,Foggy,27,88,885,No,None,No,Medium
2026-06-18,20:00,MG Road,278,49,Sunny,38,61,1317,Yes,None,No,Medium
2026-06-12,13:00,Bus Stand Road,176,64,Rainy,33,60,1699,Yes,Sports Match,No,Low
2026-04-26,12:00,MG Road,215,63,Foggy,34,92,595,No,Festival,No,Medium
2026-07-21,14:15,College Road,211,58,Cloudy,26,52,903,Yes,None,No,Medium
2026-08-06,04:45,Station Road,173,60,Rainy,28,86,632,No,None,Yes,Low
2026-08-08,16:30,Airport Road,221,62,Cloudy,27,67,1774,No,None,No,Medium
2026-02-15,20:30,Airport Road,151,65,Cloudy,40,92,921,No,None,No,Low
2026-09-21,09:15,College Road,351,40,Foggy,33,69,1066,Yes,None,No,High
2026-05-01,23:45,Ring Road,55,79,Sunny,30,71,1533,No,None,No,Low
2026-07-01,10:45,Airport Road,337,48,Cloudy,40,60,1404,Yes,None,No,Medium
2026-02-25,13:00,Market Road,102,71,Sunny,25,95,1254,No,Festival,No,Low
2026-03-28,06:00,City Center,345,46,Foggy,24,72,1181,No,None,No,Medium
2026-08-17,10:15,Station Road,178,66,Rainy,22,94,1780,Yes,None,No,Low
2026-01-02,09:30,Market Road,565,26,Sunny,30,71,818,Yes,None,No,Very High
2026-02-02,23:45,Bus Stand Road,234,55,Sunny,21,71,1702,No,None,No,Medium
2026-08-21,20:00,Bus Stand Road,100,69,Foggy,34,92,1388,No,None,No,Low
2026-09-03,06:15,Bus Stand Road,140,64,Cloudy,32,55,1422,No,None,No,Low
2026-05-26,06:00,MG Road,205,58,Sunny,21,68,816,No,Concert,No,Medium
2026-03-08,04:45,Ring Road,211,58,Foggy,28,85,1057,No,Festival,No,Medium
2026-09-10,10:30,Station Road,320,46,Cloudy,32,41,1624,Yes,None,No,Medium
2026-05-28,17:00,City Center,547,21,Sunny,21,86,1681,Yes,Festival,No,Very High
2026-10-24,09:30,Ring Road,446,37,Rainy,35,60,547,No,None,No,High
2026-03-31,00:00,Bus Stand Road,313,50,Cloudy,24,91,1674,No,None,No,Medium
2026-04-22,15:15,College Road,322,45,Rainy,24,63,799,Yes,None,No,Medium
2026-02-20,20:00,MG Road,126,72,Cloudy,32,42,1699,No,None,No,Low
2026-08-02,19:15,College Road,493,35,Rainy,21,91,1151,No,Sports Match,No,High
2026-12-19,06:45,MG Road,284,52,Cloudy,22,78,1769,No,None,No,Medium
2026-12-17,21:45,Market Road,336,49,Sunny,26,88,1053,Yes,None,No,Medium
2026-01-26,05:45,MG Road,236,56,Rainy,22,43,742,Yes,None,No,Medium
2026-11-14,19:30,Airport Road,484,35,Rainy,29,60,858,Yes,None,No,High
2026-10-08,11:30,Airport Road,200,60,Sunny,34,67,1271,No,None,No,Medium
2026-03-16,09:15,Bus Stand Road,359,50,Foggy,31,91,1086,No,None,No,High
2026-07-31,06:30,Ring Road,77,72,Foggy,20,63,630,No,None,No,Low
2026-02-14,15:00,Market Road,87,70,Rainy,20,66,773,No,None,No,Low
2026-02-10,22:30,Airport Road,257,53,Rainy,34,73,573,No,None,No,Medium
2026-09-14,11:45,Station Road,161,63,Sunny,37,77,1094,Yes,None,No,Low
2026-08-04,05:15,College Road,339,42,Rainy,37,68,684,No,None,No,Medium
2026-03-01,22:45,Airport Road,338,48,Sunny,29,91,1101,Yes,None,No,Medium
2026-12-06,05:45,Ring Road,329,45,Foggy,26,54,1671,No,Festival,No,Medium
2026-08-28,19:00,College Road,499,27,Cloudy,36,46,595,Yes,None,No,High
2026-05-19,18:45,College Road,505,28,Foggy,26,56,1270,No,None,No,Very High
2026-08-19,03:15,College Road,262,55,Cloudy,36,58,486,Yes,None,No,Medium
2026-11-22,16:45,Airport Road,64,76,Foggy,24,51,647,No,None,Yes,Low
2026-07-28,04:15,MG Road,321,46,Sunny,39,54,724,Yes,None,No,Medium
2026-07-29,20:30,MG Road,310,54,Foggy,27,56,1030,No,Festival,No,Medium
2026-10-25,04:15,Airport Road,207,62,Rainy,22,70,328,No,None,No,Medium
2026-02-24,15:15,Bus Stand Road,104,68,Rainy,40,82,314,Yes,None,Yes,Low
2026-04-13,05:00,Ring Road,220,62,Cloudy,27,88,1254,No,None,No,Medium
2026-02-20,13:30,City Center,214,60,Cloudy,33,85,989,No,None,Yes,Medium
2026-11-21,05:30,MG Road,88,72,Sunny,22,43,1553,No,None,No,Low
2026-04-16,00:00,Market Road,260,56,Rainy,39,51,1176,No,None,Yes,Medium
2026-04-24,01:00,College Road,52,75,Rainy,27,87,705,No,None,No,Low
2026-09-03,01:30,Airport Road,306,46,Rainy,25,48,1381,No,None,No,Medium
2026-03-21,09:00,Station Road,506,34,Sunny,33,61,1000,No,None,No,Very High
2026-01-24,11:00,Bus Stand Road,336,44,Rainy,31,61,1769,Yes,None,No,Medium
2026-11-11,21:15,Airport Road,341,50,Rainy,21,47,1420,No,None,No,Medium
2026-10-13,20:15,MG Road,248,54,Sunny,25,65,301,No,None,No,Medium
2026-08-10,16:45,MG Road,62,76,Cloudy,39,65,1675,No,Concert,No,Low
2026-06-17,15:00,MG Road,116,73,Foggy,31,64,1172,Yes,None,No,Low
2026-03-23,11:30,MG Road,329,44,Sunny,23,55,1396,Yes,None,No,Medium
2026-07-19,05:30,Market Road,301,46,Cloudy,40,78,1476,Yes,Sports Match,No,Medium
2026-12-24,05:45,Bus Stand Road,312,51,Cloudy,37,44,1545,No,None,No,Medium
2026-12-23,17:45,MG Road,493,30,Cloudy,20,54,820,No,None,No,High
2026-11-29,09:45,MG Road,378,39,Cloudy,34,86,655,No,None,No,High
2026-06-17,20:00,Station Road,294,52,Sunny,32,55,1551,Yes,None,Yes,Medium
2026-11-19,01:00,MG Road,227,58,Sunny,33,73,1091,Yes,Festival,No,Medium
2026-02-10,14:15,College Road,139,72,Cloudy,28,62,300,Yes,None,No,Low
2026-04-16,11:45,Ring Road,89,75,Sunny,29,89,638,No,None,No,Low
2026-09-10,11:15,Ring Road,324,46,Sunny,34,75,543,Yes,None,No,Medium
2026-05-09,02:30,Airport Road,97,75,Sunny,36,42,604,Yes,None,No,Low
2026-01-10,10:30,Ring Road,56,70,Rainy,32,54,1014,No,None,No,Low
2026-11-16,23:15,Bus Stand Road,191,57,Foggy,29,55,388,Yes,None,No,Medium
2026-01-28,01:30,Ring Road,312,51,Sunny,32,40,1625,Yes,None,No,Medium
2026-08-03,06:15,City Center,267,52,Foggy,21,53,455,No,Sports Match,No,Medium
2026-07-30,21:00,Station Road,297,47,Foggy,40,47,698,Yes,None,No,Medium
2026-04-07,07:00,MG Road,301,47,Foggy,31,79,319,No,None,No,Medium
2026-05-19,23:00,MG Road,101,73,Cloudy,30,54,1397,No,None,No,Low
2026-02-12,03:00,City Center,261,52,Rainy,34,86,1000,No,None,No,Medium
2026-05-19,01:30,Airport Road,336,47,Rainy,34,78,1262,No,None,No,Medium
2026-03-17,23:00,City Center,243,58,Sunny,35,78,1497,Yes,None,No,Medium
2026-04-28,02:15,Market Road,77,77,Cloudy,21,41,1330,Yes,None,No,Low
2026-11-17,20:15,Bus Stand Road,216,54,Cloudy,37,63,883,No,None,No,Medium
2026-06-21,12:45,College Road,66,79,Foggy,38,83,774,No,None,No,Low
2026-09-26,11:15,College Road,227,57,Sunny,32,89,1662,Yes,None,No,Medium
2026-08-08,15:45,Market Road,299,52,Sunny,26,63,1308,Yes,None,No,Medium
2026-07-07,23:15,City Center,150,60,Cloudy,26,79,1426,No,None,No,Low
2026-01-01,10:30,Ring Road,269,54,Foggy,24,93,604,Yes,None,No,Medium
2026-11-17,18:00,Airport Road,504,35,Rainy,25,59,1719,Yes,None,No,Very High
2026-07-22,23:15,Market Road,119,73,Foggy,34,63,1265,No,None,No,Low
2026-10-28,01:00,Market Road,151,62,Rainy,32,89,415,Yes,None,No,Low
2026-05-24,05:15,Station Road,201,55,Sunny,22,67,886,Yes,None,No,Medium
2026-01-28,13:45,Bus Stand Road,342,47,Sunny,24,92,302,No,None,No,Medium
2026-02-26,01:30,City Center,144,62,Cloudy,23,82,769,Yes,Festival,No,Low
2026-06-05,02:00,Ring Road,290,48,Sunny,32,59,791,Yes,None,No,Medium
2026-03-19,18:15,Airport Road,473,35,Sunny,31,52,1439,Yes,None,No,High
2026-05-08,02:00,City Center,213,54,Foggy,37,94,675,No,None,No,Medium
2026-09-23,17:30,Station Road,538,31,Foggy,23,84,1542,Yes,None,No,Very High
2026-09-21,11:15,Market Road,237,60,Foggy,35,78,1373,Yes,None,No,Medium
2026-08-31,13:00,College Road,131,68,Foggy,24,62,333,Yes,None,No,Low
2026-02-07,01:30,MG Road,300,47,Sunny,34,77,1504,No,None,Yes,Medium
2026-08-25,14:45,Station Road,230,57,Cloudy,37,72,553,No,None,No,Medium
2026-02-12,00:45,MG Road,178,61,Cloudy,37,67,438,Yes,None,No,Low
2026-11-26,15:30,Airport Road,316,54,Rainy,38,47,428,No,None,No,Medium
2026-10-26,21:45,College Road,235,57,Foggy,21,59,703,No,None,No,Medium
2026-05-23,00:15,Bus Stand Road,253,60,Sunny,28,72,1329,Yes,Festival,No,Medium
2026-06-19,12:00,College Road,70,76,Foggy,20,46,718,No,None,No,Low
2026-05-14,15:45,Ring Road,163,68,Cloudy,22,80,1575,Yes,None,No,Low
2026-11-25,19:15,Station Road,514,24,Cloudy,21,67,504,Yes,None,No,Very High
2026-10-16,19:30,College Road,370,40,Rainy,39,60,355,Yes,None,No,High
2026-09-17,01:15,College Road,74,70,Sunny,31,65,1669,No,None,No,Low
2026-10-26,15:45,Bus Stand Road,333,42,Foggy,35,87,435,No,None,No,Medium
2026-10-05,17:45,Ring Road,501,29,Cloudy,30,79,1138,Yes,None,No,Very High
2026-08-28,09:15,MG Road,460,35,Sunny,28,94,1260,No,None,No,High
2026-07-19,12:00,College Road,329,50,Cloudy,29,91,977,Yes,None,No,Medium
2026-09-07,00:00,MG Road,238,62,Foggy,28,70,757,No,Concert,No,Medium
2026-08-30,20:30,Market Road,202,64,Rainy,36,42,910,No,None,No,Medium
2026-10-20,22:45,Airport Road,228,56,Cloudy,30,85,804,Yes,Concert,No,Medium
2026-03-16,15:45,MG Road,94,71,Rainy,29,69,345,No,None,No,Low
2026-01-18,06:00,Bus Stand Road,294,50,Cloudy,30,76,881,No,None,No,Medium
2026-01-11,15:30,Bus Stand Road,170,60,Cloudy,33,60,1181,Yes,Sports Match,No,Low
2026-11-13,23:45,MG Road,283,54,Rainy,30,52,1773,Yes,None,No,Medium
2026-10-10,03:00,Market Road,157,65,Cloudy,26,71,1544,No,None,No,Low
2026-08-02,03:15,Station Road,284,56,Cloudy,25,40,341,No,None,No,Medium
2026-07-18,00:30,Bus Stand Road,209,57,Rainy,30,61,935,No,Festival,Yes,Medium
2026-12-22,14:15,City Center,150,68,Foggy,23,42,300,No,None,Yes,Low
2026-06-07,17:30,Market Road,546,23,Cloudy,25,45,1414,Yes,None,No,Very High
2026-02-14,13:45,College Road,140,67,Cloudy,37,49,942,No,None,No,Low
2026-04-06,08:15,Airport Road,588,27,Rainy,29,84,956,No,None,No,Very High
2026-10-03,00:00,MG Road,156,66,Foggy,23,41,543,Yes,Festival,No,Low
2026-01-09,15:30,Bus Stand Road,270,51,Sunny,28,74,1357,No,None,No,Medium
2026-01-10,19:00,Bus Stand Road,460,35,Sunny,40,63,754,Yes,None,Yes,High
2026-10-09,14:00,Airport Road,202,61,Rainy,34,47,671,Yes,None,No,Medium
2026-07-30,22:15,Airport Road,286,51,Cloudy,29,52,1265,No,None,No,Medium
2026-01-07,17:15,Ring Road,417,39,Sunny,20,74,563,Yes,None,No,High
2026-01-03,16:45,City Center,292,55,Sunny,33,54,374,Yes,None,No,Medium
2026-04-09,08:15,Station Road,356,45,Cloudy,40,79,1142,No,None,No,High
2026-05-22,21:45,MG Road,76,68,Rainy,39,93,1393,No,Festival,No,Low
2026-02-20,04:30,Ring Road,93,74,Foggy,25,45,1571,No,None,No,Low
2026-04-16,17:30,City Center,372,40,Cloudy,22,59,1659,No,None,No,High
2026-09-13,22:15,Ring Road,236,62,Sunny,37,74,1628,Yes,None,No,Medium
2026-07-10,15:00,Market Road,107,73,Sunny,25,81,931,No,None,No,Low
2026-07-12,22:30,Airport Road,334,51,Cloudy,31,46,1625,Yes,None,No,Medium
2026-12-28,16:30,Airport Road,255,57,Rainy,26,42,1142,No,None,No,Medium
2026-08-03,02:30,Market Road,333,50,Rainy,34,85,1093,Yes,Concert,No,Medium
2026-04-29,07:45,Ring Road,204,60,Cloudy,25,64,1226,Yes,None,No,Medium
2026-10-07,03:45,MG Road,328,50,Cloudy,25,93,1312,Yes,None,No,Medium
2026-08-07,13:30,Ring Road,162,62,Sunny,26,54,1106,No,None,No,Low
2026-04-21,11:45,MG Road,53,73,Cloudy,38,62,345,No,Concert,No,Low
2026-07-23,06:45,Station Road,322,52,Foggy,31,55,449,No,None,No,Medium
2026-07-22,13:45,MG Road,231,59,Rainy,38,70,961,No,None,No,Medium
2026-07-31,01:30,Bus Stand Road,300,49,Foggy,21,84,1490,No,None,No,Medium
2026-10-10,11:00,Bus Stand Road,192,60,Cloudy,33,56,1219,Yes,None,No,Medium
2026-10-15,16:45,MG Road,133,72,Sunny,30,54,732,No,None,No,Low
2026-08-15,05:15,College Road,86,77,Cloudy,36,67,744,No,None,Yes,Low
2026-07-04,23:30,College Road,333,48,Rainy,35,53,1599,Yes,Concert,Yes,Medium
2026-10-07,05:45,Ring Road,267,51,Cloudy,22,63,475,Yes,None,No,Medium
2026-02-27,00:45,Ring Road,288,53,Foggy,30,44,852,No,None,No,Medium
2026-07-20,07:45,College Road,213,63,Foggy,23,95,1576,No,None,Yes,Medium
2026-09-10,16:00,Bus Stand Road,135,72,Cloudy,22,78,1669,Yes,None,No,Low
2026-03-13,00:30,Bus Stand Road,235,52,Foggy,28,92,1566,No,None,Yes,Medium
2026-05-13,01:15,City Center,342,42,Sunny,34,66,417,Yes,None,No,Medium
2026-05-06,15:00,Ring Road,73,69,Cloudy,37,74,1051,Yes,None,No,Low
2026-11-29,04:00,College Road,137,63,Sunny,29,83,601,No,Festival,No,Low
2026-12-19,16:45,Ring Road,299,49,Foggy,21,48,1792,No,None,No,Medium
2026-08-05,18:15,Bus Stand Road,416,41,Rainy,26,89,823,Yes,None,No,High
2026-06-13,02:45,Airport Road,284,52,Cloudy,26,67,1251,No,None,No,Medium
2026-09-22,17:00,Station Road,475,31,Rainy,33,85,1369,No,None,No,High
2026-10-11,17:45,Market Road,449,37,Rainy,38,89,762,No,None,No,High
2026-09-10,13:00,Ring Road,70,74,Rainy,40,71,713,Yes,Concert,No,Low
2026-12-11,04:45,City Center,83,69,Sunny,39,91,1473,Yes,None,No,Low
2026-07-26,07:30,City Center,303,45,Rainy,33,48,343,Yes,None,No,Medium
2026-07-29,06:00,MG Road,175,66,Foggy,31,58,1275,No,None,No,Low
2026-05-15,16:15,College Road,332,49,Sunny,23,50,1548,No,None,Yes,Medium
2026-08-01,21:30,Market Road,77,70,Sunny,27,60,956,No,None,No,Low
2026-02-23,17:45,City Center,357,50,Foggy,24,73,921,No,None,No,High
2026-09-10,13:30,Market Road,66,72,Foggy,40,50,1792,No,None,Yes,Low
2026-01-11,01:15,City Center,96,67,Sunny,38,46,1017,Yes,None,No,Low
2026-01-24,12:30,Airport Road,148,66,Foggy,27,55,586,No,None,No,Low
2026-11-19,01:00,Ring Road,279,50,Rainy,36,93,343,Yes,None,No,Medium
2026-04-07,00:00,Bus Stand Road,78,73,Sunny,29,62,1170,Yes,None,No,Low
2026-06-11,08:15,Bus Stand Road,608,24,Rainy,35,42,1462,No,None,Yes,Very High
2026-10-23,17:00,Bus Stand Road,544,28,Rainy,36,81,499,No,None,No,Very High
2026-09-28,23:45,Bus Stand Road,320,48,Rainy,33,82,1305,Yes,None,No,Medium
2026-12-19,06:15,Airport Road,272,51,Rainy,36,60,307,No,Festival,No,Medium
2026-07-23,00:15,City Center,147,62,Sunny,26,71,1569,Yes,None,No,Low
2026-04-08,23:15,College Road,162,63,Foggy,25,52,1023,No,Sports Match,No,Low
2026-02-17,01:30,Ring Road,73,70,Rainy,32,86,1373,No,None,No,Low
2026-11-06,19:30,Ring Road,590,20,Sunny,27,46,1322,No,None,No,Very High
2026-11-24,02:15,College Road,191,60,Rainy,39,86,1233,Yes,None,No,Medium
2026-04-02,18:30,Market Road,472,38,Foggy,31,42,1205,Yes,Concert,No,High
2026-11-16,00:00,MG Road,130,62,Cloudy,25,45,378,Yes,None,No,Low
2026-04-14,10:30,Market Road,330,46,Foggy,21,81,1271,Yes,Concert,Yes,Medium
2026-09-07,03:00,Station Road,51,70,Cloudy,38,69,865,No,None,No,Low
2026-10-08,04:15,Bus Stand Road,229,61,Foggy,21,51,1750,No,None,No,Medium
2026-08-21,00:30,Station Road,309,46,Foggy,20,84,1330,Yes,None,Yes,Medium
2026-04-01,16:30,Ring Road,124,65,Sunny,22,94,622,No,Sports Match,Yes,Low
2026-01-30,03:15,Bus Stand Road,99,67,Foggy,39,46,1704,No,None,No,Low
2026-12-21,11:00,Airport Road,100,73,Foggy,40,59,1359,Yes,None,No,Low
2026-03-13,14:30,Bus Stand Road,313,44,Sunny,40,84,619,No,None,No,Medium
2026-07-29,01:45,Station Road,264,53,Foggy,34,87,825,No,None,No,Medium
2026-01-17,08:00,MG Road,414,37,Sunny,28,78,813,No,None,Yes,High
2026-05-09,10:00,MG Road,69,78,Sunny,20,47,1452,No,None,No,Low
2026-04-22,10:30,Bus Stand Road,119,71,Sunny,24,65,1397,No,Sports Match,No,Low
2026-12-08,02:15,City Center,323,49,Rainy,25,85,708,No,None,No,Medium
2026-09-11,13:00,City Center,327,49,Rainy,25,40,509,No,None,No,Medium
2026-06-22,06:15,Airport Road,158,63,Rainy,24,41,1781,No,None,No,Low
2026-12-15,19:45,MG Road,480,31,Foggy,21,50,1112,Yes,None,No,High
2026-10-02,06:00,Market Road,220,55,Rainy,28,85,557,No,None,No,Medium
2026-05-21,13:15,Market Road,274,58,Foggy,26,65,932,No,Festival,No,Medium
2026-01-31,02:15,Market Road,227,53,Cloudy,29,91,1631,No,None,No,Medium
2026-09-16,20:00,Ring Road,99,69,Cloudy,32,57,528,Yes,None,No,Low
2026-09-10,12:15,Ring Road,162,68,Rainy,27,71,986,Yes,None,No,Low
2026-02-17,22:15,College Road,342,49,Cloudy,35,60,726,No,None,No,Medium
2026-06-05,14:45,Ring Road,151,66,Rainy,33,59,1363,No,None,No,Low
2026-11-21,22:45,Market Road,200,63,Rainy,24,59,1171,Yes,None,No,Medium
2026-11-17,17:00,Station Road,452,33,Foggy,30,89,1413,Yes,None,No,High
2026-04-05,16:00,MG Road,55,72,Cloudy,33,88,1105,Yes,None,No,Low
2026-03-10,21:00,Market Road,125,68,Cloudy,28,82,1534,Yes,None,No,Low
2026-01-16,01:15,Ring Road,173,63,Foggy,33,81,346,Yes,None,No,Low
2026-10-17,10:45,College Road,97,68,Cloudy,29,87,919,Yes,Concert,No,Low
2026-02-12,19:15,College Road,626,19,Rainy,28,47,440,No,None,No,Very High
2026-11-14,15:30,College Road,198,59,Cloudy,25,74,1434,No,Sports Match,Yes,Medium
2026-03-25,21:45,City Center,180,57,Cloudy,22,47,1788,Yes,None,No,Low
2026-02-06,14:45,City Center,247,58,Cloudy,30,52,1463,Yes,None,No,Medium
2026-11-17,15:30,Bus Stand Road,165,66,Foggy,20,41,1732,Yes,Concert,No,Low
2026-04-22,14:30,Ring Road,203,58,Cloudy,37,85,1130,No,None,No,Medium
2026-04-07,02:00,College Road,248,52,Rainy,23,78,846,Yes,Festival,No,Medium
2026-02-15,10:00,Bus Stand Road,255,56,Sunny,26,88,698,Yes,Concert,No,Medium
2026-03-16,00:45,College Road,198,58,Rainy,20,67,704,No,Sports Match,No,Medium
2026-07-18,15:00,Bus Stand Road,189,63,Rainy,33,86,456,No,None,Yes,Medium
2026-05-30,05:30,Bus Stand Road,56,74,Cloudy,23,61,506,No,None,No,Low
2026-11-08,17:00,College Road,625,14,Cloudy,37,55,347,Yes,None,No,Very High
2026-08-01,02:30,College Road,51,79,Foggy,21,78,689,No,Festival,No,Low
2026-04-27,16:00,City Center,67,72,Rainy,32,91,1490,No,None,No,Low
2026-06-01,03:30,Market Road,333,47,Sunny,39,90,719,No,Sports Match,No,Medium
2026-07-26,01:00,College Road,335,45,Rainy,38,42,1375,Yes,None,No,Medium
2026-08-01,06:00,Bus Stand Road,287,57,Rainy,31,85,934,Yes,None,No,Medium
2026-07-02,04:45,Bus Stand Road,293,54,Foggy,35,64,1151,Yes,Sports Match,No,Medium
2026-02-15,18:45,Airport Road,576,25,Cloudy,25,90,876,Yes,None,No,Very High
2026-08-05,07:30,Bus Stand Road,237,52,Foggy,34,43,1289,No,None,No,Medium
2026-12-09,10:45,MG Road,223,63,Rainy,38,46,955,No,None,No,Medium
2026-06-10,06:00,City Center,219,55,Rainy,24,70,513,Yes,None,Yes,Medium
2026-02-22,00:00,Station Road,126,65,Foggy,25,95,1368,Yes,None,No,Low
2026-08-23,20:15,Bus Stand Road,274,49,Cloudy,21,62,725,Yes,None,No,Medium
2026-08-21,17:30,City Center,579,23,Foggy,35,58,755,Yes,Festival,No,Very High
2026-10-27,19:00,MG Road,528,23,Foggy,24,66,1466,No,None,No,Very High
2026-03-19,06:15,City Center,100,71,Cloudy,33,88,432,No,Festival,No,Low
2026-06-16,23:30,Airport Road,216,57,Rainy,26,83,644,Yes,None,No,Medium
2026-03-13,15:30,Airport Road,264,53,Rainy,31,89,1045,No,None,No,Medium
2026-05-25,19:30,Bus Stand Road,553,27,Cloudy,31,60,661,Yes,None,No,Very High
2026-05-18,05:15,Market Road,260,51,Cloudy,29,79,822,Yes,None,No,Medium
2026-11-02,04:45,MG Road,108,69,Cloudy,22,53,510,No,None,No,Low
2026-09-28,02:45,Ring Road,66,79,Foggy,22,88,1130,No,None,No,Low
2026-06-30,18:30,Bus Stand Road,387,43,Rainy,25,95,1309,No,None,No,High
2026-10-27,16:45,Airport Road,271,55,Foggy,37,47,597,No,None,No,Medium
2026-02-06,11:45,Airport Road,293,52,Cloudy,38,49,857,Yes,None,No,Medium
2026-06-05,01:30,Airport Road,109,66,Sunny,20,74,836,No,None,No,Low
2026-06-20,18:15,Bus Stand Road,351,40,Foggy,39,55,462,Yes,Festival,No,High
2026-05-22,08:45,Market Road,578,19,Foggy,40,70,367,No,None,No,Very High
2026-03-18,08:45,Airport Road,509,32,Rainy,22,63,453,No,None,No,Very High
2026-06-02,18:30,City Center,606,17,Sunny,20,92,468,No,None,No,Very High
2026-12-31,14:15,Market Road,285,57,Foggy,38,74,934,Yes,None,No,Medium
2026-06-29,12:30,City Center,342,43,Foggy,25,75,695,Yes,None,No,Medium
2026-08-04,10:00,Airport Road,120,70,Rainy,30,89,692,No,None,No,Low
2026-12-03,16:45,Bus Stand Road,63,77,Rainy,31,51,512,Yes,None,No,Low
2026-03-27,13:15,Market Road,317,53,Rainy,36,61,604,Yes,None,No,Medium
2026-01-13,14:45,Market Road,336,47,Sunny,31,56,1596,Yes,None,No,Medium
2026-12-03,11:00,Bus Stand Road,104,70,Sunny,35,73,1102,No,None,No,Low
2026-06-04,10:00,College Road,133,66,Rainy,34,54,1537,Yes,None,No,Low
2026-12-19,04:45,College Road,149,70,Cloudy,31,87,1601,No,None,No,Low
2026-07-21,07:15,MG Road,195,63,Rainy,28,54,976,Yes,Sports Match,No,Medium
2026-12-25,17:00,Bus Stand Road,471,29,Sunny,20,67,1327,No,Festival,No,High
2026-03-08,07:30,Market Road,80,76,Foggy,28,84,1112,Yes,None,No,Low
2026-02-22,13:45,Bus Stand Road,293,55,Sunny,23,78,607,No,None,No,Medium
2026-05-08,09:30,College Road,475,32,Rainy,37,63,729,Yes,None,No,High
2026-01-25,16:15,Station Road,53,79,Foggy,38,52,323,Yes,None,No,Low
2026-04-02,06:30,City Center,301,51,Sunny,37,63,979,No,None,No,Medium
2026-08-31,11:30,Bus Stand Road,201,60,Cloudy,24,59,1455,No,None,Yes,Medium
2026-02-23,03:00,College Road,148,63,Foggy,32,84,1238,No,Concert,No,Low
2026-02-02,00:30,MG Road,165,61,Foggy,32,41,923,No,None,No,Low
2026-10-10,13:30,Market Road,264,59,Rainy,38,46,358,No,None,No,Medium
2026-05-20,18:30,College Road,645,12,Rainy,24,49,572,No,None,No,Very High
2026-12-24,15:15,Station Road,104,67,Foggy,25,41,806,Yes,None,No,Low
2026-10-09,23:00,Station Road,118,73,Rainy,34,46,533,Yes,None,No,Low
2026-02-04,09:45,Ring Road,412,35,Rainy,38,82,937,Yes,Concert,No,High
2026-03-09,16:30,Airport Road,193,59,Foggy,38,46,1749,No,None,No,Medium
2026-09-13,14:00,Station Road,139,69,Foggy,22,83,1719,Yes,Festival,No,Low
2026-03-07,12:00,Bus Stand Road,181,64,Foggy,36,76,879,Yes,None,No,Medium
2026-02-21,08:15,Airport Road,574,26,Cloudy,29,44,1408,No,None,No,Very High
2026-09-13,22:30,Station Road,147,65,Cloudy,33,56,1685,No,None,No,Low
2026-12-02,11:45,Airport Road,218,63,Foggy,24,76,1238,Yes,Festival,No,Medium
2026-12-05,10:15,City Center,97,74,Sunny,34,68,1069,No,None,No,Low
2026-06-15,17:30,College Road,615,19,Foggy,31,93,573,Yes,None,No,Very High
2026-06-22,15:45,Bus Stand Road,209,58,Cloudy,29,95,455,Yes,None,No,Medium
2026-03-27,22:45,City Center,241,60,Foggy,34,82,359,No,None,No,Medium
2026-05-30,12:00,Bus Stand Road,145,68,Foggy,36,87,1006,Yes,None,No,Low
2026-09-16,15:30,MG Road,346,51,Sunny,40,63,964,No,None,No,Medium
2026-08-07,01:15,Bus Stand Road,137,66,Rainy,33,77,468,Yes,None,No,Low
2026-03-18,04:30,Station Road,151,67,Cloudy,29,78,667,No,Festival,No,Low
2026-06-03,07:45,MG Road,244,55,Cloudy,28,66,1715,Yes,Sports Match,Yes,Medium
2026-08-07,07:00,City Center,107,71,Sunny,20,66,841,No,None,No,Low
2026-11-06,13:30,Airport Road,110,73,Cloudy,36,95,715,No,None,No,Low
2026-08-20,07:15,Station Road,199,56,Foggy,39,90,1148,No,None,No,Medium
2026-12-13,09:30,Station Road,556,29,Rainy,35,65,589,Yes,None,Yes,Very High
2026-02-26,00:45,City Center,227,59,Foggy,23,53,1197,Yes,None,No,Medium
2026-10-01,12:30,MG Road,138,70,Cloudy,22,63,1516,Yes,None,No,Low
2026-02-02,23:45,Station Road,126,68,Cloudy,20,72,1091,Yes,None,No,Low
2026-11-15,11:00,Airport Road,318,51,Sunny,29,47,466,No,None,No,Medium
2026-01-31,01:15,Airport Road,50,75,Rainy,31,72,728,Yes,None,No,Low
2026-08-12,00:45,College Road,195,61,Rainy,39,70,1718,No,None,No,Medium
2026-07-02,07:45,Ring Road,81,72,Foggy,40,67,613,No,None,No,Low
2026-02-28,05:00,City Center,227,54,Cloudy,36,76,1567,No,None,No,Medium
2026-04-23,13:30,City Center,118,72,Cloudy,32,47,1116,No,None,Yes,Low
2026-07-17,23:15,College Road,52,79,Sunny,40,42,1371,No,None,No,Low
2026-02-09,03:45,Airport Road,293,49,Cloudy,34,59,632,Yes,Festival,No,Medium
2026-10-25,12:15,MG Road,304,48,Sunny,33,83,1267,No,Concert,No,Medium
2026-11-15,22:15,College Road,269,57,Sunny,26,82,1156,Yes,None,No,Medium
2026-11-16,11:45,Ring Road,216,59,Cloudy,22,89,519,No,Festival,No,Medium
2026-09-19,01:15,City Center,102,69,Foggy,38,88,484,No,None,No,Low
2026-04-25,16:45,Ring Road,177,63,Cloudy,35,82,731,No,None,Yes,Low
2026-05-24,15:45,Station Road,166,68,Foggy,21,46,956,Yes,None,No,Low
2026-11-25,01:00,MG Road,311,48,Foggy,24,81,574,No,None,No,Medium
2026-01-13,12:15,College Road,154,70,Sunny,34,86,1509,No,Festival,No,Low
2026-05-25,07:15,Station Road,217,60,Rainy,25,74,489,Yes,None,No,Medium
2026-09-29,05:15,Bus Stand Road,117,70,Foggy,28,48,1516,Yes,None,No,Low
2026-06-30,21:15,City Center,130,69,Foggy,22,57,1599,No,None,No,Low
2026-09-10,18:45,Ring Road,509,29,Sunny,25,91,1002,Yes,None,No,Very High
2026-07-20,07:15,Station Road,174,62,Cloudy,35,91,300,No,None,No,Low
2026-10-29,05:45,Airport Road,311,45,Foggy,23,54,846,No,None,No,Medium
2026-11-25,05:30,City Center,340,42,Rainy,29,67,323,Yes,Sports Match,No,Medium
2026-02-06,21:30,Station Road,55,77,Foggy,33,62,477,No,None,No,Low
2026-11-22,22:15,Station Road,79,70,Rainy,40,72,1355,No,None,No,Low
2026-06-17,02:15,Bus Stand Road,250,57,Cloudy,40,86,1377,Yes,Festival,No,Medium
2026-03-15,12:45,City Center,316,44,Cloudy,26,69,1507,No,None,No,Medium
2026-12-09,22:45,Ring Road,186,62,Sunny,28,42,952,Yes,Concert,No,Medium
2026-09-19,14:45,Ring Road,66,75,Foggy,28,47,431,No,None,No,Low
2026-03-11,12:00,City Center,75,75,Cloudy,39,50,1749,Yes,None,No,Low
2026-04-21,00:00,Ring Road,151,60,Sunny,31,59,1681,Yes,None,No,Low
2026-01-27,03:45,Airport Road,165,61,Sunny,38,88,1724,No,None,No,Low
2026-06-08,07:15,Market Road,257,59,Sunny,27,86,680,Yes,None,No,Medium
2026-12-16,21:15,Ring Road,200,56,Foggy,29,77,1313,No,Sports Match,No,Medium
2026-07-06,14:15,Airport Road,339,49,Foggy,39,48,829,No,None,No,Medium
2026-01-23,11:00,Station Road,273,50,Rainy,34,41,1602,Yes,Concert,No,Medium
2026-06-11,06:00,Station Road,128,63,Sunny,35,87,662,No,None,No,Low
2026-12-20,13:30,Ring Road,261,55,Cloudy,34,89,674,No,Festival,Yes,Medium
2026-05-06,09:15,Station Road,503,31,Cloudy,21,68,1178,No,None,No,Very High
2026-08-22,05:15,College Road,157,65,Foggy,25,78,1011,Yes,Festival,No,Low
2026-03-09,03:15,Airport Road,150,66,Sunny,20,64,475,No,None,No,Low
2026-08-23,03:30,Market Road,84,73,Foggy,28,82,1337,No,None,No,Low
2026-03-21,17:15,Bus Stand Road,585,22,Cloudy,32,85,601,Yes,Concert,No,Very High
2026-12-07,03:30,College Road,106,67,Cloudy,36,52,604,No,Festival,No,Low
2026-07-30,12:45,Station Road,181,62,Foggy,40,87,422,Yes,None,No,Medium
2026-12-21,11:45,Bus Stand Road,305,48,Sunny,40,68,831,No,Festival,No,Medium
2026-12-26,20:30,MG Road,68,77,Sunny,37,88,1355,Yes,None,No,Low
2026-04-21,11:00,College Road,88,70,Cloudy,28,84,915,Yes,None,No,Low
2026-05-13,06:15,Bus Stand Road,152,61,Sunny,32,69,925,No,None,No,Low
2026-02-23,21:30,Ring Road,97,71,Sunny,22,50,924,No,None,No,Low
2026-05-04,05:45,Bus Stand Road,307,54,Sunny,35,87,1032,No,None,No,Medium
2026-01-25,14:30,City Center,124,71,Sunny,39,69,546,No,None,Yes,Low
2026-11-05,06:45,Bus Stand Road,110,73,Rainy,36,66,599,No,None,No,Low
2026-02-21,21:00,Bus Stand Road,94,69,Rainy,34,42,1727,Yes,None,No,Low
2026-04-27,18:00,Bus Stand Road,431,42,Sunny,29,54,1126,No,Festival,No,High
2026-07-23,04:30,Airport Road,327,44,Rainy,40,64,1081,Yes,None,No,Medium
2026-02-13,00:15,MG Road,73,73,Rainy,26,54,865,Yes,None,No,Low
2026-08-09,09:45,Ring Road,591,19,Rainy,38,70,953,No,None,No,Very High
2026-08-13,15:30,MG Road,229,57,Cloudy,20,80,1113,Yes,None,No,Medium
2026-07-15,08:45,City Center,633,16,Cloudy,39,95,739,No,None,No,Very High
2026-05-10,16:45,Bus Stand Road,102,65,Rainy,33,46,568,Yes,Sports Match,No,Low
2026-01-24,14:45,Bus Stand Road,229,54,Foggy,23,79,821,No,None,No,Medium
2026-04-23,19:30,City Center,614,18,Rainy,29,62,1505,No,None,No,Very High
2026-08-21,23:00,Market Road,153,70,Foggy,33,46,1497,Yes,None,No,Low
2026-08-12,20:45,Airport Road,173,64,Sunny,20,82,492,No,None,No,Low
2026-10-02,19:15,College Road,458,38,Cloudy,37,46,1263,No,Sports Match,No,High
2026-01-15,02:45,City Center,64,74,Cloudy,28,49,1483,Yes,None,No,Low
2026-01-02,10:00,Bus Stand Road,103,71,Cloudy,30,72,484,No,None,No,Low
2026-12-15,05:00,Bus Stand Road,108,71,Foggy,37,53,1157,Yes,Concert,No,Low
2026-09-06,19:30,Bus Stand Road,549,26,Rainy,25,51,1321,Yes,None,No,Very High
2026-02-02,20:45,MG Road,255,50,Rainy,30,91,845,No,Festival,No,Medium
2026-08-31,06:00,Ring Road,117,74,Sunny,39,41,1665,Yes,None,No,Low
2026-05-10,09:00,Ring Road,381,44,Sunny,25,59,1112,Yes,Sports Match,No,High
2026-05-12,04:00,Ring Road,80,67,Foggy,21,49,360,No,Sports Match,No,Low
2026-10-22,07:30,Market Road,237,61,Rainy,36,52,1423,Yes,Festival,No,Medium
2026-10-16,15:00,Station Road,222,61,Foggy,40,76,442,Yes,Festival,No,Medium
2026-09-18,21:00,Airport Road,285,55,Sunny,23,87,1712,Yes,None,No,Medium
2026-02-16,05:00,Airport Road,219,58,Rainy,22,60,367,Yes,None,Yes,Medium
2026-05-27,03:15,College Road,311,51,Rainy,20,61,1446,No,None,No,Medium
2026-01-18,09:45,Bus Stand Road,558,24,Foggy,37,50,1656,No,None,No,Very High
2026-01-08,11:45,Station Road,192,57,Cloudy,21,65,640,Yes,None,No,Medium
2026-02-01,15:30,Station Road,169,63,Rainy,37,56,1781,Yes,None,No,Low
2026-10-20,07:00,Bus Stand Road,70,72,Cloudy,24,86,1476,Yes,None,No,Low
2026-07-25,12:45,Ring Road,193,66,Foggy,25,94,797,No,None,No,Medium
2026-01-28,15:30,MG Road,85,77,Cloudy,21,87,447,Yes,None,Yes,Low
2026-12-21,05:45,Station Road,100,73,Foggy,27,57,1753,Yes,Sports Match,No,Low
2026-09-15,11:00,City Center,171,62,Rainy,34,45,1274,No,None,No,Low
2026-05-26,05:30,Bus Stand Road,94,75,Rainy,35,57,1051,Yes,None,No,Low
2026-08-18,15:15,Station Road,249,53,Sunny,39,43,1104,No,None,No,Medium
2026-02-05,14:45,College Road,102,68,Cloudy,30,94,1719,Yes,None,No,Low
2026-01-14,23:45,MG Road,311,52,Cloudy,28,75,1424,No,None,No,Medium
2026-09-16,01:45,Market Road,222,60,Cloudy,23,78,1348,Yes,Festival,No,Medium
2026-12-12,23:45,Ring Road,125,68,Sunny,37,57,1200,Yes,Festival,No,Low
2026-02-04,16:00,Station Road,314,53,Sunny,37,42,1193,No,Festival,No,Medium
2026-09-11,12:45,Ring Road,100,66,Sunny,25,52,745,Yes,None,No,Low
2026-06-05,02:00,MG Road,183,67,Rainy,21,43,1408,Yes,Festival,No,Medium
2026-04-20,05:45,MG Road,348,42,Sunny,23,89,683,Yes,Festival,No,Medium
2026-03-22,10:00,Station Road,321,50,Sunny,35,61,1114,No,None,No,Medium
2026-06-07,17:30,Station Road,445,31,Cloudy,26,50,427,No,None,No,High
2026-11-02,14:15,Ring Road,161,63,Rainy,38,67,355,No,None,No,Low
2026-06-27,23:45,Market Road,257,60,Cloudy,30,68,1713,No,None,No,Medium
2026-01-08,15:00,Ring Road,302,49,Sunny,20,89,1638,No,None,Yes,Medium
2026-07-04,17:30,Airport Road,514,29,Foggy,40,87,782,Yes,None,No,Very High
2026-06-26,05:00,Market Road,173,67,Sunny,29,93,1056,No,None,No,Low
2026-05-22,10:00,Airport Road,267,54,Cloudy,33,52,1266,Yes,None,Yes,Medium
2026-05-24,10:30,Ring Road,95,66,Rainy,27,42,352,No,None,No,Low
2026-06-24,14:15,Station Road,151,70,Rainy,30,92,1623,No,None,No,Low
2026-02-12,14:15,Station Road,120,72,Sunny,35,59,679,No,None,No,Low
2026-03-11,05:45,Ring Road,175,68,Cloudy,22,85,1436,Yes,None,Yes,Low
2026-09-07,04:45,Ring Road,275,57,Rainy,37,51,1461,No,None,No,Medium
2026-12-22,10:00,College Road,337,51,Sunny,30,62,332,No,None,Yes,Medium
2026-11-24,00:00,Bus Stand Road,94,73,Foggy,35,73,815,No,None,No,Low
2026-12-28,09:30,Market Road,499,27,Rainy,22,87,658,Yes,None,No,High
2026-10-19,10:15,Station Road,216,58,Foggy,34,71,1079,No,None,No,Medium
2026-01-11,23:30,MG Road,202,56,Foggy,21,73,1598,Yes,None,No,Medium
2026-04-24,20:00,College Road,180,57,Rainy,21,53,624,No,None,No,Low
2026-05-23,21:15,City Center,133,68,Sunny,35,82,1725,No,Concert,No,Low
2026-05-07,20:15,Ring Road,73,73,Cloudy,22,43,326,Yes,None,No,Low
2026-10-03,00:15,College Road,114,68,Rainy,32,85,438,Yes,None,No,Low
2026-03-18,19:45,Station Road,556,20,Rainy,29,79,1291,No,None,Yes,Very High
2026-11-29,18:00,Airport Road,424,33,Foggy,20,80,572,Yes,None,Yes,High
2026-10-11,02:15,Ring Road,334,47,Rainy,31,91,1566,Yes,None,No,Medium
2026-11-17,20:15,City Center,94,72,Foggy,33,90,510,No,Sports Match,No,Low
2026-10-29,21:45,Market Road,131,69,Sunny,29,93,1794,No,None,No,Low
2026-06-26,13:15,Ring Road,287,56,Cloudy,32,81,1004,No,None,No,Medium
2026-06-18,20:15,Ring Road,171,61,Foggy,34,45,693,Yes,None,No,Low
2026-09-12,04:00,Market Road,58,70,Sunny,31,46,985,No,Concert,Yes,Low
2026-05-20,16:00,Ring Road,188,58,Sunny,21,72,645,No,None,No,Medium
2026-04-25,00:45,Market Road,297,51,Rainy,21,64,707,Yes,None,No,Medium
2026-02-10,02:30,Ring Road,222,54,Foggy,33,65,1321,Yes,None,No,Medium
2026-06-28,07:15,Market Road,71,71,Cloudy,21,88,632,No,None,No,Low
2026-09-12,14:15,Market Road,188,57,Cloudy,34,46,576,Yes,None,No,Medium
2026-01-31,06:15,Ring Road,230,60,Cloudy,29,95,937,No,Concert,No,Medium
2026-10-01,09:00,Market Road,412,37,Cloudy,37,40,453,No,None,Yes,High
2026-04-08,00:15,College Road,244,55,Cloudy,32,64,379,No,None,No,Medium
2026-02-15,07:30,Market Road,81,76,Foggy,27,93,619,No,None,No,Low
2026-07-05,20:00,MG Road,229,60,Rainy,34,88,643,Yes,Sports Match,No,Medium
2026-03-18,20:30,Airport Road,323,48,Foggy,30,85,1307,Yes,None,Yes,Medium
2026-04-12,14:00,City Center,92,74,Foggy,30,59,323,Yes,Festival,No,Low
2026-11-20,18:45,Station Road,649,16,Cloudy,31,79,728,Yes,None,No,Very High
2026-06-07,05:45,Bus Stand Road,187,62,Rainy,30,54,551,No,None,No,Medium
2026-07-31,02:00,City Center,116,68,Rainy,33,49,779,No,None,No,Low
2026-06-12,15:15,City Center,133,72,Foggy,26,61,1525,No,Concert,No,Low
2026-11-17,16:30,MG Road,275,58,Sunny,35,46,1536,No,None,No,Medium
2026-09-09,21:30,Ring Road,210,62,Cloudy,29,89,1757,Yes,None,No,Medium
2026-08-25,16:00,Station Road,290,47,Rainy,28,64,1431,Yes,Sports Match,No,Medium
2026-06-09,15:45,College Road,349,49,Sunny,40,70,982,No,None,No,Medium
2026-02-18,08:30,Market Road,619,23,Cloudy,29,83,1081,No,None,Yes,Very High
2026-10-30,11:45,Station Road,71,71,Rainy,20,55,1660,Yes,None,No,Low
2026-02-14,22:30,Market Road,160,66,Cloudy,27,75,683,Yes,None,No,Low
2026-12-04,10:45,Bus Stand Road,71,75,Rainy,30,56,324,Yes,None,No,Low
2026-12-12,00:30,City Center,312,44,Foggy,33,84,318,Yes,None,No,Medium
2026-12-04,18:30,MG Road,464,30,Foggy,38,59,1742,No,None,Yes,High
2026-09-09,10:30,Station Road,60,74,Sunny,39,65,801,Yes,None,No,Low
2026-04-29,02:30,Market Road,235,54,Sunny,28,62,378,No,Festival,No,Medium
2026-03-11,10:15,City Center,83,69,Rainy,30,70,1027,Yes,None,No,Low
2026-03-24,13:00,City Center,178,58,Foggy,31,55,1529,Yes,None,No,Low
2026-04-03,06:30,Airport Road,214,54,Cloudy,36,66,837,Yes,Festival,No,Medium
2026-01-08,15:45,MG Road,286,55,Sunny,27,90,534,No,None,No,Medium
2026-12-24,06:45,College Road,163,68,Foggy,20,63,1154,Yes,None,No,Low
2026-12-22,03:00,Station Road,272,49,Foggy,26,53,1551,Yes,None,No,Medium
2026-10-29,11:15,City Center,132,72,Cloudy,40,88,1402,No,None,No,Low
2026-03-04,02:00,Station Road,188,66,Rainy,31,89,1281,Yes,None,No,Medium
2026-10-28,18:00,MG Road,350,41,Cloudy,23,92,662,Yes,None,No,Medium
2026-06-22,17:00,Airport Road,602,21,Rainy,23,62,1064,No,None,Yes,Very High
2026-12-11,17:45,Airport Road,520,24,Cloudy,29,80,1128,Yes,None,No,Very High
2026-03-22,12:45,Ring Road,151,63,Rainy,31,41,1164,Yes,None,No,Low
2026-07-23,03:15,MG Road,80,75,Rainy,34,63,911,Yes,None,No,Low
2026-09-12,00:45,Ring Road,195,58,Cloudy,34,89,1687,Yes,None,Yes,Medium
2026-10-02,00:15,City Center,217,64,Sunny,34,63,926,No,None,No,Medium
2026-12-01,23:00,Market Road,307,45,Rainy,20,63,308,Yes,None,No,Medium
2026-04-16,21:00,Airport Road,239,59,Foggy,23,60,1482,No,None,No,Medium
2026-02-21,10:15,Market Road,133,62,Sunny,37,60,1196,Yes,None,No,Low
2026-03-19,00:00,Ring Road,227,60,Foggy,35,92,351,Yes,None,Yes,Medium
2026-01-10,14:00,Bus Stand Road,122,65,Sunny,33,44,705,No,None,No,Low
2026-07-09,07:15,Airport Road,210,56,Rainy,30,86,1118,Yes,Festival,No,Medium
2026-03-31,00:15,College Road,97,71,Sunny,36,70,807,Yes,None,No,Low
2026-09-06,14:00,Bus Stand Road,225,57,Cloudy,36,64,334,Yes,Festival,No,Medium
2026-09-02,11:30,MG Road,277,54,Cloudy,29,82,986,No,Festival,No,Medium
2026-11-11,07:00,Station Road,324,46,Foggy,38,52,1368,Yes,None,No,Medium
2026-04-21,12:00,College Road,273,58,Cloudy,39,91,972,No,None,No,Medium
2026-04-01,09:30,Station Road,548,25,Cloudy,23,93,780,Yes,None,No,Very High
2026-08-19,02:30,Airport Road,202,64,Cloudy,20,86,640,Yes,None,No,Medium
2026-07-17,10:30,Market Road,148,66,Cloudy,31,79,1291,Yes,None,No,Low
2026-11-23,19:30,Ring Road,568,27,Foggy,35,64,547,No,None,No,Very High
2026-09-09,19:15,Airport Road,359,43,Cloudy,38,64,1415,No,None,No,High
2026-04-08,20:15,MG Road,140,63,Sunny,29,54,502,Yes,None,No,Low
2026-08-12,10:45,MG Road,51,80,Rainy,40,79,805,No,None,No,Low
2026-01-03,19:30,Ring Road,395,45,Cloudy,33,50,320,No,None,No,High
2026-08-14,12:30,MG Road,317,49,Rainy,33,73,468,No,Concert,No,Medium
2026-03-26,14:15,MG Road,276,58,Foggy,29,40,1097,No,None,No,Medium
2026-02-02,15:15,College Road,303,53,Foggy,27,47,1708,No,None,No,Medium
2026-11-09,08:30,City Center,437,36,Sunny,38,75,947,No,None,No,High
2026-04-05,10:45,Market Road,191,61,Rainy,40,90,346,Yes,None,No,Medium
2026-08-05,18:00,MG Road,472,30,Foggy,39,94,1126,Yes,None,No,High
2026-02-19,12:30,Market Road,189,63,Foggy,28,88,1594,No,None,Yes,Medium
2026-02-22,18:00,Market Road,462,29,Sunny,24,42,1083,Yes,None,No,High
2026-06-26,09:30,Station Road,385,39,Foggy,36,60,1113,No,None,Yes,High
2026-02-15,17:15,Station Road,434,42,Foggy,24,76,877,Yes,None,No,High
2026-07-18,08:30,MG Road,493,30,Cloudy,33,64,1588,Yes,None,No,High
2026-02-08,01:45,Bus Stand Road,349,48,Foggy,20,54,1036,Yes,None,No,Medium
2026-04-13,17:00,Market Road,629,16,Cloudy,21,76,1661,Yes,Concert,No,Very High
2026-06-03,06:45,College Road,345,45,Foggy,37,46,409,No,None,No,Medium
2026-10-25,07:45,Ring Road,289,51,Sunny,33,90,1009,Yes,None,No,Medium
2026-02-14,00:00,City Center,202,58,Rainy,21,82,1147,Yes,None,No,Medium
2026-11-27,14:30,Airport Road,78,76,Sunny,34,43,1614,No,None,No,Low
2026-10-13,08:30,City Center,363,39,Rainy,34,57,1688,No,None,No,High
2026-09-18,01:30,Bus Stand Road,127,71,Rainy,25,60,1658,Yes,None,No,Low
2026-10-29,04:15,City Center,303,49,Foggy,25,62,961,Yes,None,No,Medium
2026-11-07,19:30,College Road,460,37,Cloudy,20,86,888,No,Festival,No,High
2026-12-27,01:45,Ring Road,225,60,Foggy,29,73,888,Yes,None,No,Medium
2026-07-14,03:45,Ring Road,105,75,Rainy,36,58,1169,Yes,None,No,Low
2026-09-27,14:15,City Center,184,66,Rainy,30,81,522,No,None,No,Medium
2026-12-04,17:30,Airport Road,443,31,Foggy,20,43,1033,Yes,None,No,High
2026-07-16,20:00,City Center,304,53,Foggy,37,44,807,No,None,Yes,Medium
2026-11-05,07:30,City Center,211,55,Rainy,31,60,1588,No,Sports Match,No,Medium
2026-01-17,02:15,Bus Stand Road,180,67,Foggy,25,81,962,Yes,None,No,Low
2026-03-08,18:30,Station Road,428,43,Cloudy,39,74,781,No,None,No,High
2026-07-24,16:15,Market Road,161,64,Sunny,34,77,595,No,None,No,Low
2026-08-06,00:30,College Road,280,48,Rainy,39,54,450,No,None,No,Medium
2026-07-13,16:30,MG Road,67,69,Foggy,30,69,1020,Yes,Festival,No,Low
2026-11-05,14:30,Station Road,325,49,Rainy,21,75,1760,Yes,None,No,Medium
2026-05-20,04:45,Market Road,170,58,Rainy,23,50,1017,No,None,No,Low
2026-06-22,23:15,Ring Road,81,68,Sunny,36,95,1488,Yes,None,Yes,Low
2026-05-10,05:00,College Road,283,52,Cloudy,37,68,758,Yes,None,No,Medium
2026-03-14,06:15,Airport Road,289,53,Foggy,22,78,870,Yes,None,No,Medium
2026-11-30,23:15,Station Road,134,69,Foggy,27,60,1727,Yes,None,No,Low
2026-10-17,22:45,City Center,71,73,Sunny,20,45,949,Yes,Concert,No,Low
2026-02-06,21:15,Airport Road,93,73,Cloudy,32,56,796,Yes,None,No,Low
2026-09-25,16:30,Bus Stand Road,214,61,Rainy,28,52,1495,No,Festival,No,Medium
2026-04-15,03:15,College Road,144,68,Rainy,39,72,960,Yes,Festival,No,Low
2026-03-16,18:15,Airport Road,400,36,Rainy,30,85,742,Yes,None,No,High
2026-10-18,11:15,Bus Stand Road,177,67,Sunny,29,82,721,Yes,None,No,Low
2026-12-01,20:45,City Center,95,73,Rainy,23,87,631,No,None,No,Low
2026-10-25,22:15,City Center,343,49,Cloudy,34,87,1665,Yes,None,No,Medium
2026-07-17,11:45,Bus Stand Road,349,44,Sunny,35,44,1249,No,None,No,Medium
2026-11-08,08:30,College Road,627,17,Sunny,28,54,525,Yes,None,No,Very High
2026-11-09,22:15,Bus Stand Road,135,67,Foggy,39,82,1530,Yes,Concert,No,Low
2026-11-26,06:45,Bus Stand Road,203,59,Cloudy,33,95,683,Yes,None,Yes,Medium
2026-08-27,22:00,Market Road,63,79,Foggy,36,73,918,No,Festival,No,Low
2026-11-23,08:30,Station Road,567,23,Foggy,27,56,784,Yes,None,No,Very High
2026-10-09,02:00,City Center,206,58,Sunny,39,69,463,Yes,None,Yes,Medium
2026-12-30,01:15,College Road,334,43,Rainy,23,60,986,Yes,None,No,Medium
2026-03-29,05:15,MG Road,227,63,Rainy,36,63,826,No,None,No,Medium
2026-01-05,02:45,Bus Stand Road,253,51,Rainy,21,74,957,No,None,No,Medium
2026-07-05,13:45,College Road,288,53,Cloudy,27,79,1184,Yes,Festival,No,Medium
2026-10-24,03:45,City Center,314,47,Rainy,22,58,1291,Yes,None,No,Medium
2026-09-20,09:30,Bus Stand Road,630,15,Cloudy,20,94,308,Yes,Sports Match,No,Very High
2026-03-19,16:45,College Road,179,63,Sunny,20,47,394,No,None,No,Low
2026-08-16,13:30,Bus Stand Road,337,43,Cloudy,23,65,763,No,Festival,No,Medium
2026-07-02,01:45,College Road,334,47,Sunny,35,50,1784,No,None,No,Medium
2026-10-07,17:15,Bus Stand Road,597,18,Foggy,27,47,1371,Yes,None,No,Very High
2026-01-03,18:30,City Center,526,31,Rainy,25,79,1145,No,None,Yes,Very High
2026-03-18,16:15,City Center,350,41,Cloudy,20,73,756,Yes,Festival,Yes,Medium
2026-06-09,03:30,Ring Road,274,52,Foggy,38,55,642,No,None,Yes,Medium
2026-03-10,01:45,Ring Road,53,73,Cloudy,30,48,1626,No,None,No,Low
2026-08-20,16:00,Station Road,350,44,Cloudy,32,86,385,No,None,No,Medium
2026-01-11,11:45,City Center,88,76,Cloudy,38,81,410,Yes,None,No,Low
2026-10-07,11:45,Bus Stand Road,288,52,Rainy,34,71,1434,No,None,No,Medium
2026-12-04,10:15,Market Road,169,61,Foggy,32,73,1485,Yes,None,No,Low
2026-09-27,12:30,Ring Road,151,70,Foggy,22,59,1356,No,None,No,Low
2026-08-31,20:00,City Center,79,78,Cloudy,39,58,1460,No,None,No,Low
2026-11-01,12:45,City Center,220,57,Sunny,22,82,1043,Yes,None,No,Medium
2026-03-20,07:15,College Road,303,45,Rainy,40,91,336,Yes,None,No,Medium
2026-09-11,21:30,Market Road,242,52,Rainy,20,90,717,No,Sports Match,No,Medium
2026-01-02,00:30,Airport Road,162,60,Sunny,32,43,1794,No,None,No,Low
2026-08-13,17:00,Station Road,353,48,Sunny,31,83,709,Yes,None,No,High
2026-05-07,00:00,Ring Road,242,59,Foggy,35,81,1240,No,None,Yes,Medium
2026-10-01,08:45,Bus Stand Road,464,29,Cloudy,25,60,1466,Yes,None,No,High
2026-12-16,01:15,MG Road,115,74,Cloudy,30,65,1208,Yes,None,Yes,Low
2026-04-30,02:15,Ring Road,171,58,Sunny,26,63,1516,No,None,No,Low
2026-12-01,01:45,Bus Stand Road,244,60,Cloudy,20,94,372,Yes,None,No,Medium
2026-12-10,19:30,City Center,614,24,Sunny,30,66,1157,Yes,None,No,Very High
2026-06-30,11:15,Market Road,204,62,Sunny,39,42,1641,No,None,No,Medium
2026-05-19,19:00,MG Road,569,27,Sunny,21,57,592,No,Concert,Yes,Very High
2026-04-12,00:45,Ring Road,250,55,Foggy,26,45,523,Yes,Sports Match,Yes,Medium
2026-12-14,02:00,Ring Road,62,74,Rainy,39,86,1724,Yes,None,Yes,Low
2026-03-26,03:30,Market Road,241,55,Cloudy,40,79,381,Yes,None,Yes,Medium
2026-08-11,10:15,Airport Road,151,62,Foggy,34,63,778,No,None,No,Low
2026-09-14,00:15,Airport Road,231,56,Rainy,33,55,795,Yes,None,No,Medium
2026-11-12,06:15,Bus Stand Road,126,72,Cloudy,35,82,521,No,None,No,Low
2026-07-28,18:30,Market Road,444,33,Cloudy,25,73,1141,No,None,No,High
2026-08-11,23:15,Airport Road,174,60,Foggy,25,74,721,Yes,Festival,No,Low
2026-04-16,20:45,Ring Road,180,62,Foggy,32,48,1485,No,None,No,Low
2026-03-02,14:15,Station Road,195,58,Rainy,35,83,1638,Yes,None,No,Medium
2026-12-02,12:30,Bus Stand Road,252,54,Foggy,21,67,1370,Yes,None,No,Medium
2026-04-23,16:15,MG Road,294,54,Cloudy,33,58,408,No,None,No,Medium
2026-01-15,01:00,Market Road,300,50,Rainy,22,67,1367,Yes,Concert,No,Medium
2026-09-10,02:00,Market Road,101,70,Foggy,24,48,871,No,None,No,Low
2026-09-16,12:00,MG Road,269,58,Rainy,34,57,1332,Yes,Concert,No,Medium
2026-12-10,05:00,Ring Road,182,59,Foggy,21,77,728,Yes,None,No,Medium
2026-06-21,09:30,Ring Road,508,32,Cloudy,32,40,1712,Yes,None,No,Very High
2026-09-19,05:45,MG Road,228,58,Cloudy,28,65,1081,No,Concert,No,Medium
2026-06-28,19:15,Airport Road,599,23,Rainy,31,86,1591,No,None,No,Very High
2026-12-28,19:45,Airport Road,513,25,Foggy,29,40,1026,No,None,Yes,Very High
2026-12-09,18:00,City Center,646,19,Foggy,38,88,554,Yes,None,No,Very High
2026-06-15,08:30,College Road,358,47,Cloudy,31,53,1335,Yes,None,No,High
2026-03-28,15:15,College Road,339,51,Foggy,20,52,1295,Yes,Festival,No,Medium
2026-10-14,04:00,Bus Stand Road,253,60,Sunny,20,83,1350,No,None,No,Medium
2026-06-25,10:45,Ring Road,265,49,Cloudy,21,83,1440,No,None,No,Medium
2026-03-16,14:30,Station Road,152,70,Foggy,32,45,805,Yes,None,No,Low
2026-10-09,23:15,Bus Stand Road,275,56,Sunny,40,88,1226,Yes,None,No,Medium
2026-03-06,22:00,Station Road,132,72,Foggy,26,84,840,No,None,No,Low
2026-12-13,11:30,Bus Stand Road,303,52,Sunny,36,79,420,Yes,None,No,Medium
2026-05-11,11:30,Bus Stand Road,267,58,Rainy,33,62,1586,Yes,None,No,Medium
2026-04-05,03:30,MG Road,335,43,Sunny,24,49,1643,Yes,None,No,Medium
2026-07-20,06:30,Airport Road,231,55,Cloudy,34,48,1057,No,None,No,Medium
2026-12-14,08:00,Ring Road,648,13,Sunny,33,93,1557,No,None,No,Very High
2026-10-02,18:00,Market Road,416,43,Foggy,31,90,1190,No,Concert,No,High
2026-01-20,19:30,Market Road,370,46,Cloudy,23,56,1359,Yes,None,No,High
2026-03-07,10:45,Ring Road,100,65,Sunny,31,59,1167,No,None,No,Low
2026-06-29,11:30,Ring Road,238,52,Sunny,20,70,1251,No,None,No,Medium
2026-01-04,22:30,Bus Stand Road,278,55,Cloudy,28,51,1106,No,None,No,Medium
2026-01-15,11:45,Station Road,218,60,Foggy,23,60,1420,No,None,No,Medium
2026-11-10,07:15,City Center,340,43,Cloudy,36,49,348,No,Festival,No,Medium
2026-07-21,07:15,Market Road,55,77,Sunny,20,51,1637,Yes,None,No,Low
2026-07-24,04:30,MG Road,325,53,Foggy,21,93,531,No,Festival,No,Medium
2026-08-19,04:30,Bus Stand Road,99,70,Sunny,24,71,1280,Yes,None,No,Low
2026-07-14,06:00,College Road,251,58,Sunny,26,60,421,Yes,None,No,Medium
2026-09-16,22:00,Bus Stand Road,165,64,Cloudy,40,64,1057,Yes,Festival,No,Low
2026-03-31,00:30,Bus Stand Road,232,62,Cloudy,22,40,633,Yes,Sports Match,No,Medium
2026-01-21,03:00,City Center,123,69,Rainy,22,62,1697,Yes,None,Yes,Low
2026-11-08,02:15,Market Road,282,49,Sunny,38,77,1273,No,None,No,Medium
2026-06-03,09:30,Market Road,379,46,Sunny,40,47,1405,No,None,No,High
2026-06-11,03:45,Airport Road,67,77,Foggy,34,44,1272,Yes,None,No,Low
2026-01-22,15:15,Ring Road,301,48,Rainy,33,59,432,No,None,Yes,Medium
2026-10-27,03:00,MG Road,81,68,Rainy,30,45,1559,Yes,None,No,Low
2026-11-01,22:30,Station Road,203,55,Sunny,23,71,1547,Yes,None,No,Medium
2026-08-21,19:00,Market Road,409,44,Rainy,20,65,732,Yes,Festival,No,High
2026-01-05,10:15,College Road,190,63,Cloudy,24,43,919,No,None,No,Medium
2026-06-17,03:15,Ring Road,284,52,Rainy,34,53,1641,Yes,Sports Match,No,Medium
2026-02-18,16:45,Market Road,94,68,Sunny,35,64,620,Yes,None,No,Low
2026-08-01,12:30,Station Road,350,47,Cloudy,26,58,747,No,None,No,Medium
2026-02-04,00:00,Market Road,162,63,Sunny,20,49,541,Yes,None,No,Low
2026-10-08,09:15,College Road,555,28,Sunny,26,45,1118,No,None,No,Very High
2026-06-14,00:15,Station Road,294,55,Sunny,35,48,376,No,None,No,Medium
2026-08-17,19:30,City Center,482,33,Cloudy,27,91,1055,Yes,Festival,Yes,High
2026-12-16,11:00,MG Road,229,53,Rainy,39,88,1772,Yes,None,No,Medium
2026-10-11,20:30,Bus Stand Road,257,59,Cloudy,35,64,1244,No,None,No,Medium
2026-08-15,14:15,Airport Road,231,58,Sunny,28,94,1128,No,None,No,Medium
2026-08-11,20:30,City Center,231,62,Cloudy,31,83,1099,Yes,Sports Match,No,Medium
2026-09-01,14:45,Airport Road,341,48,Cloudy,22,66,958,Yes,None,No,Medium
2026-09-29,14:15,Airport Road,196,57,Foggy,32,84,1054,Yes,None,No,Medium
2026-11-23,23:00,MG Road,113,71,Rainy,35,59,320,Yes,None,No,Low
2026-03-05,20:30,College Road,132,62,Sunny,24,47,1254,No,None,No,Low
2026-03-01,07:00,Station Road,238,59,Cloudy,39,50,1415,No,None,No,Medium
2026-03-14,02:15,Bus Stand Road,124,68,Foggy,34,70,1266,No,None,No,Low
2026-02-21,04:30,Bus Stand Road,167,61,Sunny,39,76,1643,Yes,None,Yes,Low
2026-02-22,00:30,Ring Road,231,53,Foggy,31,57,1540,Yes,Sports Match,No,Medium
2026-09-30,22:30,Market Road,202,65,Foggy,26,44,1467,No,None,No,Medium
2026-07-31,07:15,City Center,285,55,Sunny,33,87,1103,No,None,No,Medium
2026-03-01,13:30,College Road,73,78,Rainy,24,72,1432,No,None,No,Low
2026-05-15,15:00,Market Road,110,65,Foggy,23,93,597,Yes,None,No,Low
2026-05-19,13:15,Bus Stand Road,59,75,Sunny,24,44,1070,Yes,None,Yes,Low
2026-09-08,06:15,MG Road,274,53,Foggy,24,85,846,Yes,None,No,Medium
2026-04-04,22:15,Market Road,303,45,Sunny,24,89,1621,Yes,None,No,Medium
2026-07-28,22:00,College Road,248,58,Cloudy,25,48,1115,No,None,No,Medium
2026-03-25,12:15,City Center,330,44,Foggy,33,45,659,Yes,None,No,Medium
2026-09-04,12:45,Airport Road,67,72,Cloudy,30,57,1396,No,None,No,Low
2026-05-09,19:30,Bus Stand Road,576,27,Sunny,37,49,1748,Yes,None,No,Very High
2026-05-16,10:15,Ring Road,56,73,Rainy,38,65,1509,Yes,None,No,Low
2026-06-18,17:15,Airport Road,600,15,Foggy,32,88,1459,Yes,None,No,Very High
2026-09-17,01:00,College Road,70,68,Sunny,29,43,577,No,None,Yes,Low
2026-05-16,21:00,College Road,300,46,Foggy,25,58,1430,No,Sports Match,No,Medium
2026-08-21,08:45,City Center,496,32,Foggy,24,86,1539,Yes,None,Yes,High
2026-01-26,17:15,College Road,528,30,Cloudy,33,50,682,No,None,No,Very High
2026-06-28,08:15,Bus Stand Road,561,22,Cloudy,27,43,369,Yes,Concert,No,Very High
2026-09-23,15:45,Bus Stand Road,241,58,Foggy,20,87,787,No,None,No,Medium
2026-02-13,11:15,Station Road,124,64,Rainy,26,62,439,No,None,No,Low
2026-08-08,17:00,Station Road,410,41,Cloudy,23,81,1087,No,None,No,High
2026-09-28,18:45,City Center,633,12,Cloudy,38,64,1227,Yes,None,No,Very High
2026-02-21,05:15,Airport Road,141,63,Cloudy,40,91,1604,No,None,No,Low
2026-09-11,11:15,Ring Road,52,75,Cloudy,22,65,663,Yes,None,No,Low
2026-10-20,19:00,Station Road,490,29,Foggy,26,64,419,No,None,No,High
2026-02-11,05:15,Market Road,105,72,Rainy,36,55,1405,No,Festival,No,Low
2026-08-18,15:00,Bus Stand Road,129,67,Sunny,23,80,1129,Yes,Sports Match,No,Low
2026-09-29,04:45,College Road,162,63,Rainy,23,91,823,No,None,No,Low
2026-01-02,05:45,College Road,263,51,Foggy,39,91,1082,Yes,None,No,Medium
2026-05-04,11:45,Ring Road,252,56,Rainy,21,61,563,No,None,No,Medium
2026-06-28,09:00,Airport Road,357,46,Rainy,22,41,574,No,Concert,No,High
2026-07-09,10:15,Ring Road,210,59,Foggy,40,55,545,Yes,None,No,Medium
2026-09-29,14:15,Market Road,259,50,Rainy,31,62,348,Yes,None,No,Medium
2026-09-29,16:30,MG Road,180,57,Cloudy,36,79,974,No,None,No,Low
2026-05-13,10:00,Market Road,327,45,Sunny,23,63,1651,No,None,No,Medium
2026-02-17,00:00,Airport Road,264,50,Foggy,29,48,937,No,None,No,Medium
2026-05-22,21:30,MG Road,139,70,Sunny,38,62,991,Yes,None,Yes,Low
2026-08-18,18:15,Bus Stand Road,436,40,Cloudy,36,63,327,Yes,None,No,High
2026-06-09,23:00,Station Road,345,51,Sunny,20,77,1541,Yes,None,No,Medium
2026-12-17,21:15,College Road,113,65,Rainy,23,85,1037,Yes,None,No,Low
2026-09-01,00:30,MG Road,86,76,Sunny,26,76,1463,Yes,None,No,Low
2026-01-24,03:00,Airport Road,230,55,Rainy,33,68,356,Yes,Sports Match,No,Medium
2026-07-13,03:30,Ring Road,86,69,Rainy,38,94,893,No,None,No,Low
2026-02-16,03:30,MG Road,102,68,Sunny,34,69,1138,No,None,No,Low
2026-03-07,22:15,Station Road,302,55,Sunny,28,75,369,No,None,No,Medium
2026-07-10,11:15,MG Road,290,51,Foggy,37,45,1689,No,None,No,Medium
2026-11-05,05:30,College Road,69,78,Cloudy,20,56,840,Yes,None,No,Low
2026-09-19,22:30,Ring Road,167,64,Cloudy,21,45,822,Yes,None,No,Low
2026-04-25,21:00,MG Road,64,77,Rainy,23,85,512,Yes,None,No,Low
2026-07-18,08:00,Airport Road,640,16,Sunny,40,61,1542,Yes,Festival,No,Very High
2026-03-25,02:15,Airport Road,151,64,Cloudy,21,85,1586,Yes,None,No,Low
2026-06-09,11:45,Market Road,168,64,Cloudy,33,82,1575,Yes,None,No,Low
2026-08-26,10:45,City Center,57,78,Rainy,22,90,968,No,None,No,Low
2026-09-07,20:45,College Road,83,72,Cloudy,37,50,564,No,None,No,Low
2026-08-03,14:15,Station Road,132,70,Foggy,33,42,432,Yes,None,No,Low
2026-01-09,09:15,Airport Road,647,15,Cloudy,40,87,1147,No,None,No,Very High
2026-01-16,13:30,Ring Road,89,77,Rainy,21,66,1516,No,None,No,Low
2026-05-23,22:00,City Center,109,74,Rainy,27,81,1094,Yes,Sports Match,No,Low
2026-07-29,14:45,College Road,205,65,Foggy,31,78,1118,No,Festival,No,Medium
2026-09-10,18:30,Market Road,624,23,Rainy,24,74,829,No,None,No,Very High
2026-07-31,14:00,MG Road,183,61,Rainy,35,85,1265,No,None,No,Medium
2026-05-22,05:30,MG Road,92,70,Rainy,29,88,1038,Yes,None,No,Low
2026-06-03,17:45,Market Road,458,39,Rainy,32,65,1477,Yes,None,No,High
2026-02-02,13:15,Market Road,259,58,Sunny,24,45,740,Yes,None,Yes,Medium
2026-03-19,03:00,MG Road,95,74,Sunny,31,70,656,Yes,None,No,Low
2026-03-01,10:15,Airport Road,239,60,Sunny,31,40,811,No,Festival,No,Medium
2026-02-16,03:45,Station Road,307,47,Sunny,26,75,629,Yes,None,No,Medium
2026-03-05,07:30,City Center,106,66,Foggy,20,84,1800,Yes,Concert,No,Low
2026-11-30,16:00,Market Road,337,49,Sunny,20,92,367,Yes,Festival,No,Medium
2026-05-21,23:45,Airport Road,75,69,Sunny,40,73,808,Yes,None,Yes,Low
2026-06-16,13:30,Bus Stand Road,120,64,Rainy,33,85,1549,No,None,No,Low
2026-09-16,23:45,City Center,164,62,Rainy,31,45,1059,No,None,No,Low
2026-10-15,04:15,Station Road,94,70,Cloudy,21,87,1249,Yes,None,No,Low
2026-03-08,02:15,Airport Road,91,70,Foggy,29,80,326,No,None,No,Low
2026-11-18,09:15,MG Road,618,16,Cloudy,40,73,333,Yes,None,No,Very High
2026-10-06,04:00,Ring Road,227,59,Foggy,22,85,1562,No,None,No,Medium
2026-02-16,03:15,Market Road,307,52,Foggy,20,76,668,Yes,Concert,No,Medium
2026-06-11,07:45,Market Road,229,59,Sunny,38,76,1549,Yes,None,No,Medium
2026-05-13,05:45,City Center,297,54,Cloudy,37,43,376,No,Concert,No,Medium
2026-02-26,01:00,Station Road,181,59,Foggy,34,47,1785,Yes,Festival,No,Medium
2026-01-17,07:30,Ring Road,181,64,Rainy,40,56,577,No,None,No,Medium
2026-09-28,10:15,College Road,97,74,Cloudy,34,48,1668,Yes,None,No,Low
2026-07-05,03:15,Station Road,345,45,Sunny,33,57,1618,Yes,None,No,Medium
2026-05-09,04:45,City Center,81,75,Cloudy,25,80,1299,No,None,No,Low
2026-01-15,23:45,MG Road,85,73,Cloudy,29,82,419,Yes,None,No,Low
2026-08-03,23:00,Market Road,327,48,Cloudy,27,42,537,Yes,Festival,Yes,Medium
2026-09-25,14:30,Station Road,235,59,Sunny,24,69,1045,No,Festival,No,Medium
2026-01-11,00:45,Station Road,233,53,Foggy,32,58,1746,Yes,Festival,No,Medium
2026-05-26,03:30,Bus Stand Road,189,57,Rainy,33,91,920,Yes,None,No,Medium
2026-11-25,09:45,City Center,577,18,Foggy,37,77,627,No,None,No,Very High
2026-08-01,14:45,Market Road,132,63,Sunny,33,74,582,Yes,None,No,Low
2026-05-26,12:00,MG Road,105,72,Rainy,30,72,420,Yes,None,No,Low
2026-12-21,03:00,Airport Road,299,50,Rainy,28,48,1609,Yes,Festival,No,Medium
2026-06-09,09:45,MG Road,566,29,Foggy,30,50,1426,No,None,No,Very High
2026-07-03,17:30,Market Road,634,18,Foggy,29,87,1720,No,None,No,Very High
2026-01-30,04:30,Airport Road,57,80,Rainy,21,42,712,No,None,No,Low
2026-12-14,09:15,MG Road,538,22,Foggy,31,66,1665,Yes,None,No,Very High
2026-12-09,08:15,MG Road,561,28,Cloudy,30,64,828,Yes,None,No,Very High
2026-11-15,19:15,City Center,456,30,Rainy,40,52,1521,Yes,None,Yes,High
2026-06-25,04:15,City Center,156,65,Cloudy,31,87,985,No,None,No,Low
2026-10-17,14:00,College Road,205,57,Rainy,39,94,1227,Yes,None,No,Medium
2026-01-06,04:15,Airport Road,254,57,Cloudy,28,91,986,Yes,None,No,Medium
2026-08-20,12:00,MG Road,236,53,Foggy,25,83,1253,No,Concert,No,Medium
2026-09-17,14:00,Station Road,193,57,Sunny,25,69,336,Yes,None,No,Medium
2026-09-04,14:30,Market Road,156,69,Rainy,36,76,541,Yes,None,No,Low
2026-01-12,14:45,Bus Stand Road,281,48,Rainy,32,79,1642,No,None,No,Medium
2026-09-01,20:00,Airport Road,241,60,Rainy,32,69,1480,No,None,No,Medium
2026-08-24,07:15,Ring Road,151,60,Cloudy,37,48,1049,Yes,None,No,Low
2026-09-16,00:30,MG Road,344,50,Foggy,30,80,657,No,None,No,Medium
2026-08-26,15:00,College Road,202,58,Foggy,26,66,1223,No,None,No,Medium
2026-04-13,12:00,MG Road,167,63,Foggy,32,89,1501,No,None,No,Low
2026-02-24,08:15,Airport Road,635,18,Foggy,27,62,1021,Yes,None,No,Very High
2026-04-06,09:15,Market Road,364,43,Foggy,21,60,1170,No,None,No,High
2026-07-23,12:15,Ring Road,237,60,Sunny,24,95,1749,Yes,None,No,Medium
2026-07-23,21:15,Ring Road,70,73,Rainy,35,41,635,Yes,None,Yes,Low
2026-08-10,18:15,Bus Stand Road,572,24,Foggy,24,84,980,No,None,No,Very High
2026-08-25,15:00,Station Road,129,66,Foggy,29,51,554,Yes,None,No,Low
2026-10-04,20:45,Ring Road,296,52,Cloudy,36,50,613,Yes,None,No,Medium
2026-12-14,21:15,Station Road,300,53,Rainy,38,45,1047,Yes,None,No,Medium
2026-09-11,19:30,College Road,593,17,Foggy,28,81,593,Yes,Festival,No,Very High
2026-03-26,13:30,Airport Road,217,54,Rainy,25,70,1633,No,None,No,Medium
2026-09-27,12:45,Ring Road,117,69,Foggy,40,79,1497,No,None,No,Low
2026-02-05,12:00,Market Road,138,62,Foggy,36,70,999,No,None,No,Low
2026-01-13,18:00,Ring Road,527,31,Rainy,34,52,418,Yes,None,No,Very High
2026-01-31,09:30,Market Road,393,37,Rainy,30,55,826,Yes,None,No,High
2026-01-10,01:30,College Road,292,54,Foggy,40,55,1567,No,None,No,Medium
2026-08-18,23:00,Market Road,288,53,Cloudy,25,67,1200,Yes,None,No,Medium
2026-01-12,04:45,MG Road,57,73,Foggy,36,79,886,Yes,None,No,Low
2026-03-12,01:00,College Road,156,68,Cloudy,30,75,1556,Yes,None,No,Low
2026-06-24,20:00,College Road,196,57,Foggy,20,53,1732,Yes,Concert,Yes,Medium
2026-07-14,04:15,City Center,225,54,Cloudy,27,51,1421,Yes,None,Yes,Medium
2026-10-12,11:00,Ring Road,342,46,Cloudy,34,41,1212,No,None,Yes,Medium
2026-12-30,08:30,College Road,519,27,Sunny,32,91,1186,Yes,None,No,Very High
2026-01-11,08:15,Station Road,650,19,Sunny,40,48,1664,No,Festival,No,Very High
2026-06-10,18:15,Airport Road,378,40,Rainy,33,46,1385,No,None,No,High
2026-09-26,09:00,Bus Stand Road,542,25,Foggy,37,56,1698,No,None,No,Very High
2026-12-19,11:45,Market Road,245,51,Sunny,32,51,1563,No,None,No,Medium
2026-05-03,03:30,City Center,283,55,Cloudy,39,42,402,Yes,Festival,No,Medium
2026-10-10,14:45,Bus Stand Road,289,51,Rainy,22,41,1612,No,None,No,Medium
2026-05-16,09:00,Airport Road,427,40,Cloudy,24,85,1472,Yes,None,No,High
2026-12-05,20:30,College Road,282,48,Sunny,40,94,564,No,None,No,Medium
2026-04-21,03:15,Ring Road,217,63,Foggy,26,67,1423,Yes,None,No,Medium
2026-01-04,20:00,Ring Road,303,46,Sunny,20,51,406,Yes,None,No,Medium
2026-11-16,14:00,Ring Road,203,55,Foggy,29,67,915,Yes,Concert,No,Medium
2026-06-21,09:15,City Center,495,27,Sunny,24,76,1484,No,None,No,High
2026-12-18,15:45,Bus Stand Road,258,50,Foggy,23,55,539,Yes,None,No,Medium
2026-10-17,19:15,College Road,642,16,Foggy,36,92,870,No,None,Yes,Very High
2026-01-01,08:15,Bus Stand Road,546,30,Cloudy,36,80,843,No,None,No,Very High
2026-02-03,18:15,MG Road,564,26,Foggy,39,58,1450,No,None,No,Very High
2026-07-29,04:15,Bus Stand Road,172,65,Cloudy,35,44,1736,No,None,Yes,Low
2026-04-15,23:15,MG Road,290,56,Sunny,32,71,1029,Yes,None,No,Medium
2026-12-30,00:45,MG Road,266,58,Foggy,33,58,1390,No,Sports Match,No,Medium
2026-02-11,04:30,MG Road,84,76,Cloudy,23,80,356,No,None,No,Low
2026-05-04,03:15,Ring Road,294,53,Sunny,28,70,622,Yes,None,Yes,Medium
2026-02-08,22:45,Airport Road,334,49,Rainy,33,40,1401,No,None,No,Medium
2026-12-30,01:45,City Center,101,69,Cloudy,34,44,334,Yes,Festival,Yes,Low
2026-12-13,00:15,Station Road,152,62,Rainy,40,68,1061,No,None,No,Low
2026-06-19,05:15,City Center,238,55,Cloudy,38,83,1042,Yes,None,No,Medium
2026-11-27,22:00,Station Road,212,61,Cloudy,32,49,1448,No,Festival,No,Medium
2026-07-05,08:00,Airport Road,526,28,Rainy,25,89,1182,Yes,None,No,Very High
2026-06-17,10:15,Ring Road,218,59,Rainy,39,43,1283,Yes,None,No,Medium
2026-12-18,19:30,City Center,461,30,Foggy,36,41,483,No,None,No,High
2026-09-27,10:00,City Center,317,53,Foggy,35,60,1180,Yes,Concert,No,Medium
2026-02-21,09:15,Ring Road,365,47,Rainy,31,87,855,No,None,No,High
2026-03-15,06:00,Market Road,127,65,Cloudy,24,83,1760,No,Concert,No,Low
2026-04-19,21:30,Market Road,93,75,Cloudy,39,94,714,No,None,No,Low
2026-02-09,02:00,MG Road,178,66,Rainy,20,72,1685,No,None,Yes,Low
2026-04-20,10:45,Airport Road,93,68,Foggy,24,68,1730,No,Festival,No,Low
2026-10-23,13:15,Airport Road,77,72,Rainy,36,76,1341,Yes,None,No,Low
2026-06-15,02:15,Airport Road,94,66,Cloudy,21,40,877,Yes,None,No,Low
2026-12-02,12:00,Airport Road,176,60,Rainy,37,94,623,Yes,None,Yes,Low
2026-08-21,04:00,College Road,213,56,Rainy,35,81,1786,No,None,No,Medium
2026-12-20,13:00,Station Road,252,50,Sunny,34,49,1390,No,None,No,Medium
2026-07-11,21:30,Bus Stand Road,219,54,Cloudy,35,62,332,No,None,No,Medium
2026-07-02,04:00,Market Road,249,60,Sunny,36,67,1112,No,None,No,Medium
2026-02-02,10:00,Airport Road,239,53,Foggy,29,61,1605,Yes,None,Yes,Medium
2026-09-21,12:00,Ring Road,269,59,Sunny,35,77,1239,No,None,No,Medium
2026-06-01,01:45,Bus Stand Road,125,65,Foggy,24,79,1036,No,None,No,Low
2026-05-10,13:45,City Center,349,41,Sunny,36,56,520,Yes,None,Yes,Medium
2026-05-17,16:15,City Center,169,63,Sunny,31,43,310,Yes,Sports Match,No,Low
2026-03-01,16:00,Station Road,349,48,Cloudy,37,76,1303,No,None,No,Medium
2026-01-14,14:30,Airport Road,80,67,Sunny,33,40,1039,Yes,None,No,Low
2026-12-27,04:15,Bus Stand Road,327,49,Sunny,40,92,1312,No,None,No,Medium
2026-05-01,06:00,Airport Road,201,63,Foggy,29,67,748,Yes,None,No,Medium
2026-12-19,04:45,MG Road,320,50,Sunny,22,71,834,No,Festival,No,Medium
2026-07-30,18:30,Ring Road,390,43,Sunny,28,46,404,No,Concert,No,High
2026-12-04,00:45,MG Road,274,52,Cloudy,27,80,327,No,None,No,Medium
2026-05-29,11:00,Airport Road,55,74,Rainy,33,85,1199,Yes,None,No,Low
2026-02-28,11:30,Ring Road,300,53,Cloudy,20,57,309,Yes,None,No,Medium
2026-09-01,14:00,Market Road,317,52,Foggy,30,65,1366,Yes,None,Yes,Medium
2026-07-21,21:15,MG Road,175,63,Rainy,21,67,569,No,None,Yes,Low
2026-08-10,17:30,Market Road,437,42,Rainy,22,54,1613,Yes,None,No,High
2026-06-30,10:30,Station Road,171,59,Rainy,28,83,1174,No,None,No,Low
2026-11-13,22:15,Market Road,144,67,Sunny,40,71,1098,Yes,Concert,No,Low
2026-05-16,12:15,Market Road,216,62,Rainy,38,91,440,Yes,None,No,Medium
2026-03-20,01:30,Ring Road,298,47,Foggy,20,92,1171,No,Festival,No,Medium
2026-12-27,18:30,Station Road,414,41,Foggy,26,56,355,Yes,None,No,High
2026-09-03,15:15,Bus Stand Road,170,62,Sunny,23,75,766,No,Festival,No,Low
2026-08-27,17:30,Bus Stand Road,631,21,Rainy,35,88,1030,Yes,Concert,No,Very High
2026-11-09,20:15,City Center,322,49,Cloudy,39,89,1603,No,None,No,Medium
2026-04-07,17:00,Market Road,507,35,Sunny,24,61,1172,No,None,No,Very High
2026-04-23,22:30,Bus Stand Road,66,70,Sunny,40,74,491,No,None,No,Low
2026-09-02,11:30,Bus Stand Road,278,58,Sunny,34,87,344,No,None,No,Medium
2026-04-14,10:30,Market Road,306,53,Foggy,32,65,1453,Yes,None,No,Medium
2026-08-04,01:00,Ring Road,266,51,Cloudy,25,53,1451,Yes,None,No,Medium
2026-08-26,09:30,Bus Stand Road,376,38,Foggy,30,58,1467,No,None,No,High
2026-12-14,13:45,MG Road,83,69,Rainy,28,84,489,Yes,Sports Match,No,Low
2026-11-22,22:45,MG Road,131,66,Cloudy,31,62,1567,No,None,No,Low
2026-10-26,14:00,Market Road,316,52,Rainy,39,45,537,No,None,No,Medium
2026-01-03,22:45,Bus Stand Road,213,56,Cloudy,34,50,1546,No,None,No,Medium
2026-03-11,01:15,College Road,238,57,Foggy,29,84,1772,No,None,No,Medium
2026-05-12,09:15,Station Road,453,32,Sunny,32,48,1721,No,Concert,No,High
2026-05-01,22:15,Station Road,115,67,Sunny,31,68,1429,Yes,None,No,Low
2026-06-13,13:30,College Road,95,76,Rainy,21,82,1274,Yes,None,No,Low
2026-03-24,07:45,Bus Stand Road,270,48,Sunny,24,83,641,Yes,None,No,Medium
2026-05-01,04:30,Station Road,204,62,Foggy,40,48,327,Yes,Festival,No,Medium
2026-09-24,10:00,Airport Road,129,66,Sunny,39,93,403,Yes,None,No,Low
2026-09-11,09:00,Ring Road,568,28,Rainy,40,84,1310,Yes,None,No,Very High
2026-05-11,01:00,Airport Road,346,41,Cloudy,35,73,1337,Yes,None,No,Medium
2026-11-19,06:00,City Center,70,72,Cloudy,24,88,314,Yes,Concert,Yes,Low
2026-03-14,12:30,Ring Road,209,55,Cloudy,21,70,1743,No,None,Yes,Medium
2026-11-26,07:15,City Center,167,68,Sunny,30,44,1453,Yes,None,No,Low
2026-11-14,16:45,City Center,195,65,Cloudy,26,51,431,No,None,No,Medium
2026-01-01,17:15,Market Road,455,33,Sunny,35,67,1440,No,None,No,High
2026-02-08,04:15,MG Road,200,58,Rainy,38,59,376,No,None,Yes,Medium
2026-12-23,20:00,City Center,78,77,Cloudy,32,80,1014,No,None,No,Low
2026-02-05,12:45,Ring Road,78,78,Cloudy,37,56,857,No,Concert,No,Low
2026-04-19,20:00,Station Road,76,75,Foggy,31,65,1194,Yes,None,Yes,Low
2026-12-25,12:30,College Road,98,73,Foggy,36,70,326,No,None,No,Low
2026-04-14,01:30,Market Road,192,63,Cloudy,39,45,1628,Yes,None,Yes,Medium
2026-05-25,03:00,MG Road,207,60,Rainy,21,91,1585,No,Festival,Yes,Medium
2026-07-21,13:15,MG Road,298,48,Rainy,22,82,882,No,None,No,Medium
2026-03-05,05:00,City Center,65,73,Foggy,38,88,1442,Yes,None,Yes,Low
2026-05-06,12:45,Airport Road,61,73,Cloudy,39,60,718,Yes,None,No,Low
2026-07-21,22:45,Bus Stand Road,55,80,Sunny,34,55,1568,Yes,None,No,Low
2026-09-08,17:15,Market Road,578,22,Foggy,33,46,319,Yes,None,No,Very High
2026-04-20,09:30,Market Road,583,20,Cloudy,24,70,558,Yes,None,No,Very High
2026-11-08,03:15,Market Road,90,74,Cloudy,26,67,1271,Yes,None,No,Low
2026-02-24,21:45,Airport Road,310,46,Cloudy,27,68,1414,No,None,No,Medium
2026-06-21,18:00,City Center,641,21,Sunny,30,43,1236,Yes,None,No,Very High
2026-08-08,19:00,Ring Road,582,18,Foggy,40,89,453,No,None,No,Very High
2026-03-31,07:15,Bus Stand Road,296,50,Foggy,23,81,698,Yes,None,No,Medium
2026-01-24,23:00,Station Road,318,47,Rainy,31,76,875,Yes,None,No,Medium
2026-06-23,16:15,City Center,211,62,Cloudy,27,56,1312,Yes,None,No,Medium
2026-07-20,01:30,City Center,328,43,Foggy,34,42,810,Yes,None,No,Medium
2026-02-08,05:45,College Road,231,53,Rainy,26,46,1089,Yes,None,No,Medium
2026-05-13,04:45,Airport Road,59,73,Cloudy,26,82,441,Yes,None,No,Low
2026-08-11,01:00,Ring Road,277,50,Rainy,25,55,992,No,None,No,Medium
2026-09-30,10:30,College Road,137,65,Sunny,24,92,1730,No,None,No,Low
2026-04-09,11:30,Station Road,129,68,Cloudy,35,40,647,No,None,No,Low
2026-03-21,16:00,Bus Stand Road,226,59,Foggy,22,70,1340,No,None,No,Medium
2026-06-17,15:00,City Center,306,47,Foggy,20,45,1267,No,None,No,Medium
2026-05-29,22:45,Market Road,199,61,Rainy,32,95,1780,Yes,None,No,Medium
2026-04-03,22:30,College Road,260,59,Cloudy,21,63,1784,No,None,No,Medium
2026-01-25,21:45,City Center,140,61,Sunny,38,93,1345,Yes,Festival,Yes,Low
2026-10-18,01:30,Station Road,112,74,Sunny,30,57,895,Yes,None,No,Low
2026-08-29,12:15,Airport Road,109,72,Cloudy,25,85,551,Yes,None,No,Low
2026-04-27,17:00,City Center,359,41,Foggy,39,95,1453,Yes,Festival,No,High
2026-10-10,13:45,Airport Road,296,51,Sunny,30,70,1590,No,Festival,No,Medium
2026-04-21,21:00,MG Road,304,51,Foggy,25,80,512,No,None,No,Medium
2026-01-06,08:45,Market Road,623,14,Foggy,28,66,529,No,None,Yes,Very High
2026-08-28,08:00,Airport Road,477,36,Cloudy,38,92,926,Yes,None,No,High
2026-08-08,20:30,Ring Road,129,65,Cloudy,30,91,553,No,None,No,Low
2026-08-21,23:30,Bus Stand Road,341,44,Sunny,25,70,974,Yes,Festival,No,Medium
2026-08-15,10:45,MG Road,160,61,Cloudy,38,52,1762,No,None,No,Low
2026-05-04,19:30,Station Road,617,15,Foggy,32,78,1381,Yes,None,No,Very High
2026-02-10,11:15,Station Road,275,58,Foggy,27,75,1399,No,None,No,Medium
2026-09-05,00:00,College Road,71,72,Sunny,32,45,359,No,None,No,Low
2026-05-07,08:00,MG Road,533,32,Cloudy,31,78,823,No,None,No,Very High
2026-12-09,10:45,Airport Road,216,64,Sunny,37,43,863,Yes,None,No,Medium
2026-08-03,12:00,MG Road,83,69,Rainy,33,72,796,No,None,No,Low
2026-06-20,00:15,Airport Road,347,43,Cloudy,36,55,1672,Yes,Concert,No,Medium
2026-09-20,21:30,Airport Road,229,58,Cloudy,30,61,948,Yes,Festival,No,Medium
2026-11-30,15:00,Market Road,189,60,Foggy,39,92,897,No,None,No,Medium
2026-07-18,13:00,Ring Road,208,56,Foggy,20,59,1686,Yes,None,No,Medium
2026-10-08,07:30,Airport Road,243,54,Cloudy,37,91,409,Yes,None,No,Medium
2026-05-17,01:45,College Road,300,48,Rainy,34,94,1011,No,Sports Match,No,Medium
2026-09-25,20:00,Airport Road,261,59,Rainy,35,89,869,No,None,No,Medium
2026-03-19,15:00,Station Road,347,48,Foggy,33,77,1603,Yes,None,No,Medium
2026-04-02,16:15,Bus Stand Road,345,45,Cloudy,28,47,1130,Yes,Festival,No,Medium
2026-01-20,10:00,Station Road,177,66,Foggy,34,67,1782,Yes,None,No,Low
2026-04-17,20:45,Ring Road,230,60,Foggy,22,66,1301,Yes,Concert,No,Medium
2026-01-20,15:30,Airport Road,64,70,Rainy,27,88,866,No,None,Yes,Low
2026-02-26,03:30,Market Road,260,49,Cloudy,29,43,1273,Yes,Festival,No,Medium
2026-09-13,07:30,Airport Road,104,72,Foggy,26,61,1396,No,None,No,Low
2026-07-25,09:00,College Road,474,28,Rainy,20,95,1135,Yes,None,No,High
2026-09-20,19:45,Airport Road,648,11,Cloudy,22,60,1343,Yes,None,No,Very High
2026-06-29,04:30,Airport Road,334,49,Rainy,29,75,1302,Yes,None,No,Medium
2026-09-25,16:45,Market Road,71,71,Cloudy,32,72,720,No,None,No,Low
2026-01-17,01:45,City Center,343,46,Rainy,24,57,651,No,None,No,Medium
2026-12-23,00:30,City Center,290,52,Foggy,28,95,510,Yes,None,No,Medium
2026-10-23,12:15,College Road,332,51,Sunny,22,76,304,No,None,No,Medium
2026-01-05,12:30,MG Road,203,55,Cloudy,32,50,1298,Yes,None,No,Medium
2026-10-30,22:30,Station Road,158,63,Foggy,40,52,935,No,None,No,Low
2026-05-11,18:45,Station Road,385,43,Foggy,37,66,1773,Yes,Concert,No,High
2026-02-28,14:15,Bus Stand Road,51,73,Sunny,22,84,528,No,None,No,Low
2026-06-10,00:45,Airport Road,296,49,Foggy,20,73,1718,No,None,No,Medium
2026-10-09,09:00,City Center,638,22,Rainy,30,48,575,No,None,No,Very High
2026-07-12,04:00,Airport Road,334,42,Sunny,39,66,1532,No,None,No,Medium
2026-08-23,08:00,College Road,526,31,Foggy,30,59,1543,Yes,None,No,Very High
2026-04-09,11:45,Station Road,110,67,Sunny,37,61,1291,Yes,None,Yes,Low
2026-02-01,08:15,City Center,394,44,Foggy,27,94,1073,No,None,No,High
2026-01-29,05:15,Ring Road,115,73,Cloudy,20,47,759,Yes,None,No,Low
2026-07-28,07:15,College Road,294,56,Rainy,40,73,1684,Yes,None,No,Medium
2026-06-27,13:30,Bus Stand Road,242,60,Cloudy,27,49,1745,No,None,Yes,Medium
2026-08-16,18:30,City Center,552,21,Cloudy,26,64,1495,Yes,None,No,Very High
2026-01-03,02:00,Market Road,68,74,Foggy,32,78,1485,Yes,None,No,Low
2026-12-02,13:00,Bus Stand Road,282,50,Rainy,39,88,645,Yes,None,No,Medium
2026-05-29,19:30,MG Road,353,47,Foggy,38,45,330,Yes,None,Yes,High
2026-07-12,17:00,Airport Road,499,33,Sunny,29,67,303,Yes,Sports Match,No,High
2026-08-25,21:30,Bus Stand Road,291,50,Rainy,20,85,924,No,None,No,Medium
2026-09-19,02:30,Ring Road,83,69,Cloudy,33,48,383,Yes,None,No,Low
2026-07-11,17:15,City Center,406,40,Cloudy,22,45,1356,Yes,None,No,High
2026-03-26,21:00,Bus Stand Road,183,64,Sunny,39,92,1319,No,None,No,Medium
2026-03-12,22:30,Station Road,147,70,Foggy,39,43,1537,No,None,No,Low
2026-09-27,13:45,MG Road,286,47,Rainy,23,57,1331,Yes,None,No,Medium
2026-08-27,03:00,Station Road,95,76,Rainy,30,51,1792,Yes,None,No,Low
2026-08-12,08:45,Bus Stand Road,436,37,Cloudy,33,58,1741,No,None,No,High
2026-02-11,23:45,Station Road,272,54,Rainy,20,40,1475,Yes,None,No,Medium
2026-07-30,12:00,MG Road,138,63,Cloudy,36,57,1687,Yes,None,No,Low
2026-06-05,22:00,College Road,330,45,Cloudy,21,77,1153,Yes,None,No,Medium
2026-11-29,00:00,Market Road,110,69,Foggy,32,76,681,No,Festival,Yes,Low
2026-03-14,20:00,Market Road,170,61,Sunny,35,59,1183,No,None,No,Low
2026-10-15,17:15,MG Road,541,27,Rainy,24,53,1068,No,None,No,Very High
2026-05-22,15:00,Ring Road,100,74,Cloudy,30,79,1115,Yes,Festival,No,Low
2026-12-08,21:30,City Center,320,49,Rainy,25,57,1073,Yes,None,No,Medium
2026-10-29,17:00,MG Road,455,31,Rainy,21,44,1195,No,None,No,High
2026-06-25,19:15,Station Road,382,41,Sunny,38,91,1773,No,None,No,High
2026-06-10,08:15,MG Road,559,30,Cloudy,34,66,1663,No,Concert,No,Very High
2026-07-26,02:30,Market Road,79,73,Rainy,26,56,597,Yes,None,No,Low
2026-05-31,16:00,College Road,218,58,Sunny,40,57,1064,Yes,None,No,Medium
2026-07-13,16:45,Market Road,219,55,Foggy,29,40,565,No,None,No,Medium
2026-09-01,13:15,MG Road,99,75,Rainy,33,92,1051,No,None,No,Low
2026-04-14,04:30,Airport Road,160,69,Cloudy,30,86,1405,Yes,None,No,Low
2026-08-13,11:00,Bus Stand Road,73,77,Cloudy,20,42,1530,Yes,None,No,Low
2026-02-20,16:00,Ring Road,143,64,Cloudy,28,55,1273,Yes,None,No,Low
2026-08-14,11:45,College Road,223,63,Rainy,31,95,587,No,None,No,Medium
2026-04-24,04:15,Market Road,231,52,Foggy,37,85,1128,No,None,Yes,Medium
2026-07-13,10:00,Market Road,177,58,Rainy,20,74,355,No,None,No,Low
2026-09-01,16:15,Ring Road,139,71,Foggy,26,48,1269,No,None,No,Low
2026-01-18,19:30,Airport Road,393,44,Foggy,40,42,431,Yes,None,Yes,High
2026-03-16,10:15,College Road,113,68,Foggy,39,68,883,No,None,No,Low
2026-06-16,01:30,Airport Road,228,56,Sunny,26,93,806,No,None,No,Medium
2026-10-28,23:15,Station Road,338,48,Cloudy,22,64,1442,No,None,No,Medium
2026-06-23,03:00,MG Road,50,78,Sunny,27,59,1344,No,Concert,No,Low
2026-09-13,05:30,Station Road,297,48,Rainy,37,93,1080,Yes,None,No,Medium
2026-07-07,16:00,Station Road,330,51,Sunny,26,78,1687,No,None,No,Medium
2026-04-19,08:45,College Road,447,40,Cloudy,25,71,1486,Yes,None,No,High
2026-06-30,06:45,Airport Road,301,54,Cloudy,29,60,324,No,None,No,Medium
2026-01-15,01:15,MG Road,226,57,Sunny,30,66,1697,No,None,No,Medium
2026-02-05,15:45,Market Road,168,64,Foggy,23,46,545,Yes,Festival,No,Low
2026-03-16,21:45,MG Road,56,72,Foggy,20,53,1174,Yes,None,No,Low
2026-05-24,09:45,City Center,484,37,Sunny,30,87,1339,Yes,None,No,High
2026-06-14,22:45,MG Road,71,78,Rainy,39,46,362,Yes,None,No,Low
2026-02-24,15:15,Bus Stand Road,304,55,Cloudy,37,70,1691,Yes,None,No,Medium
2026-11-07,07:45,Airport Road,264,51,Sunny,35,82,1590,Yes,Festival,Yes,Medium
2026-03-10,22:45,Ring Road,56,77,Sunny,37,69,1083,Yes,None,No,Low
2026-11-06,22:30,Station Road,268,53,Rainy,39,64,364,No,Sports Match,No,Medium
2026-04-20,21:15,Station Road,89,77,Cloudy,32,72,1505,Yes,Festival,No,Low
2026-01-20,18:15,Ring Road,434,32,Rainy,27,75,622,No,None,No,High
2026-12-03,19:45,City Center,545,22,Sunny,27,76,1758,Yes,None,No,Very High
2026-03-04,00:00,Airport Road,109,73,Rainy,20,66,1159,No,None,No,Low
2026-12-07,00:00,Ring Road,71,70,Cloudy,29,68,834,Yes,None,No,Low
2026-07-16,05:45,College Road,140,64,Sunny,32,59,1496,Yes,None,No,Low
2026-03-21,07:00,Station Road,221,61,Rainy,37,93,1606,Yes,None,Yes,Medium
2026-12-13,09:30,Station Road,523,24,Foggy,22,44,1355,Yes,None,No,Very High
2026-05-18,04:45,Airport Road,202,56,Sunny,28,73,908,Yes,None,No,Medium
2026-03-31,02:45,Ring Road,215,62,Foggy,26,59,1561,Yes,None,No,Medium
2026-01-06,08:30,Bus Stand Road,552,24,Cloudy,31,47,1143,Yes,Concert,No,Very High
2026-08-26,05:15,College Road,165,65,Sunny,20,42,606,Yes,None,No,Low
2026-09-05,18:30,City Center,387,43,Cloudy,21,53,1622,Yes,None,No,High
2026-11-01,17:15,Bus Stand Road,372,44,Cloudy,40,74,592,No,None,No,High
2026-04-15,10:15,MG Road,294,54,Cloudy,35,70,1463,No,None,No,Medium
2026-04-22,21:30,Station Road,137,62,Foggy,36,47,1514,No,None,No,Low
2026-12-02,02:45,Market Road,280,57,Sunny,27,46,318,No,Concert,Yes,Medium
2026-12-26,18:00,Market Road,636,19,Sunny,34,62,329,No,None,No,Very High
2026-01-25,23:00,Bus Stand Road,243,53,Rainy,21,89,834,No,None,No,Medium
2026-05-09,13:45,Market Road,78,71,Cloudy,25,92,867,Yes,None,No,Low
2026-12-30,02:00,City Center,313,44,Cloudy,22,83,354,Yes,Concert,No,Medium
2026-03-24,14:30,City Center,220,59,Cloudy,40,71,1644,No,None,No,Medium
2026-02-23,22:45,Airport Road,87,71,Cloudy,31,57,614,Yes,None,No,Low
2026-07-21,07:15,Station Road,212,63,Foggy,28,95,1721,Yes,None,Yes,Medium
2026-06-04,21:45,City Center,116,65,Sunny,38,58,792,Yes,Festival,No,Low
2026-04-18,03:15,Bus Stand Road,155,68,Cloudy,33,93,943,No,None,No,Low
2026-02-11,15:45,Airport Road,269,58,Rainy,40,42,1429,No,None,No,Medium
2026-01-21,02:00,City Center,221,56,Sunny,30,93,891,No,Sports Match,No,Medium
2026-05-02,22:30,City Center,340,46,Rainy,30,83,1680,No,None,No,Medium
2026-02-24,13:00,Bus Stand Road,123,70,Sunny,36,76,426,Yes,None,No,Low
2026-04-09,15:15,Ring Road,65,69,Rainy,36,42,1560,Yes,None,No,Low
2026-07-19,07:00,City Center,139,68,Rainy,26,43,739,No,Festival,No,Low
2026-03-04,19:30,MG Road,519,34,Rainy,38,79,1141,Yes,None,No,Very High
2026-07-09,15:00,Ring Road,249,60,Foggy,35,89,1061,Yes,None,No,Medium
2026-10-29,04:30,Airport Road,221,61,Sunny,33,76,465,No,None,No,Medium
2026-01-25,16:00,Market Road,319,49,Cloudy,32,75,1192,No,None,No,Medium
2026-11-16,18:00,Bus Stand Road,525,31,Foggy,27,91,979,No,None,No,Very High
2026-05-22,01:30,City Center,98,69,Sunny,29,83,567,Yes,None,No,Low
2026-01-07,23:00,MG Road,50,70,Sunny,36,77,1032,No,Concert,No,Low
2026-07-03,14:45,College Road,69,71,Sunny,21,47,563,No,Concert,No,Low
2026-12-12,12:00,MG Road,59,71,Cloudy,27,93,1291,No,Sports Match,No,Low
2026-02-01,20:45,Bus Stand Road,228,59,Sunny,31,46,1033,No,None,No,Medium
2026-10-23,08:00,Market Road,642,17,Rainy,26,40,1610,Yes,None,No,Very High
2026-11-08,14:30,Bus Stand Road,170,64,Rainy,35,87,1436,Yes,None,No,Low
2026-03-14,00:00,Station Road,93,67,Rainy,31,71,1005,No,None,No,Low
2026-08-12,03:30,College Road,154,65,Foggy,36,60,1315,No,None,No,Low
2026-03-12,23:45,Ring Road,332,51,Sunny,23,91,1262,Yes,None,No,Medium
2026-05-07,10:15,Ring Road,314,52,Rainy,27,88,443,Yes,None,No,Medium
2026-09-14,00:15,Bus Stand Road,192,62,Sunny,33,71,1298,No,None,No,Medium
2026-11-13,10:45,Bus Stand Road,114,73,Cloudy,40,83,452,No,None,No,Low
2026-03-13,10:30,Airport Road,100,70,Rainy,22,48,1456,No,Sports Match,No,Low
2026-08-28,04:30,Market Road,267,57,Sunny,37,78,1320,No,None,No,Medium
2026-01-23,20:15,Airport Road,303,49,Foggy,22,83,717,No,None,No,Medium
2026-11-11,17:45,Ring Road,583,21,Sunny,39,56,1217,No,None,No,Very High
2026-08-16,16:00,Ring Road,75,72,Foggy,38,60,1760,No,None,Yes,Low
2026-11-25,03:00,City Center,164,65,Rainy,38,44,1658,No,None,No,Low
2026-08-03,03:30,Airport Road,233,54,Foggy,38,53,622,Yes,None,No,Medium
2026-09-10,03:45,Market Road,53,70,Cloudy,34,64,1491,No,Festival,No,Low
2026-03-28,06:00,MG Road,146,66,Foggy,23,87,1106,Yes,Festival,No,Low
2026-10-14,20:00,College Road,335,43,Cloudy,23,62,978,Yes,Festival,No,Medium
2026-07-28,05:30,MG Road,251,56,Sunny,24,86,1216,No,None,No,Medium
2026-10-23,22:30,Bus Stand Road,222,62,Sunny,37,77,1243,No,None,No,Medium
2026-09-27,04:30,Bus Stand Road,62,72,Foggy,32,81,729,No,None,No,Low
2026-11-16,20:00,Market Road,96,70,Rainy,31,46,1656,Yes,None,No,Low
2026-10-27,13:00,Station Road,123,66,Cloudy,23,41,386,Yes,None,No,Low
2026-01-03,17:45,Airport Road,396,36,Foggy,33,64,748,No,Sports Match,No,High
2026-10-03,22:30,College Road,280,50,Sunny,23,74,1684,Yes,None,No,Medium
2026-07-14,03:30,City Center,150,65,Cloudy,32,43,1437,Yes,Concert,No,Low
2026-10-09,07:15,College Road,207,65,Rainy,30,62,1521,Yes,None,No,Medium
2026-05-04,12:30,City Center,348,44,Foggy,21,86,1359,No,None,No,Medium
2026-11-15,12:15,City Center,327,43,Cloudy,28,68,422,No,None,No,Medium
2026-12-10,19:45,MG Road,418,39,Foggy,25,84,542,Yes,None,No,High
2026-02-13,13:30,Station Road,321,43,Sunny,26,48,328,No,None,No,Medium
2026-04-14,03:30,Ring Road,309,53,Cloudy,40,57,609,Yes,None,No,Medium
2026-10-26,22:45,Bus Stand Road,209,64,Cloudy,37,87,1369,No,None,No,Medium
2026-06-14,00:30,Market Road,346,42,Rainy,30,49,1488,No,None,No,Medium
2026-10-04,20:30,College Road,237,57,Foggy,37,71,1006,Yes,None,No,Medium
2026-10-11,06:15,Airport Road,248,53,Sunny,36,44,752,No,None,No,Medium
2026-04-26,01:15,Airport Road,293,55,Cloudy,40,67,381,No,Sports Match,No,Medium
2026-01-11,17:00,Station Road,532,25,Foggy,25,95,1639,Yes,None,No,Very High
2026-08-27,13:15,MG Road,137,72,Cloudy,34,80,1299,No,None,No,Low
2026-07-15,15:00,Bus Stand Road,119,73,Sunny,23,82,941,No,None,No,Low
2026-01-31,15:15,College Road,292,50,Foggy,22,43,1521,Yes,None,No,Medium
2026-09-26,16:30,City Center,298,48,Rainy,20,82,824,No,None,No,Medium
2026-06-27,20:00,Airport Road,55,71,Cloudy,23,58,953,Yes,None,No,Low
2026-12-15,03:45,College Road,178,67,Rainy,39,60,1275,Yes,Festival,No,Low
2026-12-05,07:15,Ring Road,211,58,Foggy,21,76,1391,No,None,No,Medium
2026-07-20,17:45,Bus Stand Road,398,41,Cloudy,28,42,1607,Yes,None,No,High
2026-11-10,13:30,City Center,221,63,Sunny,34,74,1557,Yes,None,No,Medium
2026-08-28,11:00,Market Road,126,63,Foggy,40,91,850,No,None,No,Low
2026-07-15,12:30,Station Road,301,54,Sunny,22,47,859,No,None,No,Medium
2026-05-15,03:45,Station Road,209,65,Foggy,29,51,322,No,None,No,Medium
2026-05-09,15:45,College Road,286,57,Sunny,26,80,1165,No,None,No,Medium
2026-07-22,07:45,Ring Road,326,45,Foggy,22,75,534,Yes,Festival,No,Medium
2026-07-29,06:30,Airport Road,145,68,Foggy,32,48,1097,Yes,None,No,Low
2026-10-22,16:00,College Road,311,44,Rainy,29,50,1421,No,None,No,Medium
2026-09-22,02:00,Market Road,288,52,Cloudy,27,44,1165,No,None,No,Medium
2026-10-01,14:45,Station Road,335,50,Foggy,34,74,1035,No,None,No,Medium
2026-06-07,02:15,College Road,178,66,Foggy,30,53,1287,No,Festival,No,Low
2026-12-29,03:45,College Road,200,59,Foggy,32,45,1159,Yes,None,No,Medium
2026-11-18,12:00,Ring Road,181,58,Cloudy,22,91,655,Yes,None,No,Medium
2026-08-27,16:00,City Center,228,57,Sunny,34,60,1178,No,None,No,Medium
2026-12-18,15:45,City Center,302,47,Sunny,35,88,1788,No,None,No,Medium
2026-04-29,13:30,Ring Road,149,70,Sunny,36,57,1393,No,None,No,Low
2026-02-04,04:15,Station Road,111,64,Sunny,22,80,818,Yes,None,No,Low
2026-05-04,01:30,Bus Stand Road,51,80,Rainy,29,56,1496,No,Festival,No,Low
